<?xml version="1.0" encoding="UTF-8"?>
<kml xmlns="http://www.opengis.net/kml/2.2"
     xmlns:gx="http://www.google.com/kml/ext/2.2"
     xmlns:kml="http://www.opengis.net/kml/2.2"
     xmlns:atom="http://www.w3.org/2005/Atom"
     xmlns:xsi="http://www.w3.org/2001/XMLSchema-instance">
<Document>
	<name>33kv_line.kml</name>
	<open>1</open>
	<atom:link rel="app" href="https://www.google.com/earth/about/versions/#earth-pro" title="Google Earth Pro 7.3.7.1327"></atom:link>
	<Style id="LineStyle00">
		<LabelStyle>
			<color>00000000</color>
			<scale>0</scale>
		</LabelStyle>
		<LineStyle>
			<color>ff00ffff</color>
			<width>3</width>
		</LineStyle>
		<PolyStyle>
			<color>00000000</color>
			<outline>0</outline>
		</PolyStyle>
	</Style>
	<Style id="LineStyle000">
		<LabelStyle>
			<color>00000000</color>
			<scale>0</scale>
		</LabelStyle>
		<LineStyle>
			<color>ff00ffff</color>
			<width>3</width>
		</LineStyle>
		<PolyStyle>
			<color>00000000</color>
			<outline>0</outline>
		</PolyStyle>
	</Style>
	<StyleMap id="LineStyle001">
		<Pair>
			<key>normal</key>
			<styleUrl>#LineStyle000</styleUrl>
		</Pair>
		<Pair>
			<key>highlight</key>
			<styleUrl>#LineStyle00</styleUrl>
		</Pair>
	</StyleMap>
	<Folder id="FeatureLayer0">
		<name>NGO1_33KV_All_Line_20250811</name>
		<open>1</open>
		<snippet></snippet>
		<description>NGO1_33KV_All_Line_20250811</description>
		<Placemark id="ID_00004">
			<name>Patnitala</name>
			<snippet></snippet>
			<description><![CDATA[<html xmlns:fo="http://www.w3.org/1999/XSL/Format" xmlns:msxsl="urn:schemas-microsoft-com:xslt">

<head>

<META http-equiv="Content-Type" content="text/html">

<meta http-equiv="content-type" content="text/html; charset=UTF-8">

</head>

<body style="margin:0px 0px 0px 0px;overflow:auto;background:#FFFFFF;">

<table style="font-family:Arial,Verdana,Times;font-size:12px;text-align:left;width:100%;border-collapse:collapse;padding:3px 3px 3px 3px">

<tr style="text-align:center;font-weight:bold;background:#9CBCE2">

<td>Naogaon PBS-2</td>

</tr>

<tr>

<td>

<table style="font-family:Arial,Verdana,Times;font-size:12px;text-align:left;width:100%;border-spacing:0px; padding:3px 3px 3px 3px">

<tr>

<td>PBS_Name</td>

<td>Naogaon PBS-2</td>

</tr>

<tr bgcolor="#D4E4F3">

<td>Surv_Date</td>

<td>2018-01-08</td>

</tr>

<tr>

<td>Proc_Date</td>

<td>2018-01-22</td>

</tr>

<tr bgcolor="#D4E4F3">

<td>Contd_Grid</td>

<td>Naogaon</td>

</tr>

<tr>

<td>Contd_SS</td>

<td>Dhamoirhat-1, Patnitala-1, Patnitala-2 &amp; Mohadebpur-3 (Matagihat)</td>

</tr>

<tr bgcolor="#D4E4F3">

<td>Feeder_N</td>

<td>Patnitala</td>

</tr>

<tr>

<td>Feeder_Typ</td>

<td>Main</td>

</tr>

<tr bgcolor="#D4E4F3">

<td>Circuit</td>

<td>1</td>

</tr>

<tr>

<td>Con_KV</td>

<td>33</td>

</tr>

<tr bgcolor="#D4E4F3">

<td>Con_Size</td>

<td>477 MCM</td>

</tr>

<tr>

<td>Spn_Len_M</td>

<td>0</td>

</tr>

<tr bgcolor="#D4E4F3">

<td>Length_M</td>

<td>4839.482001</td>

</tr>

<tr>

<td>Mileage_KM</td>

<td>4.839482</td>

</tr>

<tr bgcolor="#D4E4F3">

<td>Legend</td>

<td>Naogaon Grid-Patnitala</td>

</tr>

<tr>

<td>Assigned</td>

<td>JE (GIS)</td>

</tr>

<tr bgcolor="#D4E4F3">

<td>FY</td>

<td>2017-18</td>

</tr>

<tr>

<td>Remarks</td>

<td></td>

</tr>

<tr bgcolor="#D4E4F3">

<td>PkDemandMW</td>

<td>16</td>

</tr>

</table>

</td>

</tr>

</table>

</body><script type="text/javascript">

				function changeImage(attElement, nameElement) {

				document.getElementById('imageAttachment').src = attElement;

				document.getElementById('imageName').innerHTML = nameElement;}

			</script></html>]]></description>
			<styleUrl>#LineStyle001</styleUrl>
			<MultiGeometry>
				<LineString>
					<tessellate>1</tessellate>
					<coordinates>
						88.75830999984062,25.02593000023993,0 88.75817999987582,25.02523999942409,0 88.75804999979437,25.02448999981292,0 88.75795000066168,25.02381999978871,0 88.75775999979547,25.02317000010193,0 88.75755999973971,25.02237999969656,0 88.75735999944855,25.02170999964645,0 88.75712999996385,25.02092000001226,0 88.75693000013911,25.02020999997904,0 88.7567500003602,25.01952000011731,0 88.7565400006981,25.01881999984064,0 88.75634999986299,25.01813999979008,0 88.75621000011127,25.01735999948724,0 88.75609999965022,25.01659999976466,0 88.75595000051531,25.01575000033808,0 88.75579000024014,25.01497999958189,0 88.75567999926332,25.01418000000789,0 88.75551999943107,25.01330000013558,0 88.75537999979237,25.01243000007104,0 88.75523999965269,25.01166000027149,0 88.75510999993591,25.0108799997161,0 88.75497000046119,25.0100799999957,0 88.75482000028437,25.00931999981722,0 88.75469000027527,25.00853000047079,0 88.75456999942813,25.00772999954004,0 88.75444000016277,25.00703000053046,0 88.75430000052576,25.00629000001302,0 88.75417000008792,25.00557000003126,0 88.7540299997175,25.00475999950494,0 88.75390000007729,25.00403999991006,0 88.7537800018133,25.00333000019209,0 88.75369000013738,25.00280999937153,0 88.75355000022498,25.00206000027883,0 88.75341000009354,25.00126999989071,0 88.75327000080345,25.00046999940193,0 88.75312000005671,24.99957000017438,0 88.75295999957258,24.99868999981493,0 88.75281000036085,24.99780000058632,0 88.75268999978967,24.99703999988662,0 88.75249000009265,24.99635000042908,0 88.7522700001081,24.9956300001836,0 88.75211999952406,24.99500999914718,0 88.75199000006734,24.99447999987698,0 88.75176999969854,24.99372999990884,0 88.75170999991317,24.99315999990644,0 88.7516200002017,24.99244999986463,0 88.75151000055361,24.99156999981224,0 88.75142000043003,24.99081999921763,0 88.75131999906871,24.99000000004607,0 88.75121000011065,24.98915000060384,0 88.75111000059442,24.98841000051603,0 88.75103999953376,24.9876800000041,0 88.75091999989573,24.986890000161,0 88.75082999964827,24.98608000039411,0 88.75072000037805,24.98527000013152,0 88.75060999993931,24.98444999982483,0 88.75051999964448,24.9836199997948,0 88.75042999956189,24.98289000065658,0 
					</coordinates>
				</LineString>
			</MultiGeometry>
		</Placemark>
		<Placemark id="ID_00008">
			<name>Patnitala</name>
			<snippet></snippet>
			<description><![CDATA[<html xmlns:fo="http://www.w3.org/1999/XSL/Format" xmlns:msxsl="urn:schemas-microsoft-com:xslt">

<head>

<META http-equiv="Content-Type" content="text/html">

<meta http-equiv="content-type" content="text/html; charset=UTF-8">

</head>

<body style="margin:0px 0px 0px 0px;overflow:auto;background:#FFFFFF;">

<table style="font-family:Arial,Verdana,Times;font-size:12px;text-align:left;width:100%;border-collapse:collapse;padding:3px 3px 3px 3px">

<tr style="text-align:center;font-weight:bold;background:#9CBCE2">

<td>Naogaon PBS-2</td>

</tr>

<tr>

<td>

<table style="font-family:Arial,Verdana,Times;font-size:12px;text-align:left;width:100%;border-spacing:0px; padding:3px 3px 3px 3px">

<tr>

<td>PBS_Name</td>

<td>Naogaon PBS-2</td>

</tr>

<tr bgcolor="#D4E4F3">

<td>Surv_Date</td>

<td>2018-01-04</td>

</tr>

<tr>

<td>Proc_Date</td>

<td>2018-01-22</td>

</tr>

<tr bgcolor="#D4E4F3">

<td>Contd_Grid</td>

<td>Naogaon</td>

</tr>

<tr>

<td>Contd_SS</td>

<td>Dhamoirhat-1, Patnitala-1, Patnitala-2 &amp; Mohadebpur-3 (Matagihat)</td>

</tr>

<tr bgcolor="#D4E4F3">

<td>Feeder_N</td>

<td>Patnitala</td>

</tr>

<tr>

<td>Feeder_Typ</td>

<td>Main</td>

</tr>

<tr bgcolor="#D4E4F3">

<td>Circuit</td>

<td>1</td>

</tr>

<tr>

<td>Con_KV</td>

<td>33</td>

</tr>

<tr bgcolor="#D4E4F3">

<td>Con_Size</td>

<td>477 MCM</td>

</tr>

<tr>

<td>Spn_Len_M</td>

<td>0</td>

</tr>

<tr bgcolor="#D4E4F3">

<td>Length_M</td>

<td>3851.675436</td>

</tr>

<tr>

<td>Mileage_KM</td>

<td>3.851675</td>

</tr>

<tr bgcolor="#D4E4F3">

<td>Legend</td>

<td>Naogaon Grid-Patnitala</td>

</tr>

<tr>

<td>Assigned</td>

<td>JE (GIS)</td>

</tr>

<tr bgcolor="#D4E4F3">

<td>FY</td>

<td>2017-18</td>

</tr>

<tr>

<td>Remarks</td>

<td></td>

</tr>

<tr bgcolor="#D4E4F3">

<td>PkDemandMW</td>

<td>16</td>

</tr>

</table>

</td>

</tr>

</table>

</body><script type="text/javascript">

				function changeImage(attElement, nameElement) {

				document.getElementById('imageAttachment').src = attElement;

				document.getElementById('imageName').innerHTML = nameElement;}

			</script></html>]]></description>
			<styleUrl>#LineStyle001</styleUrl>
			<MultiGeometry>
				<LineString>
					<tessellate>1</tessellate>
					<coordinates>
						88.75055879771455,24.93734198850989,0 88.7507700007004,24.93728999943934,0 88.75144999950771,24.93714999995725,0 88.75207000008119,24.9369800000119,0 88.75266999979898,24.93685000034518,0 88.75312999985951,24.9367299996809,0 88.75374999960491,24.9366000005813,0 88.75450999950526,24.93642000051857,0 88.75518999995722,24.93624000013562,0 88.75598999977646,24.93604000023955,0 88.75676999997299,24.93621999959988,0 88.75733000014588,24.93631000065352,0 88.75805000043682,24.93646999956144,0 88.75864000009118,24.93614999922833,0 88.75924000017156,24.93585000021014,0 88.75999999918139,24.93549000040986,0 88.76063999946898,24.93515999972823,0 88.7611399999637,24.93494000019371,0 88.76159999956094,24.93470999992953,0 88.76207999960663,24.93445000057255,0 88.76267999986041,24.9340699994314,0 88.76298999989065,24.93377999987851,0 88.76345999944857,24.93348999952318,0 88.76391000035937,24.93326999962895,0 88.76437000076254,24.93301000071531,0 88.76490000045396,24.93273000050043,0 88.76541000002419,24.93243000010931,0 88.76587999918978,24.93219999973341,0 88.76635999994916,24.93193000008811,0 88.766879999872,24.93164999976009,0 88.76747999978934,24.93135999969874,0 88.76811000037601,24.93096999960153,0 88.76872999955938,24.93063000112862,0 88.76931999995979,24.93030999943422,0 88.76982000008613,24.93004999987327,0 88.77046999983133,24.92970000042941,0 88.77096999989786,24.92943999990649,0 88.77160000014487,24.92910000034374,0 88.77210999983274,24.9287600005671,0 88.77290000011212,24.92843999955045,0 88.77339999932862,24.92785999960891,0 88.77381000014265,24.92746999974167,0 88.77451000002375,24.92739000032488,0 88.77520000053389,24.92732000011431,0 88.77592999985576,24.92728999968084,0 88.77665000027925,24.92722999987638,0 88.77738000075031,24.92717000014459,0 88.77810000032169,24.92712000042783,0 88.77883000007566,24.92705000016463,0 88.77945999973475,24.92699000024734,0 88.780169999686,24.92690999953828,0 88.78092999957236,24.92679999989585,0 88.78160000036165,24.9267099993471,0 88.78235000002303,24.92662000064439,0 88.78300000005345,24.92653999993081,0 88.78376000036,24.92643000048267,0 88.78450000029747,24.92634000062212,0 88.78520999996144,24.92624000007793,0 88.78537999997079,24.92612000035286,0 
					</coordinates>
				</LineString>
			</MultiGeometry>
		</Placemark>
		<Placemark id="ID_00007">
			<name>Patnitala</name>
			<snippet></snippet>
			<description><![CDATA[<html xmlns:fo="http://www.w3.org/1999/XSL/Format" xmlns:msxsl="urn:schemas-microsoft-com:xslt">

<head>

<META http-equiv="Content-Type" content="text/html">

<meta http-equiv="content-type" content="text/html; charset=UTF-8">

</head>

<body style="margin:0px 0px 0px 0px;overflow:auto;background:#FFFFFF;">

<table style="font-family:Arial,Verdana,Times;font-size:12px;text-align:left;width:100%;border-collapse:collapse;padding:3px 3px 3px 3px">

<tr style="text-align:center;font-weight:bold;background:#9CBCE2">

<td>Naogaon PBS-2</td>

</tr>

<tr>

<td>

<table style="font-family:Arial,Verdana,Times;font-size:12px;text-align:left;width:100%;border-spacing:0px; padding:3px 3px 3px 3px">

<tr>

<td>PBS_Name</td>

<td>Naogaon PBS-2</td>

</tr>

<tr bgcolor="#D4E4F3">

<td>Surv_Date</td>

<td>2018-01-03</td>

</tr>

<tr>

<td>Proc_Date</td>

<td>2018-01-22</td>

</tr>

<tr bgcolor="#D4E4F3">

<td>Contd_Grid</td>

<td>Naogaon</td>

</tr>

<tr>

<td>Contd_SS</td>

<td>Dhamoirhat-1, Patnitala-1, Patnitala-2, Mohadebpur-3 (Matagihat) &amp; Mohadebpur-6 (Joanpur)</td>

</tr>

<tr bgcolor="#D4E4F3">

<td>Feeder_N</td>

<td>Patnitala</td>

</tr>

<tr>

<td>Feeder_Typ</td>

<td>Main</td>

</tr>

<tr bgcolor="#D4E4F3">

<td>Circuit</td>

<td>1</td>

</tr>

<tr>

<td>Con_KV</td>

<td>33</td>

</tr>

<tr bgcolor="#D4E4F3">

<td>Con_Size</td>

<td>477 MCM</td>

</tr>

<tr>

<td>Spn_Len_M</td>

<td>0</td>

</tr>

<tr bgcolor="#D4E4F3">

<td>Length_M</td>

<td>1109.636579</td>

</tr>

<tr>

<td>Mileage_KM</td>

<td>1.109637</td>

</tr>

<tr bgcolor="#D4E4F3">

<td>Legend</td>

<td>Naogaon Grid-Patnitala</td>

</tr>

<tr>

<td>Assigned</td>

<td>JE (GIS)</td>

</tr>

<tr bgcolor="#D4E4F3">

<td>FY</td>

<td>2017-18</td>

</tr>

<tr>

<td>Remarks</td>

<td></td>

</tr>

<tr bgcolor="#D4E4F3">

<td>PkDemandMW</td>

<td>16</td>

</tr>

</table>

</td>

</tr>

</table>

</body><script type="text/javascript">

				function changeImage(attElement, nameElement) {

				document.getElementById('imageAttachment').src = attElement;

				document.getElementById('imageName').innerHTML = nameElement;}

			</script></html>]]></description>
			<styleUrl>#LineStyle001</styleUrl>
			<MultiGeometry>
				<LineString>
					<tessellate>1</tessellate>
					<coordinates>
						88.78537999997079,24.92612000035286,0 88.78564999943774,24.92589999989082,0 88.78591999954237,24.92579999997436,0 88.78636000026141,24.92544000005127,0 88.78690999918116,24.92505999964822,0 88.78749999973752,24.92463999970175,0 88.78802000021001,24.92427000019883,0 88.78854000049535,24.92385999989732,0 88.78904000075251,24.92342000029882,0 88.7896000005576,24.92298999991345,0 88.7901200003848,24.92256000037242,0 88.79067000015182,24.92211000034316,0 88.79125000026063,24.92164000041396,0 88.79184000030958,24.92117000006524,0 88.79239999982846,24.9207099996359,0 88.79280000026995,24.9203899998595,0 88.79329999976758,24.92000000032002,0 88.79372000029015,24.91962999988259,0 
					</coordinates>
				</LineString>
			</MultiGeometry>
		</Placemark>
		<Placemark id="ID_00006">
			<name>Patnitala</name>
			<snippet></snippet>
			<description><![CDATA[<html xmlns:fo="http://www.w3.org/1999/XSL/Format" xmlns:msxsl="urn:schemas-microsoft-com:xslt">

<head>

<META http-equiv="Content-Type" content="text/html">

<meta http-equiv="content-type" content="text/html; charset=UTF-8">

</head>

<body style="margin:0px 0px 0px 0px;overflow:auto;background:#FFFFFF;">

<table style="font-family:Arial,Verdana,Times;font-size:12px;text-align:left;width:100%;border-collapse:collapse;padding:3px 3px 3px 3px">

<tr style="text-align:center;font-weight:bold;background:#9CBCE2">

<td>Naogaon PBS-2</td>

</tr>

<tr>

<td>

<table style="font-family:Arial,Verdana,Times;font-size:12px;text-align:left;width:100%;border-spacing:0px; padding:3px 3px 3px 3px">

<tr>

<td>PBS_Name</td>

<td>Naogaon PBS-2</td>

</tr>

<tr bgcolor="#D4E4F3">

<td>Surv_Date</td>

<td>2020-11-28</td>

</tr>

<tr>

<td>Proc_Date</td>

<td>2020-12-28</td>

</tr>

<tr bgcolor="#D4E4F3">

<td>Contd_Grid</td>

<td>Naogaon</td>

</tr>

<tr>

<td>Contd_SS</td>

<td>Mohadebpur-6 (Joanpur)</td>

</tr>

<tr bgcolor="#D4E4F3">

<td>Feeder_N</td>

<td>Patnitala</td>

</tr>

<tr>

<td>Feeder_Typ</td>

<td>Main</td>

</tr>

<tr bgcolor="#D4E4F3">

<td>Circuit</td>

<td>1</td>

</tr>

<tr>

<td>Con_KV</td>

<td>33</td>

</tr>

<tr bgcolor="#D4E4F3">

<td>Con_Size</td>

<td>477 MCM</td>

</tr>

<tr>

<td>Spn_Len_M</td>

<td>0</td>

</tr>

<tr bgcolor="#D4E4F3">

<td>Length_M</td>

<td>437.493469</td>

</tr>

<tr>

<td>Mileage_KM</td>

<td>0.437493</td>

</tr>

<tr bgcolor="#D4E4F3">

<td>Legend</td>

<td>Naogaon Grid-Patnitala</td>

</tr>

<tr>

<td>Assigned</td>

<td>JE (GIS)</td>

</tr>

<tr bgcolor="#D4E4F3">

<td>FY</td>

<td>2020-21</td>

</tr>

<tr>

<td>Remarks</td>

<td></td>

</tr>

<tr bgcolor="#D4E4F3">

<td>PkDemandMW</td>

<td>16</td>

</tr>

</table>

</td>

</tr>

</table>

</body><script type="text/javascript">

				function changeImage(attElement, nameElement) {

				document.getElementById('imageAttachment').src = attElement;

				document.getElementById('imageName').innerHTML = nameElement;}

			</script></html>]]></description>
			<styleUrl>#LineStyle001</styleUrl>
			<MultiGeometry>
				<LineString>
					<tessellate>1</tessellate>
					<coordinates>
						88.78537999997079,24.92612000035286,0 88.7855099994668,24.92653999941728,0 88.78564000075141,24.92690000049459,0 88.78574999986141,24.9272199999951,0 88.78623000017106,24.92724999995298,0 88.78663999927356,24.92727999972866,0 88.78710000067944,24.92735000007886,0 88.78753000041105,24.92739999995606,0 88.78792999940238,24.92745999984431,0 88.78834000012607,24.92750000005775,0 88.78868000038196,24.92755000033119,0 88.78879000016427,24.9275199997999,0 
					</coordinates>
				</LineString>
			</MultiGeometry>
		</Placemark>
		<Placemark id="ID_00005">
			<name>Patnitala</name>
			<snippet></snippet>
			<description><![CDATA[<html xmlns:fo="http://www.w3.org/1999/XSL/Format" xmlns:msxsl="urn:schemas-microsoft-com:xslt">

<head>

<META http-equiv="Content-Type" content="text/html">

<meta http-equiv="content-type" content="text/html; charset=UTF-8">

</head>

<body style="margin:0px 0px 0px 0px;overflow:auto;background:#FFFFFF;">

<table style="font-family:Arial,Verdana,Times;font-size:12px;text-align:left;width:100%;border-collapse:collapse;padding:3px 3px 3px 3px">

<tr style="text-align:center;font-weight:bold;background:#9CBCE2">

<td>Naogaon PBS-2</td>

</tr>

<tr>

<td>

<table style="font-family:Arial,Verdana,Times;font-size:12px;text-align:left;width:100%;border-spacing:0px; padding:3px 3px 3px 3px">

<tr>

<td>PBS_Name</td>

<td>Naogaon PBS-2</td>

</tr>

<tr bgcolor="#D4E4F3">

<td>Surv_Date</td>

<td>2018-05-20</td>

</tr>

<tr>

<td>Proc_Date</td>

<td>2018-05-21</td>

</tr>

<tr bgcolor="#D4E4F3">

<td>Contd_Grid</td>

<td>Naogaon</td>

</tr>

<tr>

<td>Contd_SS</td>

<td>Dhamoirhat-1, Patnitala-1, Patnitala-2, Mohadebpur-3 (Matagihat) &amp; Mohadebpur-6 (Joanpur)</td>

</tr>

<tr bgcolor="#D4E4F3">

<td>Feeder_N</td>

<td>Patnitala</td>

</tr>

<tr>

<td>Feeder_Typ</td>

<td>Main</td>

</tr>

<tr bgcolor="#D4E4F3">

<td>Circuit</td>

<td>1</td>

</tr>

<tr>

<td>Con_KV</td>

<td>33</td>

</tr>

<tr bgcolor="#D4E4F3">

<td>Con_Size</td>

<td>477 MCM</td>

</tr>

<tr>

<td>Spn_Len_M</td>

<td>0</td>

</tr>

<tr bgcolor="#D4E4F3">

<td>Length_M</td>

<td>4909.617259</td>

</tr>

<tr>

<td>Mileage_KM</td>

<td>4.909617</td>

</tr>

<tr bgcolor="#D4E4F3">

<td>Legend</td>

<td>Naogaon Grid-Patnitala</td>

</tr>

<tr>

<td>Assigned</td>

<td>JE (GIS)</td>

</tr>

<tr bgcolor="#D4E4F3">

<td>FY</td>

<td>2017-18</td>

</tr>

<tr>

<td>Remarks</td>

<td></td>

</tr>

<tr bgcolor="#D4E4F3">

<td>PkDemandMW</td>

<td>16</td>

</tr>

</table>

</td>

</tr>

</table>

</body><script type="text/javascript">

				function changeImage(attElement, nameElement) {

				document.getElementById('imageAttachment').src = attElement;

				document.getElementById('imageName').innerHTML = nameElement;}

			</script></html>]]></description>
			<styleUrl>#LineStyle001</styleUrl>
			<MultiGeometry>
				<LineString>
					<tessellate>1</tessellate>
					<coordinates>
						88.97144000036614,24.81554000051971,0 88.97149000084136,24.81551000077773,0 88.97195000041937,24.8152900002896,0 88.97244000028515,24.81524000020332,0 88.97262999908394,24.81492000029562,0 88.9729599996374,24.81433999949301,0 88.97338999980522,24.81364000033521,0 88.97366999936027,24.81312000070138,0 88.97401999919076,24.81253000012298,0 88.97433000030205,24.81197000011049,0 88.97443999966376,24.81150000006967,0 88.9744699999537,24.81101000071259,0 88.97432999944095,24.8104800002513,0 88.97424000034462,24.81016999935711,0 88.97409999987551,24.80967999992818,0 88.97394000040919,24.80923999947499,0 88.97381999950066,24.80869000029747,0 88.97366000031853,24.80811000031571,0 88.97347999980657,24.80745000025828,0 88.97328999994723,24.8067799998413,0 88.97313999984922,24.80620999983934,0 88.97355000018297,24.80564000019846,0 88.97385000038794,24.80527999969724,0 88.97391000002557,24.80521999969316,0 88.97423999980664,24.80480000081411,0 88.97477000004052,24.8042400004747,0 88.97518999941494,24.80380999932908,0 88.97571000040658,24.80325999998117,0 88.97601000006387,24.80269000025808,0 88.97636000007117,24.80208999983309,0 88.97678000012469,24.80139999967119,0 88.97733000050258,24.80078999991138,0 88.97765999916977,24.80041000030537,0 88.97819999959974,24.7998100000236,0 88.97844000002969,24.79955000061901,0 88.9789999999515,24.79893999944016,0 88.97958999974776,24.79829999987805,0 88.97953999983568,24.7975800005153,0 88.97951999973482,24.79703999979347,0 88.97947999980283,24.79631999974334,0 88.97945999969933,24.79570999988772,0 88.97941000001106,24.79504999998505,0 88.97869000003355,24.79497000011969,0 88.97796999964665,24.79490999970185,0 88.97738999924958,24.79486999998315,0 88.97655999991058,24.79480000017531,0 88.97581999962846,24.79471999957737,0 88.97519000010368,24.79466999961248,0 88.97457000034966,24.79462000040212,0 88.97390000073531,24.79454999988334,0 88.97316000000312,24.7944899997858,0 88.97252000066399,24.79446000055967,0 88.97180999998521,24.79438999976164,0 88.97103000005606,24.79432999980009,0 88.97040000029605,24.79428000020708,0 88.96952000021638,24.79418999978212,0 88.96870999916854,24.79412000049394,0 88.96796999965014,24.79407000076541,0 88.96764000036735,24.79462000075819,0 88.9672699999436,24.79517999998316,0 88.96697000059542,24.79565999936611,0 88.9665899992322,24.79622999969921,0 88.96628000024917,24.79676999945048,0 88.9659899997838,24.79722000063155,0 88.96565000001598,24.79791999993145,0 88.9652799997273,24.7983200003118,0 88.96531000054243,24.79897000002735,0 88.96532000010086,24.7995699998049,0 88.96534000022768,24.80026999982517,0 88.96489999969515,24.80069000056315,0 88.96455999980572,24.8010299998483,0 88.96428999993455,24.80134000042429,0 88.96425999960417,24.80174999966987,0 88.96425000010471,24.8019600000569,0 88.96426999914617,24.80206999930182,0 88.96421999961018,24.80248000025025,0 88.96419999921058,24.80277999987393,0 88.96387218326936,24.8026773684491,0 
					</coordinates>
				</LineString>
			</MultiGeometry>
		</Placemark>
		<Placemark id="ID_00004">
			<name>Patnitala</name>
			<snippet></snippet>
			<description><![CDATA[<html xmlns:fo="http://www.w3.org/1999/XSL/Format" xmlns:msxsl="urn:schemas-microsoft-com:xslt">

<head>

<META http-equiv="Content-Type" content="text/html">

<meta http-equiv="content-type" content="text/html; charset=UTF-8">

</head>

<body style="margin:0px 0px 0px 0px;overflow:auto;background:#FFFFFF;">

<table style="font-family:Arial,Verdana,Times;font-size:12px;text-align:left;width:100%;border-collapse:collapse;padding:3px 3px 3px 3px">

<tr style="text-align:center;font-weight:bold;background:#9CBCE2">

<td>Naogaon PBS-2</td>

</tr>

<tr>

<td>

<table style="font-family:Arial,Verdana,Times;font-size:12px;text-align:left;width:100%;border-spacing:0px; padding:3px 3px 3px 3px">

<tr>

<td>PBS_Name</td>

<td>Naogaon PBS-2</td>

</tr>

<tr bgcolor="#D4E4F3">

<td>Surv_Date</td>

<td>2018-01-03</td>

</tr>

<tr>

<td>Proc_Date</td>

<td>2018-01-22</td>

</tr>

<tr bgcolor="#D4E4F3">

<td>Contd_Grid</td>

<td>Naogaon</td>

</tr>

<tr>

<td>Contd_SS</td>

<td>Dhamoirhat-1, Patnitala-1, Patnitala-2 &amp; Mohadebpur-3 (Matagihat)</td>

</tr>

<tr bgcolor="#D4E4F3">

<td>Feeder_N</td>

<td>Patnitala</td>

</tr>

<tr>

<td>Feeder_Typ</td>

<td>Main</td>

</tr>

<tr bgcolor="#D4E4F3">

<td>Circuit</td>

<td>1</td>

</tr>

<tr>

<td>Con_KV</td>

<td>33</td>

</tr>

<tr bgcolor="#D4E4F3">

<td>Con_Size</td>

<td>477 MCM</td>

</tr>

<tr>

<td>Spn_Len_M</td>

<td>0</td>

</tr>

<tr bgcolor="#D4E4F3">

<td>Length_M</td>

<td>5144.797297</td>

</tr>

<tr>

<td>Mileage_KM</td>

<td>5.144797</td>

</tr>

<tr bgcolor="#D4E4F3">

<td>Legend</td>

<td>Naogaon Grid-Patnitala</td>

</tr>

<tr>

<td>Assigned</td>

<td>JE (GIS)</td>

</tr>

<tr bgcolor="#D4E4F3">

<td>FY</td>

<td>2017-18</td>

</tr>

<tr>

<td>Remarks</td>

<td></td>

</tr>

<tr bgcolor="#D4E4F3">

<td>PkDemandMW</td>

<td>16</td>

</tr>

</table>

</td>

</tr>

</table>

</body><script type="text/javascript">

				function changeImage(attElement, nameElement) {

				document.getElementById('imageAttachment').src = attElement;

				document.getElementById('imageName').innerHTML = nameElement;}

			</script></html>]]></description>
			<styleUrl>#LineStyle001</styleUrl>
			<MultiGeometry>
				<LineString>
					<tessellate>1</tessellate>
					<coordinates>
						88.75042999956189,24.98289000065658,0 88.75032000054919,24.98219999941848,0 88.75023000014902,24.98165000067032,0 88.75012999942844,24.98094000008016,0 88.75001000030635,24.98023999960876,0 88.74990999945352,24.97953999939381,0 88.7498100001139,24.978830000044,0 88.74967000056047,24.97803000002461,0 88.7496100006549,24.97734000008526,0 88.74957999989374,24.97657999962498,0 88.74952000000918,24.97573999993087,0 88.74947000014517,24.97497000067012,0 88.74942999926375,24.97419000037561,0 88.74940000022427,24.97333999991064,0 88.74933000033664,24.97253000032159,0 88.74928999996145,24.97197000009918,0 88.74926999993357,24.97123000029162,0 88.7492099995912,24.97042000020337,0 88.74918000055922,24.96972000068088,0 88.74911999998417,24.96892000021271,0 88.74909000020885,24.96813999982948,0 88.74902000007137,24.96730999964939,0 88.74897000024873,24.96649999970105,0 88.74895999916659,24.96576999990173,0 88.74897999961347,24.96501000008168,0 88.74899999929912,24.96439999998969,0 88.74900000067638,24.96375999865904,0 88.74904000057212,24.96299000039672,0 88.74906000036289,24.96229999942814,0 88.74910999959178,24.96177000048549,0 88.74909999984422,24.9610800006561,0 88.74912999997883,24.96037000059863,0 88.74915000033509,24.95965999969032,0 88.74918000054056,24.9588700005579,0 88.74918999974105,24.95810999939169,0 88.74922000004121,24.95739000014038,0 88.74923999975543,24.95660000002388,0 88.74926999958569,24.95574999958685,0 88.74928999987384,24.95505000000852,0 88.74929999993424,24.95434999957644,0 88.74932000036981,24.95351000070861,0 88.74936999966857,24.95269000034044,0 88.74906999976322,24.95197000081455,0 88.74877999998763,24.95120999998707,0 88.7485000004507,24.95052000023171,0 88.74856000027633,24.95015999970736,0 88.74862000001353,24.94973999985443,0 88.74873999962878,24.94925999951626,0 88.74885000003786,24.948740000498,0 88.74897999961308,24.94809000009298,0 88.74914000010304,24.94731999985605,0 88.74931999946607,24.94654000034571,0 88.74930999913308,24.94594999992558,0 88.74931999940158,24.94505000010195,0 88.74932000038586,24.94474999985093,0 88.74961999997815,24.94441000048768,0 88.74931999941558,24.94374000029987,0 88.74916000011989,24.94314999958848,0 88.74945999956978,24.94245000008057,0 88.74950000037116,24.94174000035179,0 88.74958999947337,24.94106999980352,0 88.74960999971483,24.94044000016133,0 88.74974000009163,24.9394300001285,0 88.74977999937393,24.93854000030074,0 88.74986999936233,24.93782000000493,0 88.75012000020538,24.93744999991647,0 88.75055879771455,24.93734198850989,0 
					</coordinates>
				</LineString>
			</MultiGeometry>
		</Placemark>
		<Placemark id="ID_00003">
			<name>Patnitala</name>
			<snippet></snippet>
			<description><![CDATA[<html xmlns:fo="http://www.w3.org/1999/XSL/Format" xmlns:msxsl="urn:schemas-microsoft-com:xslt">

<head>

<META http-equiv="Content-Type" content="text/html">

<meta http-equiv="content-type" content="text/html; charset=UTF-8">

</head>

<body style="margin:0px 0px 0px 0px;overflow:auto;background:#FFFFFF;">

<table style="font-family:Arial,Verdana,Times;font-size:12px;text-align:left;width:100%;border-collapse:collapse;padding:3px 3px 3px 3px">

<tr style="text-align:center;font-weight:bold;background:#9CBCE2">

<td>Naogaon PBS-2</td>

</tr>

<tr>

<td>

<table style="font-family:Arial,Verdana,Times;font-size:12px;text-align:left;width:100%;border-spacing:0px; padding:3px 3px 3px 3px">

<tr>

<td>PBS_Name</td>

<td>Naogaon PBS-2</td>

</tr>

<tr bgcolor="#D4E4F3">

<td>Surv_Date</td>

<td>2017-12-21</td>

</tr>

<tr>

<td>Proc_Date</td>

<td>2017-12-26</td>

</tr>

<tr bgcolor="#D4E4F3">

<td>Contd_Grid</td>

<td>Naogaon</td>

</tr>

<tr>

<td>Contd_SS</td>

<td>Dhamoirhat-1, Patnitala-1, Patnitala-2, Mohadebpur-3 (Matagihat) &amp; Mohadebpur-6 (Joanpur)</td>

</tr>

<tr bgcolor="#D4E4F3">

<td>Feeder_N</td>

<td>Patnitala</td>

</tr>

<tr>

<td>Feeder_Typ</td>

<td>Main</td>

</tr>

<tr bgcolor="#D4E4F3">

<td>Circuit</td>

<td>1</td>

</tr>

<tr>

<td>Con_KV</td>

<td>33</td>

</tr>

<tr bgcolor="#D4E4F3">

<td>Con_Size</td>

<td>477 MCM</td>

</tr>

<tr>

<td>Spn_Len_M</td>

<td>0</td>

</tr>

<tr bgcolor="#D4E4F3">

<td>Length_M</td>

<td>8065.451587</td>

</tr>

<tr>

<td>Mileage_KM</td>

<td>8.065452</td>

</tr>

<tr bgcolor="#D4E4F3">

<td>Legend</td>

<td>Naogaon Grid-Patnitala</td>

</tr>

<tr>

<td>Assigned</td>

<td>JE (GIS)</td>

</tr>

<tr bgcolor="#D4E4F3">

<td>FY</td>

<td>2017-18</td>

</tr>

<tr>

<td>Remarks</td>

<td></td>

</tr>

<tr bgcolor="#D4E4F3">

<td>PkDemandMW</td>

<td>16</td>

</tr>

</table>

</td>

</tr>

</table>

</body><script type="text/javascript">

				function changeImage(attElement, nameElement) {

				document.getElementById('imageAttachment').src = attElement;

				document.getElementById('imageName').innerHTML = nameElement;}

			</script></html>]]></description>
			<styleUrl>#LineStyle001</styleUrl>
			<MultiGeometry>
				<LineString>
					<tessellate>1</tessellate>
					<coordinates>
						88.79372000029015,24.91962999988259,0 88.79408999962591,24.91934000056629,0 88.7945500005346,24.91897999931379,0 88.7951699994918,24.91873000037319,0 88.79575999992373,24.91849999961226,0 88.79642999998728,24.91821000006958,0 88.79696999938865,24.91796999981997,0 88.79779999945326,24.91765000020379,0 88.79825000000679,24.91747000045939,0 88.79884000011869,24.91724000061718,0 88.79946999997772,24.91695999999376,0 88.80009000083641,24.91671000032228,0 88.80078000047915,24.91644000002285,0 88.80148000060341,24.91614000027469,0 88.80214999969026,24.91587999966141,0 88.8028499997712,24.91560000043153,0 88.80352000080856,24.91533000045546,0 88.80415000033737,24.91507999991998,0 88.80482000038411,24.91479000029742,0 88.80553000041883,24.91450999972577,0 88.80612000027658,24.91434000031886,0 88.80681000006068,24.91417000018101,0 88.80745000051937,24.91397999965307,0 88.80820999998946,24.91380000072036,0 88.80881000015191,24.91358000018968,0 88.80975000001754,24.91336999990696,0 88.81025000004746,24.91322999999574,0 88.81077999984127,24.91307000032761,0 88.81152999957695,24.91285999978072,0 88.81207999974895,24.91270999969353,0 88.81276000080699,24.91252000003289,0 88.81365999951741,24.91226000037959,0 88.81445999986344,24.91187999993111,0 88.81510000048526,24.91151999976401,0 88.81575999978352,24.91120999929966,0 88.81643000028224,24.91086000002851,0 88.817159999453,24.91050999979134,0 88.81777999905452,24.91018000040281,0 88.81836999943314,24.90988000053447,0 88.81899999992278,24.90956000044531,0 88.81964000014077,24.90922999979841,0 88.82036000009907,24.90886000076517,0 88.82103999984328,24.90852999992622,0 88.82169000014179,24.90819999969266,0 88.82235000035092,24.90815999963144,0 88.82285000012743,24.90808999994014,0 88.82366000021764,24.90805000033151,0 88.82444999993665,24.90798999975898,0 88.82514000038735,24.90793999988266,0 88.82586999973134,24.90786000012022,0 88.82652999952005,24.90783000029669,0 88.82714000012921,24.90779000025179,0 88.82791000028023,24.90780000020909,0 88.82864999995994,24.90779000004241,0 88.82939999948455,24.90780000011928,0 88.83013999975034,24.90780999996487,0 88.83086000049336,24.90781000008542,0 88.83160999971273,24.9078199998559,0 88.83240999964752,24.90783000075284,0 88.83320999914227,24.90782999952198,0 88.83394999986284,24.90783999936624,0 88.83470999983157,24.90785000044336,0 88.83542000000143,24.90779999959139,0 88.83614000058404,24.90785999992289,0 88.83694999995141,24.90786999952958,0 88.83769000021302,24.90787999972894,0 88.83849999963765,24.9078799994016,0 88.83926999928065,24.90787999962871,0 88.84003999969208,24.90787999947604,0 88.84069999954225,24.90787000031463,0 88.84143999908784,24.90787999993035,0 88.84210999966378,24.90789000023563,0 88.84265999975783,24.90791000033725,0 88.84328000040082,24.90790000011071,0 88.84396999984159,24.90789999981701,0 88.84468999995288,24.90791999995109,0 88.84535000078029,24.90791999962827,0 88.84605999941157,24.90792999994015,0 88.84673999961136,24.90794000003766,0 88.84739999999897,24.90796000063012,0 88.84801000051309,24.90776000061402,0 88.84862000047673,24.90756999957543,0 88.84922000032911,24.90732999946133,0 88.84981999970249,24.90714999990459,0 88.85039000052781,24.90699000015226,0 88.85098000051855,24.9067600004073,0 88.85153000024322,24.90657999999362,0 88.85211999913653,24.90639999917619,0 88.85263999942542,24.90623000042226,0 88.85319000017675,24.90602999945472,0 88.85389999979215,24.90578999996848,0 88.85456000018415,24.90559999930584,0 88.85510999977778,24.90541000010082,0 88.85585000058536,24.90519999987666,0 88.85643000086,24.90502000043595,0 88.85712000013092,24.9048299999243,0 88.85784999933172,24.90463999995517,0 88.85844999987228,24.90445000057384,0 88.85905999999733,24.90428000058646,0 88.85966999974252,24.90411999952671,0 88.86029000053929,24.90394000039986,0 88.86089999968031,24.90376000079078,0 88.86138999992664,24.90363999963705,0 88.86202000047879,24.90345000008249,0 88.86271999987176,24.9033499996969,0 88.8635399999803,24.90324999980268,0 88.86425999937737,24.90318000005698,0 88.86494000052217,24.90308000012777,0 88.86568999981795,24.9029900003371,0 88.86630999958243,24.90290999998206,0 88.86702999958023,24.90281999969774,0 88.86767999996859,24.90272000009172,0 88.86834000017292,24.90265000006131,0 88.86903000044339,24.90258999986206,0 88.86975999982349,24.90235999993668,0 
					</coordinates>
				</LineString>
			</MultiGeometry>
		</Placemark>
		<Placemark id="ID_00002">
			<name>Patnitala</name>
			<snippet></snippet>
			<description><![CDATA[<html xmlns:fo="http://www.w3.org/1999/XSL/Format" xmlns:msxsl="urn:schemas-microsoft-com:xslt">

<head>

<META http-equiv="Content-Type" content="text/html">

<meta http-equiv="content-type" content="text/html; charset=UTF-8">

</head>

<body style="margin:0px 0px 0px 0px;overflow:auto;background:#FFFFFF;">

<table style="font-family:Arial,Verdana,Times;font-size:12px;text-align:left;width:100%;border-collapse:collapse;padding:3px 3px 3px 3px">

<tr style="text-align:center;font-weight:bold;background:#9CBCE2">

<td>Naogaon PBS-2</td>

</tr>

<tr>

<td>

<table style="font-family:Arial,Verdana,Times;font-size:12px;text-align:left;width:100%;border-spacing:0px; padding:3px 3px 3px 3px">

<tr>

<td>PBS_Name</td>

<td>Naogaon PBS-2</td>

</tr>

<tr bgcolor="#D4E4F3">

<td>Surv_Date</td>

<td>2017-12-20</td>

</tr>

<tr>

<td>Proc_Date</td>

<td>2017-12-26</td>

</tr>

<tr bgcolor="#D4E4F3">

<td>Contd_Grid</td>

<td>Naogaon</td>

</tr>

<tr>

<td>Contd_SS</td>

<td>Dhamoirhat-1, Patnitala-1, Patnitala-2, Mohadebpur-3 (Matagihat) &amp; Mohadebpur-6 (Joanpur)</td>

</tr>

<tr bgcolor="#D4E4F3">

<td>Feeder_N</td>

<td>Patnitala</td>

</tr>

<tr>

<td>Feeder_Typ</td>

<td>Main</td>

</tr>

<tr bgcolor="#D4E4F3">

<td>Circuit</td>

<td>1</td>

</tr>

<tr>

<td>Con_KV</td>

<td>33</td>

</tr>

<tr bgcolor="#D4E4F3">

<td>Con_Size</td>

<td>477 MCM</td>

</tr>

<tr>

<td>Spn_Len_M</td>

<td>0</td>

</tr>

<tr bgcolor="#D4E4F3">

<td>Length_M</td>

<td>1390.292926</td>

</tr>

<tr>

<td>Mileage_KM</td>

<td>1.390293</td>

</tr>

<tr bgcolor="#D4E4F3">

<td>Legend</td>

<td>Naogaon Grid-Patnitala</td>

</tr>

<tr>

<td>Assigned</td>

<td>JE (GIS)</td>

</tr>

<tr bgcolor="#D4E4F3">

<td>FY</td>

<td>2017-18</td>

</tr>

<tr>

<td>Remarks</td>

<td></td>

</tr>

<tr bgcolor="#D4E4F3">

<td>PkDemandMW</td>

<td>16</td>

</tr>

</table>

</td>

</tr>

</table>

</body><script type="text/javascript">

				function changeImage(attElement, nameElement) {

				document.getElementById('imageAttachment').src = attElement;

				document.getElementById('imageName').innerHTML = nameElement;}

			</script></html>]]></description>
			<styleUrl>#LineStyle001</styleUrl>
			<MultiGeometry>
				<LineString>
					<tessellate>1</tessellate>
					<coordinates>
						88.86975999982349,24.90235999993668,0 88.87030000028911,24.90208000024805,0 88.87081999983656,24.90179000001525,0 88.87140999957907,24.90148000005925,0 88.87206000010359,24.90107999948979,0 88.87262999933637,24.90075000055187,0 88.87317999918638,24.90045000005762,0 88.873839999713,24.90012000028354,0 88.87429000004528,24.89989999961914,0 88.87483000050241,24.89959999984594,0 88.87543999979873,24.89931999999309,0 88.87600999983462,24.89900999953989,0 88.87658999956733,24.898729999678,0 88.87711000037042,24.89844000034221,0 88.87789000000103,24.89842999963328,0 88.87862999982858,24.89832000009284,0 88.87935999998686,24.89824999986415,0 88.88008999989842,24.89815000038282,0 88.8808899992592,24.89809000093164,0 88.88153999992196,24.89802999989377,0 88.88232000001419,24.89797000044948,0 
					</coordinates>
				</LineString>
			</MultiGeometry>
		</Placemark>
		<Placemark id="ID_00001">
			<name>Patnitala</name>
			<snippet></snippet>
			<description><![CDATA[<html xmlns:fo="http://www.w3.org/1999/XSL/Format" xmlns:msxsl="urn:schemas-microsoft-com:xslt">

<head>

<META http-equiv="Content-Type" content="text/html">

<meta http-equiv="content-type" content="text/html; charset=UTF-8">

</head>

<body style="margin:0px 0px 0px 0px;overflow:auto;background:#FFFFFF;">

<table style="font-family:Arial,Verdana,Times;font-size:12px;text-align:left;width:100%;border-collapse:collapse;padding:3px 3px 3px 3px">

<tr style="text-align:center;font-weight:bold;background:#9CBCE2">

<td>Naogaon PBS-2</td>

</tr>

<tr>

<td>

<table style="font-family:Arial,Verdana,Times;font-size:12px;text-align:left;width:100%;border-spacing:0px; padding:3px 3px 3px 3px">

<tr>

<td>PBS_Name</td>

<td>Naogaon PBS-2</td>

</tr>

<tr bgcolor="#D4E4F3">

<td>Surv_Date</td>

<td>2017-12-14</td>

</tr>

<tr>

<td>Proc_Date</td>

<td>2017-12-20</td>

</tr>

<tr bgcolor="#D4E4F3">

<td>Contd_Grid</td>

<td>Naogaon</td>

</tr>

<tr>

<td>Contd_SS</td>

<td>Dhamoirhat-1, Patnitala-1, Patnitala-2, Mohadebpur-3 (Matagihat) &amp; Mohadebpur-6 (Joanpur)</td>

</tr>

<tr bgcolor="#D4E4F3">

<td>Feeder_N</td>

<td>Patnitala</td>

</tr>

<tr>

<td>Feeder_Typ</td>

<td>Main</td>

</tr>

<tr bgcolor="#D4E4F3">

<td>Circuit</td>

<td>1</td>

</tr>

<tr>

<td>Con_KV</td>

<td>33</td>

</tr>

<tr bgcolor="#D4E4F3">

<td>Con_Size</td>

<td>477 MCM</td>

</tr>

<tr>

<td>Spn_Len_M</td>

<td>0</td>

</tr>

<tr bgcolor="#D4E4F3">

<td>Length_M</td>

<td>5081.107077</td>

</tr>

<tr>

<td>Mileage_KM</td>

<td>5.081107</td>

</tr>

<tr bgcolor="#D4E4F3">

<td>Legend</td>

<td>Naogaon Grid-Patnitala</td>

</tr>

<tr>

<td>Assigned</td>

<td>JE (GIS)</td>

</tr>

<tr bgcolor="#D4E4F3">

<td>FY</td>

<td>2017-18</td>

</tr>

<tr>

<td>Remarks</td>

<td></td>

</tr>

<tr bgcolor="#D4E4F3">

<td>PkDemandMW</td>

<td>16</td>

</tr>

</table>

</td>

</tr>

</table>

</body><script type="text/javascript">

				function changeImage(attElement, nameElement) {

				document.getElementById('imageAttachment').src = attElement;

				document.getElementById('imageName').innerHTML = nameElement;}

			</script></html>]]></description>
			<styleUrl>#LineStyle001</styleUrl>
			<MultiGeometry>
				<LineString>
					<tessellate>1</tessellate>
					<coordinates>
						88.88232000001419,24.89797000044948,0 88.88306000045455,24.8979099999858,0 88.88380000060023,24.89784000003202,0 88.88438000024514,24.89778999995151,0 88.88509000060574,24.89772999925334,0 88.88574000079504,24.89766000047851,0 88.88633000049698,24.89761000006648,0 88.88698000007714,24.8973199999285,0 88.88756999940188,24.89704999962965,0 88.88820999982269,24.89675999993395,0 88.88881999960574,24.89648999993262,0 88.88938999960092,24.89621999954651,0 88.88993999993036,24.89595999985008,0 88.89054000051696,24.89570999953347,0 88.89103000019277,24.8954899994546,0 88.8917100003335,24.89517000003536,0 88.89231000007146,24.89490000037327,0 88.89286999993963,24.89466000051364,0 88.89352000014898,24.89435999990534,0 88.89412000045259,24.89408000017708,0 88.89479999992912,24.89379000005553,0 88.89535999960226,24.893520000216,0 88.89594000051946,24.89325999998998,0 88.89648999955929,24.89302000049597,0 88.89709999973816,24.89273999943141,0 88.89758000017568,24.89238999981373,0 88.89821000002661,24.89192000034921,0 88.89870999998823,24.89152999981311,0 88.89930999964096,24.89108000022091,0 88.89981000030521,24.89070000018771,0 88.90029000027305,24.89034000029766,0 88.90080000030849,24.88995999982479,0 88.90133999915214,24.88954999999623,0 88.90186999958038,24.88916000003491,0 88.90236999943976,24.88878000018568,0 88.90283999999815,24.88842000011832,0 88.90289000018164,24.8878799996277,0 88.90293999937012,24.88732000031474,0 88.90301000068462,24.88666999950322,0 88.90307999954173,24.8860199995769,0 88.90313999923715,24.88541999956984,0 88.90320999973262,24.88471999980125,0 88.90327999971854,24.88401999998483,0 88.90334000014515,24.88341999983541,0 88.90340000054492,24.88279000052689,0 88.90345999965145,24.88223999914889,0 88.904210000354,24.88216999979938,0 88.90487999966918,24.88208999930745,0 88.90550999994116,24.88202999984084,0 88.90619000019697,24.88195999973903,0 88.90701999963228,24.8818700002989,0 88.90774000000975,24.88181000051854,0 88.90844000040687,24.88173000060933,0 88.90915000077987,24.88165999980819,0 88.90947000084017,24.88161999943459,0 88.91006999935463,24.88153999949396,0 88.91084000008246,24.88145999975721,0 88.91149999998854,24.88141999972351,0 88.91217999934152,24.88134000031775,0 88.91257000034005,24.880840000025,0 88.9130000001342,24.88026999966238,0 88.91345999968388,24.87967000003493,0 88.9138399999617,24.87917000044764,0 88.91430000024708,24.87857999969717,0 88.91477000052546,24.87795000011574,0 88.91517999974995,24.87743999965254,0 88.91572000005982,24.8771999997625,0 88.91616000016548,24.87703000002657,0 88.91673999961326,24.87682999961108,0 88.91732000006283,24.87662999971714,0 88.91797000042001,24.87641999974021,0 88.91853000018891,24.87621999955095,0 88.91897999987727,24.87605999985459,0 88.91967999963684,24.87581999995863,0 88.92025999998489,24.87561999987963,0 88.92075999917701,24.87547000016988,0 
					</coordinates>
				</LineString>
			</MultiGeometry>
		</Placemark>
		<Placemark id="ID_00000">
			<name>Patnitala</name>
			<snippet></snippet>
			<description><![CDATA[<html xmlns:fo="http://www.w3.org/1999/XSL/Format" xmlns:msxsl="urn:schemas-microsoft-com:xslt">

<head>

<META http-equiv="Content-Type" content="text/html">

<meta http-equiv="content-type" content="text/html; charset=UTF-8">

</head>

<body style="margin:0px 0px 0px 0px;overflow:auto;background:#FFFFFF;">

<table style="font-family:Arial,Verdana,Times;font-size:12px;text-align:left;width:100%;border-collapse:collapse;padding:3px 3px 3px 3px">

<tr style="text-align:center;font-weight:bold;background:#9CBCE2">

<td>Naogaon PBS-2</td>

</tr>

<tr>

<td>

<table style="font-family:Arial,Verdana,Times;font-size:12px;text-align:left;width:100%;border-spacing:0px; padding:3px 3px 3px 3px">

<tr>

<td>PBS_Name</td>

<td>Naogaon PBS-2</td>

</tr>

<tr bgcolor="#D4E4F3">

<td>Surv_Date</td>

<td>2017-11-28</td>

</tr>

<tr>

<td>Proc_Date</td>

<td>2017-12-05</td>

</tr>

<tr bgcolor="#D4E4F3">

<td>Contd_Grid</td>

<td>Naogaon</td>

</tr>

<tr>

<td>Contd_SS</td>

<td>Dhamoirhat-1, Patnitala-1, Patnitala-2, Mohadebpur-3 (Matagihat) &amp; Mohadebpur-6 (Joanpur)</td>

</tr>

<tr bgcolor="#D4E4F3">

<td>Feeder_N</td>

<td>Patnitala</td>

</tr>

<tr>

<td>Feeder_Typ</td>

<td>Main</td>

</tr>

<tr bgcolor="#D4E4F3">

<td>Circuit</td>

<td>1</td>

</tr>

<tr>

<td>Con_KV</td>

<td>33</td>

</tr>

<tr bgcolor="#D4E4F3">

<td>Con_Size</td>

<td>477 MCM</td>

</tr>

<tr>

<td>Spn_Len_M</td>

<td>0</td>

</tr>

<tr bgcolor="#D4E4F3">

<td>Length_M</td>

<td>9440.253696</td>

</tr>

<tr>

<td>Mileage_KM</td>

<td>9.440254</td>

</tr>

<tr bgcolor="#D4E4F3">

<td>Legend</td>

<td>Naogaon Grid-Patnitala</td>

</tr>

<tr>

<td>Assigned</td>

<td>JE (GIS)</td>

</tr>

<tr bgcolor="#D4E4F3">

<td>FY</td>

<td>2017-18</td>

</tr>

<tr>

<td>Remarks</td>

<td></td>

</tr>

<tr bgcolor="#D4E4F3">

<td>PkDemandMW</td>

<td>16</td>

</tr>

</table>

</td>

</tr>

</table>

</body><script type="text/javascript">

				function changeImage(attElement, nameElement) {

				document.getElementById('imageAttachment').src = attElement;

				document.getElementById('imageName').innerHTML = nameElement;}

			</script></html>]]></description>
			<styleUrl>#LineStyle001</styleUrl>
			<MultiGeometry>
				<LineString>
					<tessellate>1</tessellate>
					<coordinates>
						88.92075999917701,24.87547000016988,0 88.92133999990078,24.8752699996452,0 88.92181000027313,24.87502000015009,0 88.92256999988867,24.87466000071629,0 88.92310999992533,24.87431999986557,0 88.92386000057101,24.87385000030782,0 88.9243899999837,24.87353999925154,0 88.92493000033629,24.87319000011068,0 88.92541000018412,24.8729100001833,0 88.92583999981045,24.87261000066323,0 88.9263199995457,24.87232000046529,0 88.92748000028399,24.87160000016385,0 88.9280100006962,24.87128000033578,0 88.92865999966091,24.8709699995793,0 88.92930999982354,24.87057999973633,0 88.92929999936752,24.86976000039424,0 88.92930000011786,24.86916999969676,0 88.92926999995446,24.86861999938864,0 88.92924000046771,24.86793999966643,0 88.92921999999754,24.86717000040097,0 88.92927000000802,24.86649999974862,0 88.92930999941491,24.86573000049802,0 88.9293500005988,24.86505999986548,0 88.92942000052236,24.86428000078345,0 88.92946999990852,24.86366000020674,0 88.9294699995968,24.86329999997192,0 88.929519999275,24.86271999936265,0 88.92952999952622,24.86231999982887,0 88.92957000050643,24.86176999998039,0 88.92962999975836,24.86108000018847,0 88.92966000018194,24.86044999943355,0 88.93018999953182,24.86012000005758,0 88.93083999959752,24.85966999999627,0 88.93127000001847,24.85936999976968,0 88.9318499999725,24.85899000066697,0 88.93239999996388,24.85861000038825,0 88.93286999991786,24.8583200002764,0 88.93340000044515,24.85795000016766,0 88.93410000021099,24.85745000015248,0 88.93471999966761,24.85706999980586,0 88.93536000040618,24.85663000013971,0 88.93594999972309,24.85618999973103,0 88.93653999993187,24.85580000003011,0 88.93698999962247,24.85549999957386,0 88.93744000010274,24.85518000012758,0 88.93797000022494,24.85485000021507,0 88.93848000031264,24.85448000001263,0 88.93902000030859,24.85414000022455,0 88.93966999953298,24.85396999990148,0 88.94035000073823,24.85383999965612,0 88.94096000001039,24.85371000065912,0 88.94162000015154,24.85354000111724,0 88.9423799995766,24.85335000054878,0 88.94311999966023,24.85319999989126,0 88.94381999964223,24.85302999948453,0 88.94428000055592,24.85290000024149,0 88.94422000063466,24.85279999942932,0 88.94549999973648,24.85252999984061,0 88.94619999929283,24.85226999959857,0 88.94620000011055,24.85157999968752,0 88.94616999951943,24.85102999959096,0 88.94618999989923,24.85004999996886,0 88.94614000036867,24.84968000003672,0 88.94613000023308,24.84931999999519,0 88.94612000056438,24.8489200000893,0 88.94611999980606,24.84851000060486,0 88.94610000036485,24.84790999991014,0 88.94611000064504,24.84723999971756,0 88.94604000005707,24.84655999970843,0 88.94608000019154,24.84603000033144,0 88.94605000044328,24.8454899999386,0 88.94605999946646,24.84486999962072,0 88.94604000051096,24.84413999973296,0 88.94603999967543,24.84369000013939,0 88.94602999935591,24.84314999994444,0 88.94602999946932,24.84258999996254,0 88.94602000011048,24.84191999986166,0 88.94602000020961,24.84114000001887,0 88.94607999943381,24.84057000001271,0 88.9461299994246,24.84002999990112,0 88.9462099992717,24.83945999930272,0 88.94628000004087,24.8387700001553,0 88.94634999950108,24.83817999933667,0 88.94676000008822,24.83761999958442,0 88.94704000000047,24.83720000019686,0 88.94747999974095,24.83657000005173,0 88.94789999915308,24.83609999989292,0 88.9482399997829,24.83543999985306,0 88.94832999980009,24.83535000009688,0 88.94860999985673,24.83501000059147,0 88.94898999949078,24.83440000025674,0 88.9493499995402,24.83389000008281,0 88.94971999989968,24.83334000062603,0 88.95011999947791,24.83278000051982,0 88.95050000009893,24.83225999944873,0 88.95087000087111,24.83168999984037,0 88.95121999977788,24.83119000009119,0 88.95164000032439,24.83060000015179,0 88.95200999981344,24.83005999956945,0 88.95238000072196,24.82952999925865,0 88.95276000028085,24.82899000003549,0 88.95312999976636,24.82844000046722,0 88.95349999968158,24.82789999937719,0 88.95390999973318,24.82734000054208,0 88.95428999965934,24.82682000008737,0 88.95459000035821,24.8263599997059,0 88.95488999988885,24.82593999953411,0 88.95525999988894,24.82540999933954,0 88.9555199995737,24.82502000002806,0 88.95582622788814,24.82450466271789,0 88.95642999982708,24.82380000007039,0 88.95714999956459,24.82355999927202,0 88.95797999918371,24.82330000025206,0 88.95784999904804,24.82294000053023,0 88.95781999952753,24.82272999985035,0 88.95767999969341,24.8222099999196,0 88.95822000028026,24.82189000032327,0 88.95878999996685,24.8215700003288,0 88.95934000058389,24.82128000000973,0 88.9598599994038,24.8209599997097,0 88.96035000036207,24.82067999993843,0 88.96093999956177,24.82035000063468,0 88.96163999938543,24.81995000001592,0 88.96214999948188,24.81965000007736,0 88.96272999989969,24.8193400001843,0 88.96274000035908,24.81934000069637,0 88.96334000005105,24.81898999989559,0 88.9638599998304,24.81868000021833,0 88.96448999956583,24.81833999927033,0 88.9650800004772,24.81803999944975,0 88.9658399997964,24.81774000021196,0 88.96641000037283,24.81744999943554,0 88.96711999988375,24.81715999994149,0 88.96772000012069,24.81710000013255,0 88.96819000035543,24.81713000074306,0 88.96880000071688,24.817079999628,0 88.96913999999117,24.81695999994037,0 88.96939999986922,24.81682999964082,0 88.96992999961626,24.81641000021629,0 88.97041999982831,24.81603999964713,0 88.97102000037479,24.8157899998217,0 88.97144000036614,24.81554000051971,0 
					</coordinates>
				</LineString>
			</MultiGeometry>
		</Placemark>
		<Placemark id="ID_00000">
			<name>Chowmashia/Badolgachi</name>
			<snippet></snippet>
			<description><![CDATA[<html xmlns:fo="http://www.w3.org/1999/XSL/Format" xmlns:msxsl="urn:schemas-microsoft-com:xslt">

<head>

<META http-equiv="Content-Type" content="text/html">

<meta http-equiv="content-type" content="text/html; charset=UTF-8">

</head>

<body style="margin:0px 0px 0px 0px;overflow:auto;background:#FFFFFF;">

<table style="font-family:Arial,Verdana,Times;font-size:12px;text-align:left;width:100%;border-collapse:collapse;padding:3px 3px 3px 3px">

<tr style="text-align:center;font-weight:bold;background:#9CBCE2">

<td>Naogaon PBS-1</td>

</tr>

<tr>

<td>

<table style="font-family:Arial,Verdana,Times;font-size:12px;text-align:left;width:100%;border-spacing:0px; padding:3px 3px 3px 3px">

<tr>

<td>PBS_Name</td>

<td>Naogaon PBS-1</td>

</tr>

<tr bgcolor="#D4E4F3">

<td>Surv_Date</td>

<td>2016-11-23</td>

</tr>

<tr>

<td>Proc_Date</td>

<td>2017-01-10</td>

</tr>

<tr bgcolor="#D4E4F3">

<td>Contd_Grid</td>

<td>Naogaon</td>

</tr>

<tr>

<td>Contd_SS</td>

<td>Mohadebpur-2 (Chowmashia), Naogaon-1 (HQ), Naogaon-2 (Hogolbari) &amp; Badolgachi</td>

</tr>

<tr bgcolor="#D4E4F3">

<td>Feeder_N</td>

<td>Chowmashia/Badolgachi</td>

</tr>

<tr>

<td>Feeder_Typ</td>

<td>Main</td>

</tr>

<tr bgcolor="#D4E4F3">

<td>Circuit</td>

<td>2</td>

</tr>

<tr>

<td>Con_KV</td>

<td>33</td>

</tr>

<tr bgcolor="#D4E4F3">

<td>Con_Size</td>

<td>477 MCM</td>

</tr>

<tr>

<td>Spn_Len_M</td>

<td>0</td>

</tr>

<tr bgcolor="#D4E4F3">

<td>Length_M</td>

<td>1486.878452</td>

</tr>

<tr>

<td>Mileage_KM</td>

<td>2.973757</td>

</tr>

<tr bgcolor="#D4E4F3">

<td>Legend</td>

<td></td>

</tr>

<tr>

<td>Assigned</td>

<td>REB GIS</td>

</tr>

<tr bgcolor="#D4E4F3">

<td>FY</td>

<td>2016-17</td>

</tr>

<tr>

<td>Remarks</td>

<td>Reported</td>

</tr>

<tr bgcolor="#D4E4F3">

<td>Project</td>

<td></td>

</tr>

<tr>

<td>PkDemandMW</td>

<td>27.9</td>

</tr>

</table>

</td>

</tr>

</table>

</body><script type="text/javascript">

				function changeImage(attElement, nameElement) {

				document.getElementById('imageAttachment').src = attElement;

				document.getElementById('imageName').innerHTML = nameElement;}

			</script></html>]]></description>
			<styleUrl>#LineStyle001</styleUrl>
			<MultiGeometry>
				<LineString>
					<tessellate>1</tessellate>
					<coordinates>
						88.95719999979252,24.81350000001562,0 88.95743000038821,24.81291000001232,0 88.9577799996315,24.81214999996718,0 88.95808000001286,24.81147000000886,0 88.95832000002218,24.81087999974692,0 88.95861000000723,24.81021000005674,0 88.95879000062196,24.80979999927357,0 88.95919999937277,24.80942000015889,0 88.9596399991909,24.8089300003243,0 88.959919999533,24.80871000040379,0 88.96035999966332,24.80830000008876,0 88.96020999993297,24.80767000047833,0 88.9600300003451,24.80720999962839,0 88.95998000000984,24.80699000002867,0 88.96040999953479,24.80667999994141,0 88.96082999954487,24.8061900002022,0 88.96112999994449,24.8058499994033,0 88.96151000075584,24.80533999939968,0 88.96167999952179,24.80506000008031,0 88.96187999943515,24.80472999979095,0 88.96204000009749,24.80449000016914,0 88.96225999986581,24.80416999996079,0 88.96242999988351,24.80382000046871,0 88.96262000003469,24.80367000007625,0 88.96275000016503,24.80361999955301,0 88.96313000036403,24.8035999999366,0 88.96346000035312,24.80364000045434,0 88.96359000018404,24.80352999999889,0 88.96367000055821,24.80350000002825,0 88.9636800002708,24.80333000034711,0 88.96387200042346,24.80267699980442,0 
					</coordinates>
				</LineString>
			</MultiGeometry>
		</Placemark>
		<Placemark id="ID_00001">
			<name>Chowmashia/Badolgachi</name>
			<snippet></snippet>
			<description><![CDATA[<html xmlns:fo="http://www.w3.org/1999/XSL/Format" xmlns:msxsl="urn:schemas-microsoft-com:xslt">

<head>

<META http-equiv="Content-Type" content="text/html">

<meta http-equiv="content-type" content="text/html; charset=UTF-8">

</head>

<body style="margin:0px 0px 0px 0px;overflow:auto;background:#FFFFFF;">

<table style="font-family:Arial,Verdana,Times;font-size:12px;text-align:left;width:100%;border-collapse:collapse;padding:3px 3px 3px 3px">

<tr style="text-align:center;font-weight:bold;background:#9CBCE2">

<td>Naogaon PBS-1</td>

</tr>

<tr>

<td>

<table style="font-family:Arial,Verdana,Times;font-size:12px;text-align:left;width:100%;border-spacing:0px; padding:3px 3px 3px 3px">

<tr>

<td>PBS_Name</td>

<td>Naogaon PBS-1</td>

</tr>

<tr bgcolor="#D4E4F3">

<td>Surv_Date</td>

<td>2017-01-16</td>

</tr>

<tr>

<td>Proc_Date</td>

<td>2017-01-29</td>

</tr>

<tr bgcolor="#D4E4F3">

<td>Contd_Grid</td>

<td>Naogaon</td>

</tr>

<tr>

<td>Contd_SS</td>

<td>Mohadebpur-2 (Chowmashia), Naogaon-1 (HQ), Naogaon-2 (Hogolbari) &amp; Badolgachi</td>

</tr>

<tr bgcolor="#D4E4F3">

<td>Feeder_N</td>

<td>Chowmashia/Badolgachi</td>

</tr>

<tr>

<td>Feeder_Typ</td>

<td>Main</td>

</tr>

<tr bgcolor="#D4E4F3">

<td>Circuit</td>

<td>2</td>

</tr>

<tr>

<td>Con_KV</td>

<td>33</td>

</tr>

<tr bgcolor="#D4E4F3">

<td>Con_Size</td>

<td>477 MCM</td>

</tr>

<tr>

<td>Spn_Len_M</td>

<td>0</td>

</tr>

<tr bgcolor="#D4E4F3">

<td>Length_M</td>

<td>2616.468999</td>

</tr>

<tr>

<td>Mileage_KM</td>

<td>5.232938</td>

</tr>

<tr bgcolor="#D4E4F3">

<td>Legend</td>

<td></td>

</tr>

<tr>

<td>Assigned</td>

<td>REB GIS</td>

</tr>

<tr bgcolor="#D4E4F3">

<td>FY</td>

<td>2016-17</td>

</tr>

<tr>

<td>Remarks</td>

<td>Reported</td>

</tr>

<tr bgcolor="#D4E4F3">

<td>Project</td>

<td></td>

</tr>

<tr>

<td>PkDemandMW</td>

<td>27.9</td>

</tr>

</table>

</td>

</tr>

</table>

</body><script type="text/javascript">

				function changeImage(attElement, nameElement) {

				document.getElementById('imageAttachment').src = attElement;

				document.getElementById('imageName').innerHTML = nameElement;}

			</script></html>]]></description>
			<styleUrl>#LineStyle001</styleUrl>
			<MultiGeometry>
				<LineString>
					<tessellate>1</tessellate>
					<coordinates>
						88.94321000016926,24.83261000060023,0 88.9437500005522,24.83210000057472,0 88.9444000006509,24.83154000019752,0 88.94496999891433,24.83102999947253,0 88.94538999993631,24.83061999962885,0 88.94604000077128,24.83004999974033,0 88.946270000117,24.82979000017109,0 88.94660999988031,24.82948000018611,0 88.94719000059106,24.82895000098985,0 88.94762000034896,24.82853000040546,0 88.94826999980874,24.82799999972753,0 88.94886999960468,24.82749999990979,0 88.94944999987341,24.82702000003182,0 88.9498000001599,24.82662000023843,0 88.9503900006147,24.82611000050345,0 88.95108999945704,24.825579999687,0 88.95168000002471,24.82510000037139,0 88.95230999959502,24.82458000024821,0 88.95289999987408,24.82413999997551,0 88.95302000089063,24.82367999972813,0 88.95325999949695,24.82290999916599,0 88.95351000127761,24.82205999967126,0 88.95364999984521,24.82155000035144,0 88.95395999952852,24.82089000062217,0 88.95425000029927,24.82021999979483,0 88.95456000111901,24.81949000040922,0 88.9548299998129,24.81888999966559,0 88.95516000040122,24.81814999935743,0 88.95546999963068,24.81744999989403,0 88.95573000050486,24.81685999965521,0 88.95604999925825,24.81609999908132,0 88.95628000095076,24.81557999911181,0 88.95662000000534,24.81486000019463,0 88.95692000040121,24.814119999247,0 88.95719999979252,24.81350000001562,0 
					</coordinates>
				</LineString>
			</MultiGeometry>
		</Placemark>
		<Placemark id="ID_00002">
			<name>Chowmashia/Badolgachi</name>
			<snippet></snippet>
			<description><![CDATA[<html xmlns:fo="http://www.w3.org/1999/XSL/Format" xmlns:msxsl="urn:schemas-microsoft-com:xslt">

<head>

<META http-equiv="Content-Type" content="text/html">

<meta http-equiv="content-type" content="text/html; charset=UTF-8">

</head>

<body style="margin:0px 0px 0px 0px;overflow:auto;background:#FFFFFF;">

<table style="font-family:Arial,Verdana,Times;font-size:12px;text-align:left;width:100%;border-collapse:collapse;padding:3px 3px 3px 3px">

<tr style="text-align:center;font-weight:bold;background:#9CBCE2">

<td>Naogaon PBS-1</td>

</tr>

<tr>

<td>

<table style="font-family:Arial,Verdana,Times;font-size:12px;text-align:left;width:100%;border-spacing:0px; padding:3px 3px 3px 3px">

<tr>

<td>PBS_Name</td>

<td>Naogaon PBS-1</td>

</tr>

<tr bgcolor="#D4E4F3">

<td>Surv_Date</td>

<td>2017-02-02</td>

</tr>

<tr>

<td>Proc_Date</td>

<td>2017-02-07</td>

</tr>

<tr bgcolor="#D4E4F3">

<td>Contd_Grid</td>

<td>Naogaon</td>

</tr>

<tr>

<td>Contd_SS</td>

<td>Mohadebpur-2 (Chowmashia), Naogaon-1 (HQ), Naogaon-2 (Hogolbari) &amp; Badolgachi</td>

</tr>

<tr bgcolor="#D4E4F3">

<td>Feeder_N</td>

<td>Chowmashia/Badolgachi</td>

</tr>

<tr>

<td>Feeder_Typ</td>

<td>Tap</td>

</tr>

<tr bgcolor="#D4E4F3">

<td>Circuit</td>

<td>2</td>

</tr>

<tr>

<td>Con_KV</td>

<td>33</td>

</tr>

<tr bgcolor="#D4E4F3">

<td>Con_Size</td>

<td>477 MCM</td>

</tr>

<tr>

<td>Spn_Len_M</td>

<td>0</td>

</tr>

<tr bgcolor="#D4E4F3">

<td>Length_M</td>

<td>2166.922458</td>

</tr>

<tr>

<td>Mileage_KM</td>

<td>4.333845</td>

</tr>

<tr bgcolor="#D4E4F3">

<td>Legend</td>

<td></td>

</tr>

<tr>

<td>Assigned</td>

<td>REB GIS</td>

</tr>

<tr bgcolor="#D4E4F3">

<td>FY</td>

<td>2016-17</td>

</tr>

<tr>

<td>Remarks</td>

<td>Tap to Naogaon-2 &amp; Badolgachi</td>

</tr>

<tr bgcolor="#D4E4F3">

<td>Project</td>

<td></td>

</tr>

<tr>

<td>PkDemandMW</td>

<td>27.9</td>

</tr>

</table>

</td>

</tr>

</table>

</body><script type="text/javascript">

				function changeImage(attElement, nameElement) {

				document.getElementById('imageAttachment').src = attElement;

				document.getElementById('imageName').innerHTML = nameElement;}

			</script></html>]]></description>
			<styleUrl>#LineStyle001</styleUrl>
			<MultiGeometry>
				<LineString>
					<tessellate>1</tessellate>
					<coordinates>
						88.92484000015158,24.83873000027031,0 88.92553000052938,24.83844999991252,0 88.92613999975258,24.83811000059524,0 88.92676999952781,24.83790000006201,0 88.92741999939845,24.83752000069552,0 88.92779999940761,24.83735999992593,0 88.92845999992647,24.83722000007362,0 88.92902000063486,24.83720999994274,0 88.92955000002709,24.83719999964639,0 88.93007000001498,24.83739000004807,0 88.93071999968262,24.83756000021246,0 88.93113000030331,24.83771999992138,0 88.93117999965695,24.83737999950966,0 88.93124000059248,24.83706000032885,0 88.93183999950374,24.83710000028662,0 88.93229999929777,24.83714999938896,0 88.93294999992192,24.83721000053571,0 88.93316000036181,24.83718999976765,0 88.93475000045503,24.83712000054563,0 88.93524000056269,24.83710000031385,0 88.93599999999573,24.83706000008128,0 88.93686999966606,24.83702000018845,0 88.93756000026715,24.83686999946183,0 88.93825000012023,24.83692000023588,0 88.93886999979514,24.83657999985648,0 88.93922000057536,24.83624999961554,0 88.93947999955869,24.83593999998202,0 88.93991999975503,24.83561000008842,0 88.94050000054347,24.83513999970074,0 88.94110999923521,24.83458000009642,0 88.94171000080499,24.83405000058908,0 88.94217000060236,24.83360000022373,0 88.94262000077468,24.83318000012055,0 88.94321000016926,24.83261000060023,0 
					</coordinates>
				</LineString>
			</MultiGeometry>
		</Placemark>
		<Placemark id="ID_00003">
			<name>Chowmashia</name>
			<snippet></snippet>
			<description><![CDATA[<html xmlns:fo="http://www.w3.org/1999/XSL/Format" xmlns:msxsl="urn:schemas-microsoft-com:xslt">

<head>

<META http-equiv="Content-Type" content="text/html">

<meta http-equiv="content-type" content="text/html; charset=UTF-8">

</head>

<body style="margin:0px 0px 0px 0px;overflow:auto;background:#FFFFFF;">

<table style="font-family:Arial,Verdana,Times;font-size:12px;text-align:left;width:100%;border-collapse:collapse;padding:3px 3px 3px 3px">

<tr style="text-align:center;font-weight:bold;background:#9CBCE2">

<td>Naogaon PBS-1</td>

</tr>

<tr>

<td>

<table style="font-family:Arial,Verdana,Times;font-size:12px;text-align:left;width:100%;border-spacing:0px; padding:3px 3px 3px 3px">

<tr>

<td>PBS_Name</td>

<td>Naogaon PBS-1</td>

</tr>

<tr bgcolor="#D4E4F3">

<td>Surv_Date</td>

<td>2017-02-04</td>

</tr>

<tr>

<td>Proc_Date</td>

<td>2017-02-07</td>

</tr>

<tr bgcolor="#D4E4F3">

<td>Contd_Grid</td>

<td>Naogaon</td>

</tr>

<tr>

<td>Contd_SS</td>

<td>Naogaon-1 (HQ)</td>

</tr>

<tr bgcolor="#D4E4F3">

<td>Feeder_N</td>

<td>Chowmashia</td>

</tr>

<tr>

<td>Feeder_Typ</td>

<td>Tap</td>

</tr>

<tr bgcolor="#D4E4F3">

<td>Circuit</td>

<td>1</td>

</tr>

<tr>

<td>Con_KV</td>

<td>33</td>

</tr>

<tr bgcolor="#D4E4F3">

<td>Con_Size</td>

<td>477 MCM</td>

</tr>

<tr>

<td>Spn_Len_M</td>

<td>0</td>

</tr>

<tr bgcolor="#D4E4F3">

<td>Length_M</td>

<td>767.388797</td>

</tr>

<tr>

<td>Mileage_KM</td>

<td>0.767389</td>

</tr>

<tr bgcolor="#D4E4F3">

<td>Legend</td>

<td></td>

</tr>

<tr>

<td>Assigned</td>

<td>REB GIS</td>

</tr>

<tr bgcolor="#D4E4F3">

<td>FY</td>

<td>2016-17</td>

</tr>

<tr>

<td>Remarks</td>

<td>Tap to Naogaon (HQ)</td>

</tr>

<tr bgcolor="#D4E4F3">

<td>Project</td>

<td></td>

</tr>

<tr>

<td>PkDemandMW</td>

<td>27.9</td>

</tr>

</table>

</td>

</tr>

</table>

</body><script type="text/javascript">

				function changeImage(attElement, nameElement) {

				document.getElementById('imageAttachment').src = attElement;

				document.getElementById('imageName').innerHTML = nameElement;}

			</script></html>]]></description>
			<styleUrl>#LineStyle001</styleUrl>
			<MultiGeometry>
				<LineString>
					<tessellate>1</tessellate>
					<coordinates>
						88.91368492194654,24.83584465975497,0 88.9132499994916,24.83609000037753,0 88.91342000017809,24.83651999982031,0 88.91376000021621,24.83690000043706,0 88.91381999966755,24.83704999969133,0 88.91392999991109,24.8373700004249,0 88.9140299995298,24.83779000055322,0 88.91408999976531,24.83804000014135,0 88.91415999997675,24.83831999983524,0 88.9143100004738,24.83843000009283,0 88.91466999974605,24.83868999993604,0 88.91501999974642,24.83900999978993,0 88.91530999976673,24.83916000055462,0 88.91556999975366,24.83951999921856,0 88.91576999955163,24.83984999927729,0 88.91597999982318,24.8401499998301,0 88.9161800007505,24.84042000004679,0 88.9163199995934,24.84065000003809,0 88.91651000073362,24.84091999978607,0 88.91668000004131,24.84115000002616,0 88.91684282343785,24.84138662927262,0 88.91687999972943,24.84143999975338,0 
					</coordinates>
				</LineString>
			</MultiGeometry>
		</Placemark>
		<Placemark id="ID_00004">
			<name>Badolgachi</name>
			<snippet></snippet>
			<description><![CDATA[<html xmlns:fo="http://www.w3.org/1999/XSL/Format" xmlns:msxsl="urn:schemas-microsoft-com:xslt">

<head>

<META http-equiv="Content-Type" content="text/html">

<meta http-equiv="content-type" content="text/html; charset=UTF-8">

</head>

<body style="margin:0px 0px 0px 0px;overflow:auto;background:#FFFFFF;">

<table style="font-family:Arial,Verdana,Times;font-size:12px;text-align:left;width:100%;border-collapse:collapse;padding:3px 3px 3px 3px">

<tr style="text-align:center;font-weight:bold;background:#9CBCE2">

<td>Naogaon PBS-1</td>

</tr>

<tr>

<td>

<table style="font-family:Arial,Verdana,Times;font-size:12px;text-align:left;width:100%;border-spacing:0px; padding:3px 3px 3px 3px">

<tr>

<td>PBS_Name</td>

<td>Naogaon PBS-1</td>

</tr>

<tr bgcolor="#D4E4F3">

<td>Surv_Date</td>

<td>2017-02-13</td>

</tr>

<tr>

<td>Proc_Date</td>

<td>2017-02-27</td>

</tr>

<tr bgcolor="#D4E4F3">

<td>Contd_Grid</td>

<td>Naogaon</td>

</tr>

<tr>

<td>Contd_SS</td>

<td>Naogaon-2 (Hogolbari) &amp; Badolgachi</td>

</tr>

<tr bgcolor="#D4E4F3">

<td>Feeder_N</td>

<td>Badolgachi</td>

</tr>

<tr>

<td>Feeder_Typ</td>

<td>Tap</td>

</tr>

<tr bgcolor="#D4E4F3">

<td>Circuit</td>

<td>1</td>

</tr>

<tr>

<td>Con_KV</td>

<td>33</td>

</tr>

<tr bgcolor="#D4E4F3">

<td>Con_Size</td>

<td>477 MCM</td>

</tr>

<tr>

<td>Spn_Len_M</td>

<td>0</td>

</tr>

<tr bgcolor="#D4E4F3">

<td>Length_M</td>

<td>2447.677398</td>

</tr>

<tr>

<td>Mileage_KM</td>

<td>2.447677</td>

</tr>

<tr bgcolor="#D4E4F3">

<td>Legend</td>

<td></td>

</tr>

<tr>

<td>Assigned</td>

<td>REB GIS</td>

</tr>

<tr bgcolor="#D4E4F3">

<td>FY</td>

<td>2016-17</td>

</tr>

<tr>

<td>Remarks</td>

<td>Tap to Hogolbari &amp; Badolgachi</td>

</tr>

<tr bgcolor="#D4E4F3">

<td>Project</td>

<td></td>

</tr>

<tr>

<td>PkDemandMW</td>

<td>27.9</td>

</tr>

</table>

</td>

</tr>

</table>

</body><script type="text/javascript">

				function changeImage(attElement, nameElement) {

				document.getElementById('imageAttachment').src = attElement;

				document.getElementById('imageName').innerHTML = nameElement;}

			</script></html>]]></description>
			<styleUrl>#LineStyle001</styleUrl>
			<MultiGeometry>
				<LineString>
					<tessellate>1</tessellate>
					<coordinates>
						88.91862000040562,24.86047000049631,0 88.91892000059013,24.85992999990511,0 88.91907999963576,24.85964999973438,0 88.91938999998284,24.85913000036816,0 88.91971999986201,24.85853000023873,0 88.92011000004081,24.85790999934671,0 88.92051999991718,24.85713999987236,0 88.92086999931595,24.85650999954639,0 88.92128000030087,24.85585000037883,0 88.92155999999349,24.85532999941837,0 88.92181999981528,24.8548700006163,0 88.92222000023834,24.85420999972286,0 88.92254999984748,24.85366000011504,0 88.9229700007032,24.85304000020426,0 88.92333000000927,24.85252000004457,0 88.92379999941657,24.85183999991494,0 88.92422000000616,24.85124000018279,0 88.924129999404,24.85055000004493,0 88.92401000021141,24.84979000059663,0 88.92391000004179,24.84909000043796,0 88.92377000030848,24.84830000002621,0 88.92363999930146,24.8475600001274,0 88.92355999974821,24.84680000016043,0 88.92330999977487,24.8459900000448,0 88.92312000036841,24.8453499998825,0 88.9229599997883,24.8448100005733,0 88.92276999974473,24.84435000025216,0 88.92266999981406,24.84385000029162,0 88.92246000024937,24.84313999963864,0 88.92228000020494,24.84250000000863,0 88.92210000011698,24.84191000055327,0 88.92192999930326,24.84111999999031,0 88.9217600008772,24.8403199996399,0 88.9217100006784,24.83996000037402,0 
					</coordinates>
				</LineString>
			</MultiGeometry>
		</Placemark>
		<Placemark id="ID_00005">
			<name>Badolgachi</name>
			<snippet></snippet>
			<description><![CDATA[<html xmlns:fo="http://www.w3.org/1999/XSL/Format" xmlns:msxsl="urn:schemas-microsoft-com:xslt">

<head>

<META http-equiv="Content-Type" content="text/html">

<meta http-equiv="content-type" content="text/html; charset=UTF-8">

</head>

<body style="margin:0px 0px 0px 0px;overflow:auto;background:#FFFFFF;">

<table style="font-family:Arial,Verdana,Times;font-size:12px;text-align:left;width:100%;border-collapse:collapse;padding:3px 3px 3px 3px">

<tr style="text-align:center;font-weight:bold;background:#9CBCE2">

<td>Naogaon PBS-1</td>

</tr>

<tr>

<td>

<table style="font-family:Arial,Verdana,Times;font-size:12px;text-align:left;width:100%;border-spacing:0px; padding:3px 3px 3px 3px">

<tr>

<td>PBS_Name</td>

<td>Naogaon PBS-1</td>

</tr>

<tr bgcolor="#D4E4F3">

<td>Surv_Date</td>

<td>2017-03-08</td>

</tr>

<tr>

<td>Proc_Date</td>

<td>2017-03-12</td>

</tr>

<tr bgcolor="#D4E4F3">

<td>Contd_Grid</td>

<td>Naogaon</td>

</tr>

<tr>

<td>Contd_SS</td>

<td>Naogaon-2 (Hogolbari) &amp; Badolgachi</td>

</tr>

<tr bgcolor="#D4E4F3">

<td>Feeder_N</td>

<td>Badolgachi</td>

</tr>

<tr>

<td>Feeder_Typ</td>

<td>Tap</td>

</tr>

<tr bgcolor="#D4E4F3">

<td>Circuit</td>

<td>1</td>

</tr>

<tr>

<td>Con_KV</td>

<td>33</td>

</tr>

<tr bgcolor="#D4E4F3">

<td>Con_Size</td>

<td>477 MCM</td>

</tr>

<tr>

<td>Spn_Len_M</td>

<td>0</td>

</tr>

<tr bgcolor="#D4E4F3">

<td>Length_M</td>

<td>1272.714704</td>

</tr>

<tr>

<td>Mileage_KM</td>

<td>1.272715</td>

</tr>

<tr bgcolor="#D4E4F3">

<td>Legend</td>

<td></td>

</tr>

<tr>

<td>Assigned</td>

<td>REB GIS</td>

</tr>

<tr bgcolor="#D4E4F3">

<td>FY</td>

<td>2016-17</td>

</tr>

<tr>

<td>Remarks</td>

<td>Tap to Hogolbari &amp; Badolgachi</td>

</tr>

<tr bgcolor="#D4E4F3">

<td>Project</td>

<td></td>

</tr>

<tr>

<td>PkDemandMW</td>

<td>27.9</td>

</tr>

</table>

</td>

</tr>

</table>

</body><script type="text/javascript">

				function changeImage(attElement, nameElement) {

				document.getElementById('imageAttachment').src = attElement;

				document.getElementById('imageName').innerHTML = nameElement;}

			</script></html>]]></description>
			<styleUrl>#LineStyle001</styleUrl>
			<MultiGeometry>
				<LineString>
					<tessellate>1</tessellate>
					<coordinates>
						88.91758999945226,24.86955999992391,0 88.91753999947694,24.86891000075283,0 88.91719000004632,24.86822999967992,0 88.9169299998855,24.86774000004095,0 88.91663000002445,24.86714999960799,0 88.91629999938088,24.86646000061857,0 88.9159499999991,24.86575999974094,0 88.91545999913794,24.86509000013081,0 88.91518999960142,24.86469000020285,0 88.915100000615,24.8639800004346,0 88.91498999966436,24.86322999950188,0 88.91492999994826,24.86259000035349,0 88.91531000053446,24.86237999986405,0 88.91614000068212,24.86190000075208,0 88.91684999992006,24.86145999973413,0 88.91738999999437,24.86118000016084,0 88.91805000005684,24.86081999978065,0 88.91862000040562,24.86047000049631,0 
					</coordinates>
				</LineString>
			</MultiGeometry>
		</Placemark>
		<Placemark id="ID_00006">
			<name>Badolgachi</name>
			<snippet></snippet>
			<description><![CDATA[<html xmlns:fo="http://www.w3.org/1999/XSL/Format" xmlns:msxsl="urn:schemas-microsoft-com:xslt">

<head>

<META http-equiv="Content-Type" content="text/html">

<meta http-equiv="content-type" content="text/html; charset=UTF-8">

</head>

<body style="margin:0px 0px 0px 0px;overflow:auto;background:#FFFFFF;">

<table style="font-family:Arial,Verdana,Times;font-size:12px;text-align:left;width:100%;border-collapse:collapse;padding:3px 3px 3px 3px">

<tr style="text-align:center;font-weight:bold;background:#9CBCE2">

<td>Naogaon PBS-1</td>

</tr>

<tr>

<td>

<table style="font-family:Arial,Verdana,Times;font-size:12px;text-align:left;width:100%;border-spacing:0px; padding:3px 3px 3px 3px">

<tr>

<td>PBS_Name</td>

<td>Naogaon PBS-1</td>

</tr>

<tr bgcolor="#D4E4F3">

<td>Surv_Date</td>

<td>2017-03-20</td>

</tr>

<tr>

<td>Proc_Date</td>

<td>2017-03-23</td>

</tr>

<tr bgcolor="#D4E4F3">

<td>Contd_Grid</td>

<td>Naogaon</td>

</tr>

<tr>

<td>Contd_SS</td>

<td>Naogaon-2 (Hogolbari) &amp; Badolgachi</td>

</tr>

<tr bgcolor="#D4E4F3">

<td>Feeder_N</td>

<td>Badolgachi</td>

</tr>

<tr>

<td>Feeder_Typ</td>

<td>Tap</td>

</tr>

<tr bgcolor="#D4E4F3">

<td>Circuit</td>

<td>1</td>

</tr>

<tr>

<td>Con_KV</td>

<td>33</td>

</tr>

<tr bgcolor="#D4E4F3">

<td>Con_Size</td>

<td>477 MCM</td>

</tr>

<tr>

<td>Spn_Len_M</td>

<td>0</td>

</tr>

<tr bgcolor="#D4E4F3">

<td>Length_M</td>

<td>422.280775</td>

</tr>

<tr>

<td>Mileage_KM</td>

<td>0.422281</td>

</tr>

<tr bgcolor="#D4E4F3">

<td>Legend</td>

<td></td>

</tr>

<tr>

<td>Assigned</td>

<td>REB GIS</td>

</tr>

<tr bgcolor="#D4E4F3">

<td>FY</td>

<td>2016-17</td>

</tr>

<tr>

<td>Remarks</td>

<td>Tap to Naogaon-2 &amp; Badolgachi</td>

</tr>

<tr bgcolor="#D4E4F3">

<td>Project</td>

<td></td>

</tr>

<tr>

<td>PkDemandMW</td>

<td>27.9</td>

</tr>

</table>

</td>

</tr>

</table>

</body><script type="text/javascript">

				function changeImage(attElement, nameElement) {

				document.getElementById('imageAttachment').src = attElement;

				document.getElementById('imageName').innerHTML = nameElement;}

			</script></html>]]></description>
			<styleUrl>#LineStyle001</styleUrl>
			<MultiGeometry>
				<LineString>
					<tessellate>1</tessellate>
					<coordinates>
						88.91802999991899,24.87334999946033,0 88.91791999967575,24.87259000067162,0 88.91782999990197,24.87181999992615,0 88.91772000001272,24.87100000001905,0 88.91758999945226,24.86955999992391,0 
					</coordinates>
				</LineString>
			</MultiGeometry>
		</Placemark>
		<Placemark id="ID_00007">
			<name>Badolgachi</name>
			<snippet></snippet>
			<description><![CDATA[<html xmlns:fo="http://www.w3.org/1999/XSL/Format" xmlns:msxsl="urn:schemas-microsoft-com:xslt">

<head>

<META http-equiv="Content-Type" content="text/html">

<meta http-equiv="content-type" content="text/html; charset=UTF-8">

</head>

<body style="margin:0px 0px 0px 0px;overflow:auto;background:#FFFFFF;">

<table style="font-family:Arial,Verdana,Times;font-size:12px;text-align:left;width:100%;border-collapse:collapse;padding:3px 3px 3px 3px">

<tr style="text-align:center;font-weight:bold;background:#9CBCE2">

<td>Naogaon PBS-1</td>

</tr>

<tr>

<td>

<table style="font-family:Arial,Verdana,Times;font-size:12px;text-align:left;width:100%;border-spacing:0px; padding:3px 3px 3px 3px">

<tr>

<td>PBS_Name</td>

<td>Naogaon PBS-1</td>

</tr>

<tr bgcolor="#D4E4F3">

<td>Surv_Date</td>

<td>2017-03-21</td>

</tr>

<tr>

<td>Proc_Date</td>

<td>2017-03-23</td>

</tr>

<tr bgcolor="#D4E4F3">

<td>Contd_Grid</td>

<td>Naogaon</td>

</tr>

<tr>

<td>Contd_SS</td>

<td>Badolgachi</td>

</tr>

<tr bgcolor="#D4E4F3">

<td>Feeder_N</td>

<td>Badolgachi</td>

</tr>

<tr>

<td>Feeder_Typ</td>

<td>Tap</td>

</tr>

<tr bgcolor="#D4E4F3">

<td>Circuit</td>

<td>1</td>

</tr>

<tr>

<td>Con_KV</td>

<td>33</td>

</tr>

<tr bgcolor="#D4E4F3">

<td>Con_Size</td>

<td>477 MCM</td>

</tr>

<tr>

<td>Spn_Len_M</td>

<td>0</td>

</tr>

<tr bgcolor="#D4E4F3">

<td>Length_M</td>

<td>2770.951328</td>

</tr>

<tr>

<td>Mileage_KM</td>

<td>2.770951</td>

</tr>

<tr bgcolor="#D4E4F3">

<td>Legend</td>

<td></td>

</tr>

<tr>

<td>Assigned</td>

<td>REB GIS</td>

</tr>

<tr bgcolor="#D4E4F3">

<td>FY</td>

<td>2016-17</td>

</tr>

<tr>

<td>Remarks</td>

<td>Tap to Badolgachi</td>

</tr>

<tr bgcolor="#D4E4F3">

<td>Project</td>

<td></td>

</tr>

<tr>

<td>PkDemandMW</td>

<td>27.9</td>

</tr>

</table>

</td>

</tr>

</table>

</body><script type="text/javascript">

				function changeImage(attElement, nameElement) {

				document.getElementById('imageAttachment').src = attElement;

				document.getElementById('imageName').innerHTML = nameElement;}

			</script></html>]]></description>
			<styleUrl>#LineStyle001</styleUrl>
			<MultiGeometry>
				<LineString>
					<tessellate>1</tessellate>
					<coordinates>
						88.91670000007352,24.90527999984701,0 88.9170600001614,24.90476999995851,0 88.91748999990325,24.90418000021493,0 88.91792000020851,24.90362000005952,0 88.91834000091447,24.90300000058237,0 88.91874000003638,24.902470000352,0 88.9192000000341,24.90184000029123,0 88.91969999932049,24.90116999962224,0 88.92010000024429,24.90062000021828,0 88.92037999990332,24.89986999951109,0 88.92063999950766,24.89923000018008,0 88.92090000017242,24.89857999933324,0 88.92115000025028,24.89781000056068,0 88.92146000015748,24.89704000042283,0 88.92171000056349,24.89643000083058,0 88.92198000047925,24.89576000005995,0 88.92198999991484,24.89570999920282,0 88.92220000019209,24.89519999925699,0 88.92239999963125,24.89468000043557,0 88.92261999973087,24.89408000003249,0 88.9229299996375,24.89346000069103,0 88.92327999996114,24.89284000059244,0 88.92355999971122,24.89222999984565,0 88.92387999984788,24.89162000010928,0 88.92420000080671,24.89095999958326,0 88.92453999965139,24.89032000004426,0 88.92481000049781,24.88972000013987,0 88.92458000012107,24.88925000038083,0 88.92431000016904,24.88862999996239,0 88.92397999958953,24.88796999984934,0 88.92362999923323,24.88726999934591,0 88.92326999969933,24.88645000024085,0 88.92293999979566,24.88576000002755,0 88.92233999972494,24.88527000022537,0 88.92169000016017,24.88473999977341,0 88.92108000017174,24.88422000056122,0 88.92043000006655,24.88366999987297,0 88.92021981237248,24.88347983114611,0 
					</coordinates>
				</LineString>
			</MultiGeometry>
		</Placemark>
		<Placemark id="ID_00008">
			<name>Badolgachi</name>
			<snippet></snippet>
			<description><![CDATA[<html xmlns:fo="http://www.w3.org/1999/XSL/Format" xmlns:msxsl="urn:schemas-microsoft-com:xslt">

<head>

<META http-equiv="Content-Type" content="text/html">

<meta http-equiv="content-type" content="text/html; charset=UTF-8">

</head>

<body style="margin:0px 0px 0px 0px;overflow:auto;background:#FFFFFF;">

<table style="font-family:Arial,Verdana,Times;font-size:12px;text-align:left;width:100%;border-collapse:collapse;padding:3px 3px 3px 3px">

<tr style="text-align:center;font-weight:bold;background:#9CBCE2">

<td>Naogaon PBS-1</td>

</tr>

<tr>

<td>

<table style="font-family:Arial,Verdana,Times;font-size:12px;text-align:left;width:100%;border-spacing:0px; padding:3px 3px 3px 3px">

<tr>

<td>PBS_Name</td>

<td>Naogaon PBS-1</td>

</tr>

<tr bgcolor="#D4E4F3">

<td>Surv_Date</td>

<td>2017-04-18</td>

</tr>

<tr>

<td>Proc_Date</td>

<td>2017-04-23</td>

</tr>

<tr bgcolor="#D4E4F3">

<td>Contd_Grid</td>

<td>Naogaon</td>

</tr>

<tr>

<td>Contd_SS</td>

<td>Badolgachi</td>

</tr>

<tr bgcolor="#D4E4F3">

<td>Feeder_N</td>

<td>Badolgachi</td>

</tr>

<tr>

<td>Feeder_Typ</td>

<td>Tap</td>

</tr>

<tr bgcolor="#D4E4F3">

<td>Circuit</td>

<td>1</td>

</tr>

<tr>

<td>Con_KV</td>

<td>33</td>

</tr>

<tr bgcolor="#D4E4F3">

<td>Con_Size</td>

<td>477 MCM</td>

</tr>

<tr>

<td>Spn_Len_M</td>

<td>0</td>

</tr>

<tr bgcolor="#D4E4F3">

<td>Length_M</td>

<td>5110.09784</td>

</tr>

<tr>

<td>Mileage_KM</td>

<td>5.110098</td>

</tr>

<tr bgcolor="#D4E4F3">

<td>Legend</td>

<td></td>

</tr>

<tr>

<td>Assigned</td>

<td>REB GIS</td>

</tr>

<tr bgcolor="#D4E4F3">

<td>FY</td>

<td>2016-17</td>

</tr>

<tr>

<td>Remarks</td>

<td>Tap to Badolgachi</td>

</tr>

<tr bgcolor="#D4E4F3">

<td>Project</td>

<td></td>

</tr>

<tr>

<td>PkDemandMW</td>

<td>27.9</td>

</tr>

</table>

</td>

</tr>

</table>

</body><script type="text/javascript">

				function changeImage(attElement, nameElement) {

				document.getElementById('imageAttachment').src = attElement;

				document.getElementById('imageName').innerHTML = nameElement;}

			</script></html>]]></description>
			<styleUrl>#LineStyle001</styleUrl>
			<MultiGeometry>
				<LineString>
					<tessellate>1</tessellate>
					<coordinates>
						88.90855999970597,24.94991000032626,0 88.90865000070262,24.94921999979147,0 88.90873000086511,24.94863000036266,0 88.90886999979001,24.94791999946754,0 88.90900000046145,24.94723999994446,0 88.90911000054189,24.94650000083226,0 88.90922000024084,24.94580999998797,0 88.90933999974814,24.9452399998074,0 88.90940999986537,24.94475000031023,0 88.90957000039805,24.94389000013884,0 88.90964918017936,24.94350035622919,0 88.90970129074725,24.94314933313764,0 88.90972999914209,24.94258000018117,0 88.9098099997035,24.94191999954687,0 88.9098699994266,24.94117999988916,0 88.9100332811315,24.94078261039063,0 88.91005000024047,24.94038999977639,0 88.90998000045393,24.93976999920167,0 88.91004999994169,24.93901000074161,0 88.91008000050218,24.93832999949653,0 88.910150000586,24.93775999963394,0 88.91020000006735,24.93730000036883,0 88.91024999999318,24.93681000041893,0 88.91027000049949,24.93647000016862,0 88.91032000040607,24.93587999979178,0 88.91038999995965,24.93525999957857,0 88.91039999990356,24.93459000017237,0 88.91045000039699,24.93386000019609,0 88.9104700003279,24.93339999990723,0 88.91035000051656,24.9326199999527,0 88.9102800002366,24.93200999994244,0 88.91020000018364,24.93136000072427,0 88.91015999949953,24.9308399998365,0 88.91012000031995,24.93039000045514,0 88.9100365624068,24.92981245434046,0 88.91002999962936,24.9291199994425,0 88.90995999971223,24.92858999978621,0 88.91012000010512,24.92824000027921,0 88.91038000058225,24.92775000020426,0 88.91061999961691,24.92731999934647,0 88.91090000043695,24.9268200000467,0 88.91115999944505,24.92635999951026,0 88.91143000034064,24.9258799998533,0 88.91157999964467,24.92524999996728,0 88.91182000006573,24.92460000058901,0 88.91193000065648,24.9241899993864,0 88.9121000002048,24.9235599997936,0 88.91229000054358,24.92291999959193,0 88.9124799996011,24.92238999989846,0 88.91271000040504,24.92159999988814,0 88.9129000001106,24.92097000018473,0 88.91319999927811,24.92027999994369,0 88.91346999981072,24.91973000016381,0 88.91382000034616,24.91917000001246,0 88.91398999994705,24.91854000046245,0 88.91428999971706,24.91792999927822,0 88.91455000020196,24.91741999987529,0 88.91479999991694,24.91682999945524,0 88.91505999991756,24.91622999999629,0 88.91504999966136,24.91568999986114,0 88.91509000057819,24.91504999970892,0 88.91510000000704,24.91434000054709,0 88.91524000012588,24.91373999946924,0 88.91556999930846,24.91311999968102,0 88.91579999976749,24.91245999960399,0 88.91609000037104,24.91184000003721,0 88.91601000060928,24.9111999998105,0 88.91596999945645,24.91045999958235,0 88.91595999986588,24.90982999994376,0 88.91592999964604,24.90919000063008,0 88.91588999926914,24.90841000012075,0 88.91584999999115,24.90767999974617,0 88.91583000066368,24.90709000015985,0 88.91579999997319,24.90649000058492,0 88.91670000007352,24.90527999984701,0 
					</coordinates>
				</LineString>
			</MultiGeometry>
		</Placemark>
		<Placemark id="ID_00009">
			<name>Chowmashia</name>
			<snippet></snippet>
			<description><![CDATA[<html xmlns:fo="http://www.w3.org/1999/XSL/Format" xmlns:msxsl="urn:schemas-microsoft-com:xslt">

<head>

<META http-equiv="Content-Type" content="text/html">

<meta http-equiv="content-type" content="text/html; charset=UTF-8">

</head>

<body style="margin:0px 0px 0px 0px;overflow:auto;background:#FFFFFF;">

<table style="font-family:Arial,Verdana,Times;font-size:12px;text-align:left;width:100%;border-collapse:collapse;padding:3px 3px 3px 3px">

<tr style="text-align:center;font-weight:bold;background:#9CBCE2">

<td>Naogaon PBS-1</td>

</tr>

<tr>

<td>

<table style="font-family:Arial,Verdana,Times;font-size:12px;text-align:left;width:100%;border-spacing:0px; padding:3px 3px 3px 3px">

<tr>

<td>PBS_Name</td>

<td>Naogaon PBS-1</td>

</tr>

<tr bgcolor="#D4E4F3">

<td>Surv_Date</td>

<td>2017-04-27</td>

</tr>

<tr>

<td>Proc_Date</td>

<td>2017-05-04</td>

</tr>

<tr bgcolor="#D4E4F3">

<td>Contd_Grid</td>

<td>Naogaon</td>

</tr>

<tr>

<td>Contd_SS</td>

<td>Mohadebpur-2 (Chowmashia)</td>

</tr>

<tr bgcolor="#D4E4F3">

<td>Feeder_N</td>

<td>Chowmashia</td>

</tr>

<tr>

<td>Feeder_Typ</td>

<td>Main</td>

</tr>

<tr bgcolor="#D4E4F3">

<td>Circuit</td>

<td>1</td>

</tr>

<tr>

<td>Con_KV</td>

<td>33</td>

</tr>

<tr bgcolor="#D4E4F3">

<td>Con_Size</td>

<td>477 MCM</td>

</tr>

<tr>

<td>Spn_Len_M</td>

<td>0</td>

</tr>

<tr bgcolor="#D4E4F3">

<td>Length_M</td>

<td>1642.484876</td>

</tr>

<tr>

<td>Mileage_KM</td>

<td>1.642485</td>

</tr>

<tr bgcolor="#D4E4F3">

<td>Legend</td>

<td></td>

</tr>

<tr>

<td>Assigned</td>

<td>REB GIS</td>

</tr>

<tr bgcolor="#D4E4F3">

<td>FY</td>

<td>2016-17</td>

</tr>

<tr>

<td>Remarks</td>

<td>Tap to Mohadebpur-2 (Chowmashia)</td>

</tr>

<tr bgcolor="#D4E4F3">

<td>Project</td>

<td></td>

</tr>

<tr>

<td>PkDemandMW</td>

<td>27.9</td>

</tr>

</table>

</td>

</tr>

</table>

</body><script type="text/javascript">

				function changeImage(attElement, nameElement) {

				document.getElementById('imageAttachment').src = attElement;

				document.getElementById('imageName').innerHTML = nameElement;}

			</script></html>]]></description>
			<styleUrl>#LineStyle001</styleUrl>
			<MultiGeometry>
				<LineString>
					<tessellate>1</tessellate>
					<coordinates>
						88.90835043408569,24.8477063849064,0 88.90832999984511,24.84770999987006,0 88.90885000004312,24.84718999948555,0 88.90935000078269,24.84671000071988,0 88.9099700000677,24.84628999931671,0 88.91060999969021,24.84582999931998,0 88.91129999942859,24.84533999979081,0 88.91194999986791,24.84491000017771,0 88.91254000011597,24.84447000018385,0 88.91325000008074,24.84400999988948,0 88.91388000070954,24.84352999963201,0 88.91444999998421,24.84314000036357,0 88.91506000054044,24.84267999962877,0 88.91563000006687,24.84229000068189,0 88.91630000043837,24.84183999990847,0 88.91688000071858,24.84143999974069,0 88.91751999967384,24.84093999989796,0 88.91821999969859,24.84048999969277,0 88.91899999935002,24.84033000049922,0 88.919879999957,24.84013999975533,0 88.92068000034796,24.8399800003922,0 88.921670000172,24.83977000016681,0 
					</coordinates>
				</LineString>
			</MultiGeometry>
		</Placemark>
		<Placemark id="ID_00010">
			<name>Badolgachi</name>
			<snippet></snippet>
			<description><![CDATA[<html xmlns:fo="http://www.w3.org/1999/XSL/Format" xmlns:msxsl="urn:schemas-microsoft-com:xslt">

<head>

<META http-equiv="Content-Type" content="text/html">

<meta http-equiv="content-type" content="text/html; charset=UTF-8">

</head>

<body style="margin:0px 0px 0px 0px;overflow:auto;background:#FFFFFF;">

<table style="font-family:Arial,Verdana,Times;font-size:12px;text-align:left;width:100%;border-collapse:collapse;padding:3px 3px 3px 3px">

<tr style="text-align:center;font-weight:bold;background:#9CBCE2">

<td>Naogaon PBS-1</td>

</tr>

<tr>

<td>

<table style="font-family:Arial,Verdana,Times;font-size:12px;text-align:left;width:100%;border-spacing:0px; padding:3px 3px 3px 3px">

<tr>

<td>PBS_Name</td>

<td>Naogaon PBS-1</td>

</tr>

<tr bgcolor="#D4E4F3">

<td>Surv_Date</td>

<td>2017-04-18</td>

</tr>

<tr>

<td>Proc_Date</td>

<td>2017-06-06</td>

</tr>

<tr bgcolor="#D4E4F3">

<td>Contd_Grid</td>

<td>Naogaon</td>

</tr>

<tr>

<td>Contd_SS</td>

<td>Badolgachi</td>

</tr>

<tr bgcolor="#D4E4F3">

<td>Feeder_N</td>

<td>Badolgachi</td>

</tr>

<tr>

<td>Feeder_Typ</td>

<td>Tap</td>

</tr>

<tr bgcolor="#D4E4F3">

<td>Circuit</td>

<td>1</td>

</tr>

<tr>

<td>Con_KV</td>

<td>33</td>

</tr>

<tr bgcolor="#D4E4F3">

<td>Con_Size</td>

<td>477 MCM</td>

</tr>

<tr>

<td>Spn_Len_M</td>

<td>0</td>

</tr>

<tr bgcolor="#D4E4F3">

<td>Length_M</td>

<td>2327.711027</td>

</tr>

<tr>

<td>Mileage_KM</td>

<td>2.327711</td>

</tr>

<tr bgcolor="#D4E4F3">

<td>Legend</td>

<td></td>

</tr>

<tr>

<td>Assigned</td>

<td>REB GIS</td>

</tr>

<tr bgcolor="#D4E4F3">

<td>FY</td>

<td>2016-17</td>

</tr>

<tr>

<td>Remarks</td>

<td>Tap to Badolgachi</td>

</tr>

<tr bgcolor="#D4E4F3">

<td>Project</td>

<td></td>

</tr>

<tr>

<td>PkDemandMW</td>

<td>27.9</td>

</tr>

</table>

</td>

</tr>

</table>

</body><script type="text/javascript">

				function changeImage(attElement, nameElement) {

				document.getElementById('imageAttachment').src = attElement;

				document.getElementById('imageName').innerHTML = nameElement;}

			</script></html>]]></description>
			<styleUrl>#LineStyle001</styleUrl>
			<MultiGeometry>
				<LineString>
					<tessellate>1</tessellate>
					<coordinates>
						88.91101839964641,24.96996119974946,0 88.91142112713877,24.96914373833852,0 88.91144999985633,24.96874887296526,0 88.9114500005758,24.96835000072938,0 88.91124999968302,24.96769000056568,0 88.91108999990179,24.9669599997562,0 88.91090000034274,24.96631999987439,0 88.9107000005795,24.96563000066827,0 88.91086000003268,24.96507999975514,0 88.91100000025867,24.96450999958324,0 88.91115999928921,24.96391000020555,0 88.91126000057419,24.96346000003172,0 88.91145120640732,24.96242553565245,0 88.91173000007922,24.9615600000296,0 88.91188000044686,24.96096000020411,0 88.9116699999761,24.9602499997658,0 88.9114700002785,24.95960999996375,0 88.9112799997604,24.95905000018289,0 88.91105999949679,24.95840999990374,0 88.91084999957434,24.95779000028321,0 88.91065999984465,24.95715999977628,0 88.91049000038733,24.95648999969277,0 88.91064999997202,24.95635999982013,0 88.91025999948735,24.9558900003356,0 88.91019000013722,24.95526999965348,0 88.9101299997342,24.95470000068197,0 88.91011000083286,24.95431999964076,0 88.90997000027151,24.95327999985031,0 88.90949000021097,24.95261000041454,0 88.90916000088966,24.95193000071833,0 88.90878000009542,24.95125999928297,0 88.90855999970597,24.94991000032626,0 
					</coordinates>
				</LineString>
			</MultiGeometry>
		</Placemark>
		<Placemark id="ID_00011">
			<name>Chowmashia</name>
			<snippet></snippet>
			<description><![CDATA[<html xmlns:fo="http://www.w3.org/1999/XSL/Format" xmlns:msxsl="urn:schemas-microsoft-com:xslt">

<head>

<META http-equiv="Content-Type" content="text/html">

<meta http-equiv="content-type" content="text/html; charset=UTF-8">

</head>

<body style="margin:0px 0px 0px 0px;overflow:auto;background:#FFFFFF;">

<table style="font-family:Arial,Verdana,Times;font-size:12px;text-align:left;width:100%;border-collapse:collapse;padding:3px 3px 3px 3px">

<tr style="text-align:center;font-weight:bold;background:#9CBCE2">

<td>Naogaon PBS-1</td>

</tr>

<tr>

<td>

<table style="font-family:Arial,Verdana,Times;font-size:12px;text-align:left;width:100%;border-spacing:0px; padding:3px 3px 3px 3px">

<tr>

<td>PBS_Name</td>

<td>Naogaon PBS-1</td>

</tr>

<tr bgcolor="#D4E4F3">

<td>Surv_Date</td>

<td>2017-05-20</td>

</tr>

<tr>

<td>Proc_Date</td>

<td>2017-06-06</td>

</tr>

<tr bgcolor="#D4E4F3">

<td>Contd_Grid</td>

<td>Naogaon</td>

</tr>

<tr>

<td>Contd_SS</td>

<td>Mohadebpur-2 (Chowmashia)</td>

</tr>

<tr bgcolor="#D4E4F3">

<td>Feeder_N</td>

<td>Chowmashia</td>

</tr>

<tr>

<td>Feeder_Typ</td>

<td>Main</td>

</tr>

<tr bgcolor="#D4E4F3">

<td>Circuit</td>

<td>1</td>

</tr>

<tr>

<td>Con_KV</td>

<td>33</td>

</tr>

<tr bgcolor="#D4E4F3">

<td>Con_Size</td>

<td>477 MCM</td>

</tr>

<tr>

<td>Spn_Len_M</td>

<td>0</td>

</tr>

<tr bgcolor="#D4E4F3">

<td>Length_M</td>

<td>1902.778098</td>

</tr>

<tr>

<td>Mileage_KM</td>

<td>1.902778</td>

</tr>

<tr bgcolor="#D4E4F3">

<td>Legend</td>

<td></td>

</tr>

<tr>

<td>Assigned</td>

<td>REB GIS</td>

</tr>

<tr bgcolor="#D4E4F3">

<td>FY</td>

<td>2016-17</td>

</tr>

<tr>

<td>Remarks</td>

<td>Tap to Mohadebpur-2 (Chowmashia)</td>

</tr>

<tr bgcolor="#D4E4F3">

<td>Project</td>

<td></td>

</tr>

<tr>

<td>PkDemandMW</td>

<td>27.9</td>

</tr>

</table>

</td>

</tr>

</table>

</body><script type="text/javascript">

				function changeImage(attElement, nameElement) {

				document.getElementById('imageAttachment').src = attElement;

				document.getElementById('imageName').innerHTML = nameElement;}

			</script></html>]]></description>
			<styleUrl>#LineStyle001</styleUrl>
			<MultiGeometry>
				<LineString>
					<tessellate>1</tessellate>
					<coordinates>
						88.89358999955998,24.85738000044137,0 88.89407999954764,24.85693999922174,0 88.89449000022999,24.85662999971133,0 88.89561999958993,24.8559600000671,0 88.89582000031358,24.8554999992176,0 88.89644999975505,24.85507000058318,0 88.89712999965478,24.85450000019728,0 88.89798886553169,24.8538021014569,0 88.89853875287943,24.85338712966216,0 88.89902999956928,24.85303999982272,0 88.89971000007841,24.85248999924826,0 88.90010999945785,24.85182000049718,0 88.90036000065935,24.85142000055521,0 88.90098999938881,24.85129000031774,0 88.90171999944346,24.85115999991855,0 88.90234000041958,24.8510399998691,0 88.90283000033412,24.85096000008748,0 88.90370000055887,24.85078999993899,0 88.90464000028963,24.85058999948685,0 88.90584999963725,24.8499600005875,0 88.90639877280056,24.84953517803496,0 88.90669000019921,24.84929000011642,0 88.90726000019993,24.84874000016103,0 88.90785000018153,24.84819000008196,0 88.90832999984511,24.84770999987006,0 
					</coordinates>
				</LineString>
			</MultiGeometry>
		</Placemark>
		<Placemark id="ID_00012">
			<name>Chowmashia</name>
			<snippet></snippet>
			<description><![CDATA[<html xmlns:fo="http://www.w3.org/1999/XSL/Format" xmlns:msxsl="urn:schemas-microsoft-com:xslt">

<head>

<META http-equiv="Content-Type" content="text/html">

<meta http-equiv="content-type" content="text/html; charset=UTF-8">

</head>

<body style="margin:0px 0px 0px 0px;overflow:auto;background:#FFFFFF;">

<table style="font-family:Arial,Verdana,Times;font-size:12px;text-align:left;width:100%;border-collapse:collapse;padding:3px 3px 3px 3px">

<tr style="text-align:center;font-weight:bold;background:#9CBCE2">

<td>Naogaon PBS-1</td>

</tr>

<tr>

<td>

<table style="font-family:Arial,Verdana,Times;font-size:12px;text-align:left;width:100%;border-spacing:0px; padding:3px 3px 3px 3px">

<tr>

<td>PBS_Name</td>

<td>Naogaon PBS-1</td>

</tr>

<tr bgcolor="#D4E4F3">

<td>Surv_Date</td>

<td>2017-05-23</td>

</tr>

<tr>

<td>Proc_Date</td>

<td>2017-06-06</td>

</tr>

<tr bgcolor="#D4E4F3">

<td>Contd_Grid</td>

<td>Naogaon</td>

</tr>

<tr>

<td>Contd_SS</td>

<td>Mohadebpur-2 (Chowmashia)</td>

</tr>

<tr bgcolor="#D4E4F3">

<td>Feeder_N</td>

<td>Chowmashia</td>

</tr>

<tr>

<td>Feeder_Typ</td>

<td>Main</td>

</tr>

<tr bgcolor="#D4E4F3">

<td>Circuit</td>

<td>1</td>

</tr>

<tr>

<td>Con_KV</td>

<td>33</td>

</tr>

<tr bgcolor="#D4E4F3">

<td>Con_Size</td>

<td>477 MCM</td>

</tr>

<tr>

<td>Spn_Len_M</td>

<td>0</td>

</tr>

<tr bgcolor="#D4E4F3">

<td>Length_M</td>

<td>1663.294634</td>

</tr>

<tr>

<td>Mileage_KM</td>

<td>1.663295</td>

</tr>

<tr bgcolor="#D4E4F3">

<td>Legend</td>

<td></td>

</tr>

<tr>

<td>Assigned</td>

<td>REB GIS</td>

</tr>

<tr bgcolor="#D4E4F3">

<td>FY</td>

<td>2016-17</td>

</tr>

<tr>

<td>Remarks</td>

<td>Tap to Mohadebpur-2 (Chowmashia)</td>

</tr>

<tr bgcolor="#D4E4F3">

<td>Project</td>

<td></td>

</tr>

<tr>

<td>PkDemandMW</td>

<td>27.9</td>

</tr>

</table>

</td>

</tr>

</table>

</body><script type="text/javascript">

				function changeImage(attElement, nameElement) {

				document.getElementById('imageAttachment').src = attElement;

				document.getElementById('imageName').innerHTML = nameElement;}

			</script></html>]]></description>
			<styleUrl>#LineStyle001</styleUrl>
			<MultiGeometry>
				<LineString>
					<tessellate>1</tessellate>
					<coordinates>
						88.87931395092942,24.86291824778281,0 88.88060214961452,24.86289556945785,0 88.88139199996722,24.86289621347046,0 88.88205999907804,24.86291999981778,0 88.88277000023805,24.86292000079388,0 88.88359999920731,24.86293999944502,0 88.88443999986706,24.86301999965572,0 88.88529000019953,24.86305000043595,0 88.88615999996485,24.86268999997487,0 88.88675999946591,24.86241999945902,0 88.88752000049628,24.86211999971747,0 88.88828000007059,24.86179000052645,0 88.88889999939502,24.8612599996066,0 88.88947999972029,24.86079000012484,0 88.89002000063905,24.86034000005847,0 88.89063000000581,24.85984999966609,0 88.891329999508,24.85927000020208,0 88.89181999969412,24.85885000022606,0 88.89234000040155,24.8584199992071,0 88.89358999955998,24.85738000044137,0 
					</coordinates>
				</LineString>
			</MultiGeometry>
		</Placemark>
		<Placemark id="ID_00013">
			<name>Chowmashia</name>
			<snippet></snippet>
			<description><![CDATA[<html xmlns:fo="http://www.w3.org/1999/XSL/Format" xmlns:msxsl="urn:schemas-microsoft-com:xslt">

<head>

<META http-equiv="Content-Type" content="text/html">

<meta http-equiv="content-type" content="text/html; charset=UTF-8">

</head>

<body style="margin:0px 0px 0px 0px;overflow:auto;background:#FFFFFF;">

<table style="font-family:Arial,Verdana,Times;font-size:12px;text-align:left;width:100%;border-collapse:collapse;padding:3px 3px 3px 3px">

<tr style="text-align:center;font-weight:bold;background:#9CBCE2">

<td>Naogaon PBS-1</td>

</tr>

<tr>

<td>

<table style="font-family:Arial,Verdana,Times;font-size:12px;text-align:left;width:100%;border-spacing:0px; padding:3px 3px 3px 3px">

<tr>

<td>PBS_Name</td>

<td>Naogaon PBS-1</td>

</tr>

<tr bgcolor="#D4E4F3">

<td>Surv_Date</td>

<td>2017-05-27</td>

</tr>

<tr>

<td>Proc_Date</td>

<td>2017-06-06</td>

</tr>

<tr bgcolor="#D4E4F3">

<td>Contd_Grid</td>

<td>Naogaon</td>

</tr>

<tr>

<td>Contd_SS</td>

<td>Mohadebpur-2 (Chowmashia)</td>

</tr>

<tr bgcolor="#D4E4F3">

<td>Feeder_N</td>

<td>Chowmashia</td>

</tr>

<tr>

<td>Feeder_Typ</td>

<td>Main</td>

</tr>

<tr bgcolor="#D4E4F3">

<td>Circuit</td>

<td>1</td>

</tr>

<tr>

<td>Con_KV</td>

<td>33</td>

</tr>

<tr bgcolor="#D4E4F3">

<td>Con_Size</td>

<td>477 MCM</td>

</tr>

<tr>

<td>Spn_Len_M</td>

<td>0</td>

</tr>

<tr bgcolor="#D4E4F3">

<td>Length_M</td>

<td>3552.939617</td>

</tr>

<tr>

<td>Mileage_KM</td>

<td>3.55294</td>

</tr>

<tr bgcolor="#D4E4F3">

<td>Legend</td>

<td></td>

</tr>

<tr>

<td>Assigned</td>

<td>REB GIS</td>

</tr>

<tr bgcolor="#D4E4F3">

<td>FY</td>

<td>2016-17</td>

</tr>

<tr>

<td>Remarks</td>

<td>Tap to Mohadebpur-2 (Chowmashia)</td>

</tr>

<tr bgcolor="#D4E4F3">

<td>Project</td>

<td></td>

</tr>

<tr>

<td>PkDemandMW</td>

<td>27.9</td>

</tr>

</table>

</td>

</tr>

</table>

</body><script type="text/javascript">

				function changeImage(attElement, nameElement) {

				document.getElementById('imageAttachment').src = attElement;

				document.getElementById('imageName').innerHTML = nameElement;}

			</script></html>]]></description>
			<styleUrl>#LineStyle001</styleUrl>
			<MultiGeometry>
				<LineString>
					<tessellate>1</tessellate>
					<coordinates>
						88.84605949779942,24.86740306911227,0 88.84676999930504,24.86815999952945,0 88.84760000070051,24.86836000006413,0 88.84808999952234,24.8685099999913,0 88.84886999983439,24.86836000058297,0 88.84981000065538,24.868319999481,0 88.85048999958219,24.86818999950338,0 88.85114999940056,24.86799000067924,0 88.85193000015376,24.86777999960979,0 88.85275000054769,24.86749999924193,0 88.85338999974485,24.86738000027422,0 88.85428999998869,24.8671899998219,0 88.85515000006599,24.86701000048627,0 88.85568999945671,24.86678000014435,0 88.85576000051419,24.86654999956686,0 88.85671000060708,24.86651000021181,0 88.85755999986036,24.86648000001924,0 88.85833000015488,24.86647000048959,0 88.85909999973597,24.86644000052554,0 88.86031999946572,24.86638000044341,0 88.86098999971709,24.86638000047987,0 88.86161999998843,24.86629999947417,0 88.86243000004394,24.86624000038652,0 88.86328999934113,24.86619999953655,0 88.86415000080068,24.86616000004367,0 88.86510999982653,24.86612000042753,0 88.86593999965665,24.86607999981644,0 88.86682999982422,24.86601999999825,0 88.86760000055938,24.86594999963165,0 88.86824999966001,24.86592000019376,0 88.86906999980266,24.86555999977812,0 88.86980000059167,24.86551000056986,0 88.8706700005709,24.86488000058928,0 88.87156000015275,24.86433999931972,0 88.87238000047228,24.86438000032132,0 88.87303999986953,24.86443000030859,0 88.8736100005341,24.86405999955131,0 88.87443999965238,24.86388999993405,0 88.8752800001258,24.86370999975049,0 88.87594000034188,24.86336999986377,0 88.87667999992772,24.86306999917625,0 88.8775699998624,24.86272999938353,0 88.87831224534877,24.86267735791217,0 88.87882879409838,24.8627400222867,0 88.87931395092942,24.86291824778281,0 
					</coordinates>
				</LineString>
			</MultiGeometry>
		</Placemark>
		<Placemark id="ID_00014">
			<name>Manda-1</name>
			<snippet></snippet>
			<description><![CDATA[<html xmlns:fo="http://www.w3.org/1999/XSL/Format" xmlns:msxsl="urn:schemas-microsoft-com:xslt">

<head>

<META http-equiv="Content-Type" content="text/html">

<meta http-equiv="content-type" content="text/html; charset=UTF-8">

</head>

<body style="margin:0px 0px 0px 0px;overflow:auto;background:#FFFFFF;">

<table style="font-family:Arial,Verdana,Times;font-size:12px;text-align:left;width:100%;border-collapse:collapse;padding:3px 3px 3px 3px">

<tr style="text-align:center;font-weight:bold;background:#9CBCE2">

<td>Naogaon PBS-1</td>

</tr>

<tr>

<td>

<table style="font-family:Arial,Verdana,Times;font-size:12px;text-align:left;width:100%;border-spacing:0px; padding:3px 3px 3px 3px">

<tr>

<td>PBS_Name</td>

<td>Naogaon PBS-1</td>

</tr>

<tr bgcolor="#D4E4F3">

<td>Surv_Date</td>

<td>2018-02-19</td>

</tr>

<tr>

<td>Proc_Date</td>

<td>2018-02-25</td>

</tr>

<tr bgcolor="#D4E4F3">

<td>Contd_Grid</td>

<td>Niamotpur</td>

</tr>

<tr>

<td>Contd_SS</td>

<td>Manda-1</td>

</tr>

<tr bgcolor="#D4E4F3">

<td>Feeder_N</td>

<td>Manda-1</td>

</tr>

<tr>

<td>Feeder_Typ</td>

<td>Main</td>

</tr>

<tr bgcolor="#D4E4F3">

<td>Circuit</td>

<td>1</td>

</tr>

<tr>

<td>Con_KV</td>

<td>33</td>

</tr>

<tr bgcolor="#D4E4F3">

<td>Con_Size</td>

<td>477 MCM</td>

</tr>

<tr>

<td>Spn_Len_M</td>

<td>0</td>

</tr>

<tr bgcolor="#D4E4F3">

<td>Length_M</td>

<td>2716.636436</td>

</tr>

<tr>

<td>Mileage_KM</td>

<td>2.716636</td>

</tr>

<tr bgcolor="#D4E4F3">

<td>Legend</td>

<td></td>

</tr>

<tr>

<td>Assigned</td>

<td>REB GIS</td>

</tr>

<tr bgcolor="#D4E4F3">

<td>FY</td>

<td>2017-18</td>

</tr>

<tr>

<td>Remarks</td>

<td>Reported</td>

</tr>

<tr bgcolor="#D4E4F3">

<td>Project</td>

<td></td>

</tr>

<tr>

<td>PkDemandMW</td>

<td>12.50</td>

</tr>

</table>

</td>

</tr>

</table>

</body><script type="text/javascript">

				function changeImage(attElement, nameElement) {

				document.getElementById('imageAttachment').src = attElement;

				document.getElementById('imageName').innerHTML = nameElement;}

			</script></html>]]></description>
			<styleUrl>#LineStyle001</styleUrl>
			<MultiGeometry>
				<LineString>
					<tessellate>1</tessellate>
					<coordinates>
						88.6405599991475,24.81663999996963,0 88.63998999999207,24.81693999988149,0 88.63944000007491,24.81726999998451,0 88.63891000009005,24.81755000079899,0 88.63839999960297,24.81783999959028,0 88.63789000060365,24.81813999983493,0 88.63736999997076,24.81839999974112,0 88.63703000031414,24.81860000026964,0 88.63668999907908,24.81889000024473,0 88.63628000018682,24.81905999937361,0 88.63622000035288,24.81942000027718,0 88.63622000052592,24.81996999989925,0 88.63599000064541,24.82068000042688,0 88.63584000018814,24.82128000015074,0 88.63572999941289,24.82181000068823,0 88.63582999959546,24.82242000019024,0 88.6358800008434,24.82281000025852,0 88.63599999946315,24.82384999990194,0 88.6361200003609,24.82435000031514,0 88.63617999939174,24.82482000055309,0 88.63611000079948,24.82537999980681,0 88.63604999937772,24.82586000006231,0 88.6359799997342,24.82631999963115,0 88.6357600000447,24.82672999984554,0 88.63572999992807,24.82710000029873,0 88.63564000005537,24.8275600000726,0 88.63560000066116,24.82814999977673,0 88.63556999961234,24.82849000074847,0 88.63546999980412,24.82896000008539,0 88.63549999986957,24.82950000008808,0 88.63535999943448,24.82996000051497,0 88.63528000047464,24.83040999946576,0 88.63524999973758,24.8308700007321,0 88.63502999977084,24.8313900000577,0 88.6344899992194,24.83149999965852,0 88.63395999992227,24.83161999947516,0 88.6335600003587,24.83173000009787,0 88.63301999955696,24.83181999998137,0 88.63255000012002,24.83192000030807,0 88.63197999965195,24.8320699998386,0 88.63145999931967,24.83215999970765,0 88.63098000037824,24.83225999960668,0 88.63040000023545,24.83243000027682,0 88.62973999977703,24.83252000004789,0 88.62924999985866,24.83267999956493,0 88.62877999927852,24.83276999958785,0 88.62826000024673,24.83291000058018,0 88.62769000004941,24.83287999981316,0 88.62717999974971,24.83285999956627,0 
					</coordinates>
				</LineString>
			</MultiGeometry>
		</Placemark>
		<Placemark id="ID_00015">
			<name>Manda-1</name>
			<snippet></snippet>
			<description><![CDATA[<html xmlns:fo="http://www.w3.org/1999/XSL/Format" xmlns:msxsl="urn:schemas-microsoft-com:xslt">

<head>

<META http-equiv="Content-Type" content="text/html">

<meta http-equiv="content-type" content="text/html; charset=UTF-8">

</head>

<body style="margin:0px 0px 0px 0px;overflow:auto;background:#FFFFFF;">

<table style="font-family:Arial,Verdana,Times;font-size:12px;text-align:left;width:100%;border-collapse:collapse;padding:3px 3px 3px 3px">

<tr style="text-align:center;font-weight:bold;background:#9CBCE2">

<td>Naogaon PBS-1</td>

</tr>

<tr>

<td>

<table style="font-family:Arial,Verdana,Times;font-size:12px;text-align:left;width:100%;border-spacing:0px; padding:3px 3px 3px 3px">

<tr>

<td>PBS_Name</td>

<td>Naogaon PBS-1</td>

</tr>

<tr bgcolor="#D4E4F3">

<td>Surv_Date</td>

<td>2018-02-20</td>

</tr>

<tr>

<td>Proc_Date</td>

<td>2018-02-25</td>

</tr>

<tr bgcolor="#D4E4F3">

<td>Contd_Grid</td>

<td>Niamotpur</td>

</tr>

<tr>

<td>Contd_SS</td>

<td>Manda-1</td>

</tr>

<tr bgcolor="#D4E4F3">

<td>Feeder_N</td>

<td>Manda-1</td>

</tr>

<tr>

<td>Feeder_Typ</td>

<td>Main</td>

</tr>

<tr bgcolor="#D4E4F3">

<td>Circuit</td>

<td>1</td>

</tr>

<tr>

<td>Con_KV</td>

<td>33</td>

</tr>

<tr bgcolor="#D4E4F3">

<td>Con_Size</td>

<td>477 MCM</td>

</tr>

<tr>

<td>Spn_Len_M</td>

<td>0</td>

</tr>

<tr bgcolor="#D4E4F3">

<td>Length_M</td>

<td>3199.926729</td>

</tr>

<tr>

<td>Mileage_KM</td>

<td>3.199927</td>

</tr>

<tr bgcolor="#D4E4F3">

<td>Legend</td>

<td></td>

</tr>

<tr>

<td>Assigned</td>

<td>REB GIS</td>

</tr>

<tr bgcolor="#D4E4F3">

<td>FY</td>

<td>2017-18</td>

</tr>

<tr>

<td>Remarks</td>

<td>Reported</td>

</tr>

<tr bgcolor="#D4E4F3">

<td>Project</td>

<td></td>

</tr>

<tr>

<td>PkDemandMW</td>

<td>12.50</td>

</tr>

</table>

</td>

</tr>

</table>

</body><script type="text/javascript">

				function changeImage(attElement, nameElement) {

				document.getElementById('imageAttachment').src = attElement;

				document.getElementById('imageName').innerHTML = nameElement;}

			</script></html>]]></description>
			<styleUrl>#LineStyle001</styleUrl>
			<MultiGeometry>
				<LineString>
					<tessellate>1</tessellate>
					<coordinates>
						88.67086676665356,24.81100122515657,0 88.67011999999929,24.81173000035173,0 88.66971999972503,24.81210000046728,0 88.66925000023429,24.81217999969629,0 88.66880000005004,24.81230999982213,0 88.6683600007968,24.81236000003801,0 88.66777999956223,24.81246999945374,0 88.66734999964362,24.81256999971011,0 88.66667000011537,24.81271000023634,0 88.66629999989127,24.81293000001138,0 88.6658300005362,24.8128399993122,0 88.66518000013568,24.81311000010997,0 88.66470000046338,24.81311000006763,0 88.66429000094531,24.81330000050634,0 88.66383000045568,24.81326999982889,0 88.66320999980908,24.81337999980198,0 88.6626500006395,24.81358000043631,0 88.66216000056613,24.81367000003652,0 88.6616900000114,24.81369000003969,0 88.66129000018937,24.81380000050904,0 88.6607400000523,24.81385999922473,0 88.66019000002662,24.81392999989544,0 88.65977000001197,24.81405999971922,0 88.65935000006809,24.81419000020096,0 88.65870999961237,24.81434999966978,0 88.65824999978187,24.81440999954507,0 88.65728999924437,24.81465999975753,0 88.65700999961949,24.81463000022327,0 88.65648999907071,24.8147499999555,0 88.65593000053742,24.81479000006386,0 88.65535999936294,24.81497999960014,0 88.6548099994878,24.81509000029393,0 88.65431999971391,24.81522999993852,0 88.65381999981834,24.81529000003915,0 88.65321000034913,24.81540000032505,0 88.65270000016751,24.81540999979219,0 88.65215000045286,24.81551000041632,0 88.65157000057009,24.81550000033731,0 88.65105000025511,24.81554000013532,0 88.6503999997587,24.81558999961436,0 88.64997999938389,24.81562999981383,0 88.64925000001145,24.81563999970771,0 88.6487299997594,24.81568999999195,0 88.64779999923037,24.8157500003942,0 88.64731999984913,24.81576999986576,0 88.64664999956879,24.81580999992206,0 88.64595999948813,24.81584000005325,0 88.64541999936813,24.81589999997279,0 88.64492000013004,24.81575999964543,0 88.64410000030311,24.81586000013613,0 88.64357000004344,24.81588999963127,0 88.64297999943962,24.81595000043102,0 88.64250000038332,24.81605999984606,0 88.64192000009393,24.81610000051843,0 88.64127000075548,24.81619000007144,0 88.6405599991475,24.81663999996963,0 
					</coordinates>
				</LineString>
			</MultiGeometry>
		</Placemark>
		<Placemark id="ID_00016">
			<name>Manda-1</name>
			<snippet></snippet>
			<description><![CDATA[<html xmlns:fo="http://www.w3.org/1999/XSL/Format" xmlns:msxsl="urn:schemas-microsoft-com:xslt">

<head>

<META http-equiv="Content-Type" content="text/html">

<meta http-equiv="content-type" content="text/html; charset=UTF-8">

</head>

<body style="margin:0px 0px 0px 0px;overflow:auto;background:#FFFFFF;">

<table style="font-family:Arial,Verdana,Times;font-size:12px;text-align:left;width:100%;border-collapse:collapse;padding:3px 3px 3px 3px">

<tr style="text-align:center;font-weight:bold;background:#9CBCE2">

<td>Naogaon PBS-1</td>

</tr>

<tr>

<td>

<table style="font-family:Arial,Verdana,Times;font-size:12px;text-align:left;width:100%;border-spacing:0px; padding:3px 3px 3px 3px">

<tr>

<td>PBS_Name</td>

<td>Naogaon PBS-1</td>

</tr>

<tr bgcolor="#D4E4F3">

<td>Surv_Date</td>

<td>2018-02-13</td>

</tr>

<tr>

<td>Proc_Date</td>

<td>2018-02-26</td>

</tr>

<tr bgcolor="#D4E4F3">

<td>Contd_Grid</td>

<td>Niamotpur</td>

</tr>

<tr>

<td>Contd_SS</td>

<td>Manda-1</td>

</tr>

<tr bgcolor="#D4E4F3">

<td>Feeder_N</td>

<td>Manda-1</td>

</tr>

<tr>

<td>Feeder_Typ</td>

<td>Main</td>

</tr>

<tr bgcolor="#D4E4F3">

<td>Circuit</td>

<td>1</td>

</tr>

<tr>

<td>Con_KV</td>

<td>33</td>

</tr>

<tr bgcolor="#D4E4F3">

<td>Con_Size</td>

<td>477 MCM</td>

</tr>

<tr>

<td>Spn_Len_M</td>

<td>0</td>

</tr>

<tr bgcolor="#D4E4F3">

<td>Length_M</td>

<td>2561.445348</td>

</tr>

<tr>

<td>Mileage_KM</td>

<td>2.561445</td>

</tr>

<tr bgcolor="#D4E4F3">

<td>Legend</td>

<td></td>

</tr>

<tr>

<td>Assigned</td>

<td>REB GIS</td>

</tr>

<tr bgcolor="#D4E4F3">

<td>FY</td>

<td>2017-18</td>

</tr>

<tr>

<td>Remarks</td>

<td>Reported</td>

</tr>

<tr bgcolor="#D4E4F3">

<td>Project</td>

<td></td>

</tr>

<tr>

<td>PkDemandMW</td>

<td>12.50</td>

</tr>

</table>

</td>

</tr>

</table>

</body><script type="text/javascript">

				function changeImage(attElement, nameElement) {

				document.getElementById('imageAttachment').src = attElement;

				document.getElementById('imageName').innerHTML = nameElement;}

			</script></html>]]></description>
			<styleUrl>#LineStyle001</styleUrl>
			<MultiGeometry>
				<LineString>
					<tessellate>1</tessellate>
					<coordinates>
						88.62717999974971,24.83285999956627,0 88.62681000022751,24.83283999963988,0 88.62621000032196,24.83283999961267,0 88.62569000047463,24.83286000007871,0 88.62514000114997,24.83285000129561,0 88.62470000028475,24.83284000019308,0 88.62409999985722,24.83285000026089,0 88.62356999953278,24.83292999996267,0 88.62298000040185,24.83283000027041,0 88.62230999988695,24.83281000072194,0 88.6218000001564,24.83278000055461,0 88.62122999915852,24.83283000033425,0 88.62073000031924,24.8327199999584,0 88.62022999999253,24.83278000021701,0 88.61966999993911,24.83265999976181,0 88.61903999931388,24.83261999981687,0 88.61859000037309,24.83256999953586,0 88.61802999966315,24.83257999975416,0 88.61740000063304,24.83254000005715,0 88.61680999996437,24.83249999929011,0 88.61632999951956,24.83247999937298,0 88.61564999999209,24.8324200002262,0 88.61512999980754,24.83240000084951,0 88.61476000041226,24.83239999986249,0 88.61426000067672,24.8323600007162,0 88.61375999926494,24.83233999995152,0 88.61326999969229,24.83231000012393,0 88.61236999878916,24.83230000000062,0 88.61171999960891,24.83232000074358,0 88.61110000038967,24.83234000032639,0 88.61062000052623,24.83236999976803,0 88.61006999942406,24.83238000050394,0 88.60950000061523,24.83242000024892,0 88.60896000011491,24.83241999977736,0 88.60831000062315,24.83244999976218,0 88.60782000011747,24.83251000002884,0 88.60726000064864,24.8323799998461,0 88.60667000048514,24.8325199994343,0 88.60618000078253,24.83255999967036,0 88.60558000085784,24.83255000014908,0 88.60511000013942,24.83258999964755,0 88.6046399999662,24.83275999973099,0 88.60406999998699,24.83292999993504,0 88.6036100005705,24.83308999918617,0 88.60291000059598,24.833290000032,0 88.60235999945257,24.83338999973211,0 88.60211028108441,24.83344241033425,0 
					</coordinates>
				</LineString>
			</MultiGeometry>
		</Placemark>
		<Placemark id="ID_00017">
			<name>Niamotpur-2</name>
			<snippet></snippet>
			<description><![CDATA[<html xmlns:fo="http://www.w3.org/1999/XSL/Format" xmlns:msxsl="urn:schemas-microsoft-com:xslt">

<head>

<META http-equiv="Content-Type" content="text/html">

<meta http-equiv="content-type" content="text/html; charset=UTF-8">

</head>

<body style="margin:0px 0px 0px 0px;overflow:auto;background:#FFFFFF;">

<table style="font-family:Arial,Verdana,Times;font-size:12px;text-align:left;width:100%;border-collapse:collapse;padding:3px 3px 3px 3px">

<tr style="text-align:center;font-weight:bold;background:#9CBCE2">

<td>Naogaon PBS-1</td>

</tr>

<tr>

<td>

<table style="font-family:Arial,Verdana,Times;font-size:12px;text-align:left;width:100%;border-spacing:0px; padding:3px 3px 3px 3px">

<tr>

<td>PBS_Name</td>

<td>Naogaon PBS-1</td>

</tr>

<tr bgcolor="#D4E4F3">

<td>Surv_Date</td>

<td>2018-02-28</td>

</tr>

<tr>

<td>Proc_Date</td>

<td>2018-02-28</td>

</tr>

<tr bgcolor="#D4E4F3">

<td>Contd_Grid</td>

<td>Niamotpur</td>

</tr>

<tr>

<td>Contd_SS</td>

<td>Niamotpur-2</td>

</tr>

<tr bgcolor="#D4E4F3">

<td>Feeder_N</td>

<td>Niamotpur-2</td>

</tr>

<tr>

<td>Feeder_Typ</td>

<td>Main</td>

</tr>

<tr bgcolor="#D4E4F3">

<td>Circuit</td>

<td>1</td>

</tr>

<tr>

<td>Con_KV</td>

<td>33</td>

</tr>

<tr bgcolor="#D4E4F3">

<td>Con_Size</td>

<td>477 MCM</td>

</tr>

<tr>

<td>Spn_Len_M</td>

<td>0</td>

</tr>

<tr bgcolor="#D4E4F3">

<td>Length_M</td>

<td>1758.357629</td>

</tr>

<tr>

<td>Mileage_KM</td>

<td>1.758358</td>

</tr>

<tr bgcolor="#D4E4F3">

<td>Legend</td>

<td></td>

</tr>

<tr>

<td>Assigned</td>

<td>REB GIS</td>

</tr>

<tr bgcolor="#D4E4F3">

<td>FY</td>

<td>2017-18</td>

</tr>

<tr>

<td>Remarks</td>

<td>Reported</td>

</tr>

<tr bgcolor="#D4E4F3">

<td>Project</td>

<td></td>

</tr>

<tr>

<td>PkDemandMW</td>

<td>12.10</td>

</tr>

</table>

</td>

</tr>

</table>

</body><script type="text/javascript">

				function changeImage(attElement, nameElement) {

				document.getElementById('imageAttachment').src = attElement;

				document.getElementById('imageName').innerHTML = nameElement;}

			</script></html>]]></description>
			<styleUrl>#LineStyle001</styleUrl>
			<MultiGeometry>
				<LineString>
					<tessellate>1</tessellate>
					<coordinates>
						88.51971000019775,24.80837000040404,0 88.51929999971802,24.80789999984833,0 88.51929999947035,24.80784999945684,0 88.51856000093547,24.80753000057589,0 88.51791999943056,24.80750999961212,0 88.51745000013361,24.80751999921286,0 88.51691000016872,24.80749999965757,0 88.51519000055472,24.80751999931621,0 88.51464999947656,24.80751000053378,0 88.51417999977389,24.80749999906481,0 88.51340000020762,24.80749000077707,0 88.51279000078334,24.80750999986808,0 88.51232999974427,24.80750999971933,0 88.51197000030484,24.80750999950423,0 88.51103000004244,24.80747999906343,0 88.51076000062916,24.80746999964056,0 88.51000999938032,24.80752999976641,0 88.50929000033074,24.80761000027067,0 88.50879000044692,24.80767000055557,0 88.50835999959584,24.80769999959837,0 88.50752999930958,24.80779000112327,0 88.50708000056578,24.80779000051788,0 88.50637999949419,24.80790999936868,0 88.50598999907761,24.80792000064381,0 88.50540000106062,24.80792999951268,0 88.50489999938702,24.80786000031788,0 88.50426999961445,24.80776000051597,0 88.50377000009989,24.80765999943853,0 88.50354999983067,24.80765000077346,0 88.50321000010821,24.80749999953856,0 88.50317999919851,24.80743999887731,0 88.5031900003551,24.8074300004525,0 88.50316999943756,24.80722999934923,0 88.50327300104342,24.8072452999995,0 
					</coordinates>
				</LineString>
			</MultiGeometry>
		</Placemark>
		<Placemark id="ID_00018">
			<name>Niamotpur-2</name>
			<snippet></snippet>
			<description><![CDATA[<html xmlns:fo="http://www.w3.org/1999/XSL/Format" xmlns:msxsl="urn:schemas-microsoft-com:xslt">

<head>

<META http-equiv="Content-Type" content="text/html">

<meta http-equiv="content-type" content="text/html; charset=UTF-8">

</head>

<body style="margin:0px 0px 0px 0px;overflow:auto;background:#FFFFFF;">

<table style="font-family:Arial,Verdana,Times;font-size:12px;text-align:left;width:100%;border-collapse:collapse;padding:3px 3px 3px 3px">

<tr style="text-align:center;font-weight:bold;background:#9CBCE2">

<td>Naogaon PBS-1</td>

</tr>

<tr>

<td>

<table style="font-family:Arial,Verdana,Times;font-size:12px;text-align:left;width:100%;border-spacing:0px; padding:3px 3px 3px 3px">

<tr>

<td>PBS_Name</td>

<td>Naogaon PBS-1</td>

</tr>

<tr bgcolor="#D4E4F3">

<td>Surv_Date</td>

<td>2018-02-24</td>

</tr>

<tr>

<td>Proc_Date</td>

<td>2018-02-26</td>

</tr>

<tr bgcolor="#D4E4F3">

<td>Contd_Grid</td>

<td>Niamotpur</td>

</tr>

<tr>

<td>Contd_SS</td>

<td>Niamotpur-2</td>

</tr>

<tr bgcolor="#D4E4F3">

<td>Feeder_N</td>

<td>Niamotpur-2</td>

</tr>

<tr>

<td>Feeder_Typ</td>

<td>Main</td>

</tr>

<tr bgcolor="#D4E4F3">

<td>Circuit</td>

<td>1</td>

</tr>

<tr>

<td>Con_KV</td>

<td>33</td>

</tr>

<tr bgcolor="#D4E4F3">

<td>Con_Size</td>

<td>477 MCM</td>

</tr>

<tr>

<td>Spn_Len_M</td>

<td>0</td>

</tr>

<tr bgcolor="#D4E4F3">

<td>Length_M</td>

<td>2944.288109</td>

</tr>

<tr>

<td>Mileage_KM</td>

<td>2.944288</td>

</tr>

<tr bgcolor="#D4E4F3">

<td>Legend</td>

<td></td>

</tr>

<tr>

<td>Assigned</td>

<td>REB GIS</td>

</tr>

<tr bgcolor="#D4E4F3">

<td>FY</td>

<td>2017-18</td>

</tr>

<tr>

<td>Remarks</td>

<td>Reported</td>

</tr>

<tr bgcolor="#D4E4F3">

<td>Project</td>

<td></td>

</tr>

<tr>

<td>PkDemandMW</td>

<td>12.10</td>

</tr>

</table>

</td>

</tr>

</table>

</body><script type="text/javascript">

				function changeImage(attElement, nameElement) {

				document.getElementById('imageAttachment').src = attElement;

				document.getElementById('imageName').innerHTML = nameElement;}

			</script></html>]]></description>
			<styleUrl>#LineStyle001</styleUrl>
			<MultiGeometry>
				<LineString>
					<tessellate>1</tessellate>
					<coordinates>
						88.540059999703,24.82461000051401,0 88.53921000016028,24.82440999980091,0 88.53863999980886,24.82421000019357,0 88.53819999964183,24.82406999968102,0 88.53724000020306,24.82372000044451,0 88.53693000065581,24.82372000037486,0 88.53617999896902,24.82354000006844,0 88.53537000042509,24.82314999985057,0 88.53468999979573,24.82316000020884,0 88.53434999975424,24.82272000029906,0 88.53412999938314,24.82241000035721,0 88.53367000004026,24.8221699996554,0 88.53288999951634,24.82172999980441,0 88.53233000106421,24.82134000025942,0 88.53182999926855,24.82126999909291,0 88.53147999967418,24.82082999961026,0 88.53097000022076,24.82075999945232,0 88.53013000016733,24.82034999967979,0 88.52969999967381,24.82008000008801,0 88.52915999987336,24.81981000006666,0 88.52893000036227,24.8195600000582,0 88.52855000083841,24.81887000001538,0 88.52831000029387,24.81855999997303,0 88.52738999994565,24.81810999930875,0 88.52693999925785,24.81762999971318,0 88.52669000072862,24.81728999995977,0 88.52629999986486,24.8169999997241,0 88.52589000005287,24.81620999961083,0 88.52545999970506,24.81591999968806,0 88.52527999928932,24.81537999994071,0 88.5247199996443,24.8147399998505,0 88.5244900001998,24.81438000076307,0 88.5243500005905,24.81374999920503,0 88.52428000080651,24.8132199996415,0 88.52417999978003,24.81288999991999,0 88.52396999927008,24.81247999970365,0 88.52366000055817,24.81169000038848,0 88.52367000030119,24.81139000051656,0 88.52357000007672,24.81069000005427,0 88.52236108196371,24.80970197694301,0 88.52100018241764,24.80901961916731,0 88.51971000019775,24.80837000040404,0 
					</coordinates>
				</LineString>
			</MultiGeometry>
		</Placemark>
		<Placemark id="ID_00019">
			<name>Niamotpur-2</name>
			<snippet></snippet>
			<description><![CDATA[<html xmlns:fo="http://www.w3.org/1999/XSL/Format" xmlns:msxsl="urn:schemas-microsoft-com:xslt">

<head>

<META http-equiv="Content-Type" content="text/html">

<meta http-equiv="content-type" content="text/html; charset=UTF-8">

</head>

<body style="margin:0px 0px 0px 0px;overflow:auto;background:#FFFFFF;">

<table style="font-family:Arial,Verdana,Times;font-size:12px;text-align:left;width:100%;border-collapse:collapse;padding:3px 3px 3px 3px">

<tr style="text-align:center;font-weight:bold;background:#9CBCE2">

<td>Naogaon PBS-1</td>

</tr>

<tr>

<td>

<table style="font-family:Arial,Verdana,Times;font-size:12px;text-align:left;width:100%;border-spacing:0px; padding:3px 3px 3px 3px">

<tr>

<td>PBS_Name</td>

<td>Naogaon PBS-1</td>

</tr>

<tr bgcolor="#D4E4F3">

<td>Surv_Date</td>

<td>2018-01-20</td>

</tr>

<tr>

<td>Proc_Date</td>

<td>2018-02-26</td>

</tr>

<tr bgcolor="#D4E4F3">

<td>Contd_Grid</td>

<td>Niamotpur</td>

</tr>

<tr>

<td>Contd_SS</td>

<td>Niamotpur-2</td>

</tr>

<tr bgcolor="#D4E4F3">

<td>Feeder_N</td>

<td>Niamotpur-2</td>

</tr>

<tr>

<td>Feeder_Typ</td>

<td>Main</td>

</tr>

<tr bgcolor="#D4E4F3">

<td>Circuit</td>

<td>1</td>

</tr>

<tr>

<td>Con_KV</td>

<td>33</td>

</tr>

<tr bgcolor="#D4E4F3">

<td>Con_Size</td>

<td>477 MCM</td>

</tr>

<tr>

<td>Spn_Len_M</td>

<td>0</td>

</tr>

<tr bgcolor="#D4E4F3">

<td>Length_M</td>

<td>3601.583477</td>

</tr>

<tr>

<td>Mileage_KM</td>

<td>3.601583</td>

</tr>

<tr bgcolor="#D4E4F3">

<td>Legend</td>

<td></td>

</tr>

<tr>

<td>Assigned</td>

<td>REB GIS</td>

</tr>

<tr bgcolor="#D4E4F3">

<td>FY</td>

<td>2017-18</td>

</tr>

<tr>

<td>Remarks</td>

<td>Reported</td>

</tr>

<tr bgcolor="#D4E4F3">

<td>Project</td>

<td></td>

</tr>

<tr>

<td>PkDemandMW</td>

<td>12.10</td>

</tr>

</table>

</td>

</tr>

</table>

</body><script type="text/javascript">

				function changeImage(attElement, nameElement) {

				document.getElementById('imageAttachment').src = attElement;

				document.getElementById('imageName').innerHTML = nameElement;}

			</script></html>]]></description>
			<styleUrl>#LineStyle001</styleUrl>
			<MultiGeometry>
				<LineString>
					<tessellate>1</tessellate>
					<coordinates>
						88.56851000037415,24.83822999978902,0 88.56739999880121,24.83819000010994,0 88.56696000008039,24.83832000054484,0 88.56581000015925,24.83874999972631,0 88.56515999935338,24.83881999931715,0 88.56455999995157,24.83888999989948,0 88.56416000037103,24.83904999972675,0 88.56347000003156,24.83897000043704,0 88.56320999919326,24.83918000060266,0 88.56272999997354,24.8394499998677,0 88.56231000004156,24.83923000041511,0 88.56156999944704,24.83889000021311,0 88.561230000946,24.83851999983877,0 88.56069000118498,24.83820000045634,0 88.56023000043243,24.83790999998447,0 88.55969999889514,24.83754000026235,0 88.559200000088,24.83710000061868,0 88.55879999921679,24.83707000012501,0 88.55834999929509,24.83702999921942,0 88.55771000038871,24.83684999920861,0 88.55704999977448,24.83665000032303,0 88.55633000032302,24.83664999977643,0 88.55558999946568,24.83647999960487,0 88.5551200002331,24.83615000010166,0 88.55446999936652,24.83595000100703,0 88.55386000051696,24.83580999968413,0 88.55327999940528,24.83565000053588,0 88.55285999991438,24.83528000030337,0 88.55243000064205,24.83488999928782,0 88.5519600002861,24.83474000035768,0 88.55150999959389,24.83426000041569,0 88.55132000038034,24.83349000053065,0 88.55078999937011,24.83334000010822,0 88.55033999974849,24.83320000017694,0 88.54984000045141,24.83316000041195,0 88.54955000042774,24.83242000011719,0 88.54922000116098,24.83207999934011,0 88.54887000044967,24.83175999961674,0 88.54859000012344,24.83142999991354,0 88.54824000004609,24.83113999969858,0 88.54791000046342,24.83093999988742,0 88.54739000004344,24.83068000025275,0 88.54606999980969,24.82885999990924,0 88.54567999901595,24.82895000073338,0 88.54546999936723,24.82867999895888,0 88.54547999959672,24.82847999993303,0 88.54524000050311,24.82816999995933,0 88.54490999986285,24.82776000087776,0 88.54445000005056,24.82737999999945,0 88.5439100000188,24.82703999958835,0 88.54325000030636,24.82661999965723,0 88.54279999985388,24.8262599998243,0 88.54230000006837,24.82586999938717,0 88.54181000037572,24.82550999996932,0 88.54130675031766,24.82513595150401,0 88.54064332965187,24.82481864345826,0 88.540059999703,24.82461000051401,0 
					</coordinates>
				</LineString>
			</MultiGeometry>
		</Placemark>
		<Placemark id="ID_00020">
			<name>Manda-1</name>
			<snippet></snippet>
			<description><![CDATA[<html xmlns:fo="http://www.w3.org/1999/XSL/Format" xmlns:msxsl="urn:schemas-microsoft-com:xslt">

<head>

<META http-equiv="Content-Type" content="text/html">

<meta http-equiv="content-type" content="text/html; charset=UTF-8">

</head>

<body style="margin:0px 0px 0px 0px;overflow:auto;background:#FFFFFF;">

<table style="font-family:Arial,Verdana,Times;font-size:12px;text-align:left;width:100%;border-collapse:collapse;padding:3px 3px 3px 3px">

<tr style="text-align:center;font-weight:bold;background:#9CBCE2">

<td>Naogaon PBS-1</td>

</tr>

<tr>

<td>

<table style="font-family:Arial,Verdana,Times;font-size:12px;text-align:left;width:100%;border-spacing:0px; padding:3px 3px 3px 3px">

<tr>

<td>PBS_Name</td>

<td>Naogaon PBS-1</td>

</tr>

<tr bgcolor="#D4E4F3">

<td>Surv_Date</td>

<td>2018-02-11</td>

</tr>

<tr>

<td>Proc_Date</td>

<td>2018-02-26</td>

</tr>

<tr bgcolor="#D4E4F3">

<td>Contd_Grid</td>

<td>Niamotpur</td>

</tr>

<tr>

<td>Contd_SS</td>

<td>Manda-1</td>

</tr>

<tr bgcolor="#D4E4F3">

<td>Feeder_N</td>

<td>Manda-1</td>

</tr>

<tr>

<td>Feeder_Typ</td>

<td>Main</td>

</tr>

<tr bgcolor="#D4E4F3">

<td>Circuit</td>

<td>1</td>

</tr>

<tr>

<td>Con_KV</td>

<td>33</td>

</tr>

<tr bgcolor="#D4E4F3">

<td>Con_Size</td>

<td>477 MCM</td>

</tr>

<tr>

<td>Spn_Len_M</td>

<td>0</td>

</tr>

<tr bgcolor="#D4E4F3">

<td>Length_M</td>

<td>1540.926748</td>

</tr>

<tr>

<td>Mileage_KM</td>

<td>1.540927</td>

</tr>

<tr bgcolor="#D4E4F3">

<td>Legend</td>

<td></td>

</tr>

<tr>

<td>Assigned</td>

<td>REB GIS</td>

</tr>

<tr bgcolor="#D4E4F3">

<td>FY</td>

<td>2017-18</td>

</tr>

<tr>

<td>Remarks</td>

<td>Reported</td>

</tr>

<tr bgcolor="#D4E4F3">

<td>Project</td>

<td></td>

</tr>

<tr>

<td>PkDemandMW</td>

<td>12.50</td>

</tr>

</table>

</td>

</tr>

</table>

</body><script type="text/javascript">

				function changeImage(attElement, nameElement) {

				document.getElementById('imageAttachment').src = attElement;

				document.getElementById('imageName').innerHTML = nameElement;}

			</script></html>]]></description>
			<styleUrl>#LineStyle001</styleUrl>
			<MultiGeometry>
				<LineString>
					<tessellate>1</tessellate>
					<coordinates>
						88.60211028108441,24.83344241033425,0 88.60179000029005,24.83345999985395,0 88.60131999964202,24.83359000036303,0 88.60075999967118,24.8336900002752,0 88.60026000015912,24.83381000048896,0 88.59981000007575,24.83384000092229,0 88.59939440828865,24.83384482189986,0 88.59903999946394,24.83354999986066,0 88.59885999948166,24.83309999964249,0 88.59856000067745,24.83271000096688,0 88.59839353807067,24.83241820321393,0 88.59817000038386,24.83206000045392,0 88.59768000043694,24.83180000031469,0 88.59704999962287,24.83179999953836,0 88.59636999942339,24.83180999976867,0 88.59578000081925,24.83179999923545,0 88.59520999998799,24.83185000014075,0 88.59464000020975,24.83181000035107,0 88.59400000049261,24.83179999894452,0 88.59345000095131,24.83205000016109,0 88.59288999894108,24.83228999985043,0 88.59242999983701,24.83251999965108,0 88.59189999911003,24.83271999988158,0 88.59147000017606,24.83290999926073,0 88.59096241088257,24.83307964312495,0 88.59044999918,24.83333000015043,0 88.5899499999674,24.8335900009774,0 88.58946000003634,24.83378000014808,0 88.58904000056435,24.8337600003253,0 88.58862000022665,24.83384000036087,0 
					</coordinates>
				</LineString>
			</MultiGeometry>
		</Placemark>
		<Placemark id="ID_00021">
			<name>Manda-1</name>
			<snippet></snippet>
			<description><![CDATA[<html xmlns:fo="http://www.w3.org/1999/XSL/Format" xmlns:msxsl="urn:schemas-microsoft-com:xslt">

<head>

<META http-equiv="Content-Type" content="text/html">

<meta http-equiv="content-type" content="text/html; charset=UTF-8">

</head>

<body style="margin:0px 0px 0px 0px;overflow:auto;background:#FFFFFF;">

<table style="font-family:Arial,Verdana,Times;font-size:12px;text-align:left;width:100%;border-collapse:collapse;padding:3px 3px 3px 3px">

<tr style="text-align:center;font-weight:bold;background:#9CBCE2">

<td>Naogaon PBS-1</td>

</tr>

<tr>

<td>

<table style="font-family:Arial,Verdana,Times;font-size:12px;text-align:left;width:100%;border-spacing:0px; padding:3px 3px 3px 3px">

<tr>

<td>PBS_Name</td>

<td>Naogaon PBS-1</td>

</tr>

<tr bgcolor="#D4E4F3">

<td>Surv_Date</td>

<td>2018-02-24</td>

</tr>

<tr>

<td>Proc_Date</td>

<td>2018-02-27</td>

</tr>

<tr bgcolor="#D4E4F3">

<td>Contd_Grid</td>

<td>Niamotpur</td>

</tr>

<tr>

<td>Contd_SS</td>

<td>Manda-1</td>

</tr>

<tr bgcolor="#D4E4F3">

<td>Feeder_N</td>

<td>Manda-1</td>

</tr>

<tr>

<td>Feeder_Typ</td>

<td>Main</td>

</tr>

<tr bgcolor="#D4E4F3">

<td>Circuit</td>

<td>1</td>

</tr>

<tr>

<td>Con_KV</td>

<td>33</td>

</tr>

<tr bgcolor="#D4E4F3">

<td>Con_Size</td>

<td>477 MCM</td>

</tr>

<tr>

<td>Spn_Len_M</td>

<td>0</td>

</tr>

<tr bgcolor="#D4E4F3">

<td>Length_M</td>

<td>1715.859499</td>

</tr>

<tr>

<td>Mileage_KM</td>

<td>1.715859</td>

</tr>

<tr bgcolor="#D4E4F3">

<td>Legend</td>

<td></td>

</tr>

<tr>

<td>Assigned</td>

<td>REB GIS</td>

</tr>

<tr bgcolor="#D4E4F3">

<td>FY</td>

<td>2017-18</td>

</tr>

<tr>

<td>Remarks</td>

<td>Reported</td>

</tr>

<tr bgcolor="#D4E4F3">

<td>Project</td>

<td></td>

</tr>

<tr>

<td>PkDemandMW</td>

<td>12.50</td>

</tr>

</table>

</td>

</tr>

</table>

</body><script type="text/javascript">

				function changeImage(attElement, nameElement) {

				document.getElementById('imageAttachment').src = attElement;

				document.getElementById('imageName').innerHTML = nameElement;}

			</script></html>]]></description>
			<styleUrl>#LineStyle001</styleUrl>
			<MultiGeometry>
				<LineString>
					<tessellate>1</tessellate>
					<coordinates>
						88.68560000014732,24.8036899999989,0 88.68520999985174,24.80384000053102,0 88.68461000000603,24.80407000016861,0 88.68428000066264,24.8042199997668,0 88.68374000069495,24.80444999939491,0 88.68326000065059,24.80463000041012,0 88.68283000014621,24.80482000020185,0 88.68216000067846,24.80511999979315,0 88.6817299996672,24.8053100001652,0 88.68105000069171,24.80553999974592,0 88.68049999941876,24.80580999965619,0 88.67987999992197,24.80605000013909,0 88.67935000003665,24.80630000009794,0 88.67886000073932,24.80649999923545,0 88.6783799996356,24.80672000079574,0 88.67779999992722,24.80694999977162,0 88.6773799997605,24.80713000023165,0 88.67706000024828,24.80725999998603,0 88.67657999969231,24.80745999990036,0 88.67599999989136,24.80769000027541,0 88.67536999993558,24.80791999969128,0 88.67485999973054,24.80815000079309,0 88.67438000031105,24.8083200001911,0 88.67382000048505,24.80854000023732,0 88.67328999978403,24.80874999999849,0 88.67286000013986,24.80916999926433,0 88.67235000020462,24.80961000055706,0 88.67198999978082,24.80997000019661,0 88.67165000049746,24.8102299998512,0 88.67140368908903,24.8104589101814,0 88.67114999987658,24.81068999997273,0 88.67086676666567,24.81100122605931,0 
					</coordinates>
				</LineString>
			</MultiGeometry>
		</Placemark>
		<Placemark id="ID_00022">
			<name>Manda-1</name>
			<snippet></snippet>
			<description><![CDATA[<html xmlns:fo="http://www.w3.org/1999/XSL/Format" xmlns:msxsl="urn:schemas-microsoft-com:xslt">

<head>

<META http-equiv="Content-Type" content="text/html">

<meta http-equiv="content-type" content="text/html; charset=UTF-8">

</head>

<body style="margin:0px 0px 0px 0px;overflow:auto;background:#FFFFFF;">

<table style="font-family:Arial,Verdana,Times;font-size:12px;text-align:left;width:100%;border-collapse:collapse;padding:3px 3px 3px 3px">

<tr style="text-align:center;font-weight:bold;background:#9CBCE2">

<td>Naogaon PBS-1</td>

</tr>

<tr>

<td>

<table style="font-family:Arial,Verdana,Times;font-size:12px;text-align:left;width:100%;border-spacing:0px; padding:3px 3px 3px 3px">

<tr>

<td>PBS_Name</td>

<td>Naogaon PBS-1</td>

</tr>

<tr bgcolor="#D4E4F3">

<td>Surv_Date</td>

<td>2018-02-25</td>

</tr>

<tr>

<td>Proc_Date</td>

<td>2018-02-27</td>

</tr>

<tr bgcolor="#D4E4F3">

<td>Contd_Grid</td>

<td>Niamotpur</td>

</tr>

<tr>

<td>Contd_SS</td>

<td>Manda-1</td>

</tr>

<tr bgcolor="#D4E4F3">

<td>Feeder_N</td>

<td>Manda-1</td>

</tr>

<tr>

<td>Feeder_Typ</td>

<td>Main</td>

</tr>

<tr bgcolor="#D4E4F3">

<td>Circuit</td>

<td>1</td>

</tr>

<tr>

<td>Con_KV</td>

<td>33</td>

</tr>

<tr bgcolor="#D4E4F3">

<td>Con_Size</td>

<td>477 MCM</td>

</tr>

<tr>

<td>Spn_Len_M</td>

<td>0</td>

</tr>

<tr bgcolor="#D4E4F3">

<td>Length_M</td>

<td>2238.873798</td>

</tr>

<tr>

<td>Mileage_KM</td>

<td>2.238874</td>

</tr>

<tr bgcolor="#D4E4F3">

<td>Legend</td>

<td></td>

</tr>

<tr>

<td>Assigned</td>

<td>REB GIS</td>

</tr>

<tr bgcolor="#D4E4F3">

<td>FY</td>

<td>2017-18</td>

</tr>

<tr>

<td>Remarks</td>

<td>Reported</td>

</tr>

<tr bgcolor="#D4E4F3">

<td>Project</td>

<td></td>

</tr>

<tr>

<td>PkDemandMW</td>

<td>12.50</td>

</tr>

</table>

</td>

</tr>

</table>

</body><script type="text/javascript">

				function changeImage(attElement, nameElement) {

				document.getElementById('imageAttachment').src = attElement;

				document.getElementById('imageName').innerHTML = nameElement;}

			</script></html>]]></description>
			<styleUrl>#LineStyle001</styleUrl>
			<MultiGeometry>
				<LineString>
					<tessellate>1</tessellate>
					<coordinates>
						88.69568999997124,24.78910999959406,0 88.69563000019318,24.78962000022879,0 88.69563884567175,24.79013744594302,0 88.69563884589573,24.79049744624174,0 88.69554000061186,24.79090999981921,0 88.69546000000544,24.79141000008493,0 88.69542999997002,24.79188999936924,0 88.69529999967469,24.79254999956046,0 88.69518000012714,24.79284999986715,0 88.695110000196,24.79353999987006,0 88.694859999919,24.79393999993912,0 88.69468999969325,24.79448999938404,0 88.69456999995545,24.79498000054764,0 88.69442000028721,24.7955299998242,0 88.69426999984933,24.79609000013726,0 88.69409999945248,24.79661000003706,0 88.69402000000102,24.79696000023563,0 88.69429000022521,24.79733999975669,0 88.69461000020388,24.79777999999111,0 88.69482999977512,24.79801000023037,0 88.69517000006141,24.79840999992322,0 88.69478999998955,24.79871999996998,0 88.69444000009469,24.79907000072571,0 88.69404999928705,24.79952999962797,0 88.69370000040021,24.79988999994411,0 88.69316999940777,24.80025000002472,0 88.69305999972563,24.8003799996259,0 88.69246999989548,24.80065999989221,0 88.69189999944389,24.80094999952426,0 88.69135000001775,24.80123000001629,0 88.69079999974151,24.80148999986956,0 88.69047000047165,24.80165000021093,0 88.68970000018447,24.80203999996679,0 88.68911000026878,24.80226000040236,0 88.68855999952143,24.80248000032514,0 88.68803000001024,24.80268999984921,0 88.68755000025392,24.80298999933452,0 88.6869999997291,24.80318000014814,0 88.68655999962597,24.80330000013393,0 88.68622999946439,24.80344199986731,0 88.68560000014732,24.8036899999989,0 
					</coordinates>
				</LineString>
			</MultiGeometry>
		</Placemark>
		<Placemark id="ID_00023">
			<name>Manda-1</name>
			<snippet></snippet>
			<description><![CDATA[<html xmlns:fo="http://www.w3.org/1999/XSL/Format" xmlns:msxsl="urn:schemas-microsoft-com:xslt">

<head>

<META http-equiv="Content-Type" content="text/html">

<meta http-equiv="content-type" content="text/html; charset=UTF-8">

</head>

<body style="margin:0px 0px 0px 0px;overflow:auto;background:#FFFFFF;">

<table style="font-family:Arial,Verdana,Times;font-size:12px;text-align:left;width:100%;border-collapse:collapse;padding:3px 3px 3px 3px">

<tr style="text-align:center;font-weight:bold;background:#9CBCE2">

<td>Naogaon PBS-1</td>

</tr>

<tr>

<td>

<table style="font-family:Arial,Verdana,Times;font-size:12px;text-align:left;width:100%;border-spacing:0px; padding:3px 3px 3px 3px">

<tr>

<td>PBS_Name</td>

<td>Naogaon PBS-1</td>

</tr>

<tr bgcolor="#D4E4F3">

<td>Surv_Date</td>

<td>2018-03-03</td>

</tr>

<tr>

<td>Proc_Date</td>

<td>2018-03-07</td>

</tr>

<tr bgcolor="#D4E4F3">

<td>Contd_Grid</td>

<td>Niamotpur</td>

</tr>

<tr>

<td>Contd_SS</td>

<td>Manda-1</td>

</tr>

<tr bgcolor="#D4E4F3">

<td>Feeder_N</td>

<td>Manda-1</td>

</tr>

<tr>

<td>Feeder_Typ</td>

<td>Main</td>

</tr>

<tr bgcolor="#D4E4F3">

<td>Circuit</td>

<td>1</td>

</tr>

<tr>

<td>Con_KV</td>

<td>33</td>

</tr>

<tr bgcolor="#D4E4F3">

<td>Con_Size</td>

<td>477 MCM</td>

</tr>

<tr>

<td>Spn_Len_M</td>

<td>0</td>

</tr>

<tr bgcolor="#D4E4F3">

<td>Length_M</td>

<td>811.839976</td>

</tr>

<tr>

<td>Mileage_KM</td>

<td>0.81184</td>

</tr>

<tr bgcolor="#D4E4F3">

<td>Legend</td>

<td></td>

</tr>

<tr>

<td>Assigned</td>

<td>REB GIS</td>

</tr>

<tr bgcolor="#D4E4F3">

<td>FY</td>

<td>2017-18</td>

</tr>

<tr>

<td>Remarks</td>

<td>Reported</td>

</tr>

<tr bgcolor="#D4E4F3">

<td>Project</td>

<td></td>

</tr>

<tr>

<td>PkDemandMW</td>

<td>12.50</td>

</tr>

</table>

</td>

</tr>

</table>

</body><script type="text/javascript">

				function changeImage(attElement, nameElement) {

				document.getElementById('imageAttachment').src = attElement;

				document.getElementById('imageName').innerHTML = nameElement;}

			</script></html>]]></description>
			<styleUrl>#LineStyle001</styleUrl>
			<MultiGeometry>
				<LineString>
					<tessellate>1</tessellate>
					<coordinates>
						88.69815000012855,24.78225000076454,0 88.69814999948031,24.7827699998565,0 88.69799000010076,24.78315000023468,0 88.69792000006339,24.78330000010395,0 88.69763000032938,24.78385999971962,0 88.69742999939552,24.78424999940448,0 88.69717000044477,24.78475999978185,0 88.6966899999576,24.78569999977701,0 88.69640000052469,24.78623999949249,0 88.69627000054355,24.78648999972664,0 88.6960800002671,24.78689999967403,0 88.69581000074811,24.78747000003856,0 88.69575999935024,24.78792999992875,0 88.69572000057582,24.78838999930964,0 88.69572000049519,24.7888500004803,0 88.69568999997124,24.78910999959406,0 
					</coordinates>
				</LineString>
			</MultiGeometry>
		</Placemark>
		<Placemark id="ID_00024">
			<name>Manda-1</name>
			<snippet></snippet>
			<description><![CDATA[<html xmlns:fo="http://www.w3.org/1999/XSL/Format" xmlns:msxsl="urn:schemas-microsoft-com:xslt">

<head>

<META http-equiv="Content-Type" content="text/html">

<meta http-equiv="content-type" content="text/html; charset=UTF-8">

</head>

<body style="margin:0px 0px 0px 0px;overflow:auto;background:#FFFFFF;">

<table style="font-family:Arial,Verdana,Times;font-size:12px;text-align:left;width:100%;border-collapse:collapse;padding:3px 3px 3px 3px">

<tr style="text-align:center;font-weight:bold;background:#9CBCE2">

<td>Naogaon PBS-1</td>

</tr>

<tr>

<td>

<table style="font-family:Arial,Verdana,Times;font-size:12px;text-align:left;width:100%;border-spacing:0px; padding:3px 3px 3px 3px">

<tr>

<td>PBS_Name</td>

<td>Naogaon PBS-1</td>

</tr>

<tr bgcolor="#D4E4F3">

<td>Surv_Date</td>

<td>2018-03-04</td>

</tr>

<tr>

<td>Proc_Date</td>

<td>2018-03-07</td>

</tr>

<tr bgcolor="#D4E4F3">

<td>Contd_Grid</td>

<td>Niamotpur</td>

</tr>

<tr>

<td>Contd_SS</td>

<td>Manda-1</td>

</tr>

<tr bgcolor="#D4E4F3">

<td>Feeder_N</td>

<td>Manda-1</td>

</tr>

<tr>

<td>Feeder_Typ</td>

<td>Main</td>

</tr>

<tr bgcolor="#D4E4F3">

<td>Circuit</td>

<td>1</td>

</tr>

<tr>

<td>Con_KV</td>

<td>33</td>

</tr>

<tr bgcolor="#D4E4F3">

<td>Con_Size</td>

<td>477 MCM</td>

</tr>

<tr>

<td>Spn_Len_M</td>

<td>0</td>

</tr>

<tr bgcolor="#D4E4F3">

<td>Length_M</td>

<td>1420.766923</td>

</tr>

<tr>

<td>Mileage_KM</td>

<td>1.420767</td>

</tr>

<tr bgcolor="#D4E4F3">

<td>Legend</td>

<td></td>

</tr>

<tr>

<td>Assigned</td>

<td>REB GIS</td>

</tr>

<tr bgcolor="#D4E4F3">

<td>FY</td>

<td>2017-18</td>

</tr>

<tr>

<td>Remarks</td>

<td>Reported</td>

</tr>

<tr bgcolor="#D4E4F3">

<td>Project</td>

<td></td>

</tr>

<tr>

<td>PkDemandMW</td>

<td>12.50</td>

</tr>

</table>

</td>

</tr>

</table>

</body><script type="text/javascript">

				function changeImage(attElement, nameElement) {

				document.getElementById('imageAttachment').src = attElement;

				document.getElementById('imageName').innerHTML = nameElement;}

			</script></html>]]></description>
			<styleUrl>#LineStyle001</styleUrl>
			<MultiGeometry>
				<LineString>
					<tessellate>1</tessellate>
					<coordinates>
						88.69581629268761,24.77067125811632,0 88.69564080750136,24.77085566764736,0 88.69550101444037,24.77101628104023,0 88.69539096450767,24.77115607392136,0 88.69526704414749,24.7713390287892,0 88.69520728827443,24.77149142779547,0 88.69512815869392,24.77169891676753,0 88.69503528514701,24.77193020046955,0 88.69489589932796,24.77213958676751,0 88.69484999968579,24.77229000046438,0 88.69469000008978,24.77269000002968,0 88.69453999953598,24.77320000045229,0 88.69442999975817,24.77346999988846,0 88.69433999959975,24.77376000010848,0 88.69425835943723,24.77423467165721,0 88.69429999935804,24.77465999976251,0 88.694439999065,24.77496999956834,0 88.69467000074873,24.775450000029,0 88.69486999956503,24.77587000035779,0 88.69507000008501,24.77627000066815,0 88.6952599997451,24.77668999977858,0 88.69544999999742,24.77708999981946,0 88.69566999992024,24.77752000004343,0 88.6958799996716,24.77797999930247,0 88.69609999994525,24.77838999997619,0 88.69633999950887,24.77880999960102,0 88.6965899999565,24.77920999952802,0 88.6968400005812,24.77960000048556,0 88.69711999990803,24.78006999973172,0 88.69729000037864,24.78054000059943,0 88.69741000059584,24.78079999925447,0 88.69766999957753,24.78091999989466,0 88.69805000014041,24.78129999989923,0 88.69810000000314,24.78184000025574,0 88.69815000012855,24.78225000076454,0 
					</coordinates>
				</LineString>
			</MultiGeometry>
		</Placemark>
		<Placemark id="ID_00025">
			<name>Manda-1</name>
			<snippet></snippet>
			<description><![CDATA[<html xmlns:fo="http://www.w3.org/1999/XSL/Format" xmlns:msxsl="urn:schemas-microsoft-com:xslt">

<head>

<META http-equiv="Content-Type" content="text/html">

<meta http-equiv="content-type" content="text/html; charset=UTF-8">

</head>

<body style="margin:0px 0px 0px 0px;overflow:auto;background:#FFFFFF;">

<table style="font-family:Arial,Verdana,Times;font-size:12px;text-align:left;width:100%;border-collapse:collapse;padding:3px 3px 3px 3px">

<tr style="text-align:center;font-weight:bold;background:#9CBCE2">

<td>Naogaon PBS-1</td>

</tr>

<tr>

<td>

<table style="font-family:Arial,Verdana,Times;font-size:12px;text-align:left;width:100%;border-spacing:0px; padding:3px 3px 3px 3px">

<tr>

<td>PBS_Name</td>

<td>Naogaon PBS-1</td>

</tr>

<tr bgcolor="#D4E4F3">

<td>Surv_Date</td>

<td>2018-03-05</td>

</tr>

<tr>

<td>Proc_Date</td>

<td>2018-03-07</td>

</tr>

<tr bgcolor="#D4E4F3">

<td>Contd_Grid</td>

<td>Niamotpur</td>

</tr>

<tr>

<td>Contd_SS</td>

<td>Manda-1</td>

</tr>

<tr bgcolor="#D4E4F3">

<td>Feeder_N</td>

<td>Manda-1</td>

</tr>

<tr>

<td>Feeder_Typ</td>

<td>Main</td>

</tr>

<tr bgcolor="#D4E4F3">

<td>Circuit</td>

<td>1</td>

</tr>

<tr>

<td>Con_KV</td>

<td>33</td>

</tr>

<tr bgcolor="#D4E4F3">

<td>Con_Size</td>

<td>477 MCM</td>

</tr>

<tr>

<td>Spn_Len_M</td>

<td>0</td>

</tr>

<tr bgcolor="#D4E4F3">

<td>Length_M</td>

<td>1839.627993</td>

</tr>

<tr>

<td>Mileage_KM</td>

<td>1.839628</td>

</tr>

<tr bgcolor="#D4E4F3">

<td>Legend</td>

<td></td>

</tr>

<tr>

<td>Assigned</td>

<td>REB GIS</td>

</tr>

<tr bgcolor="#D4E4F3">

<td>FY</td>

<td>2017-18</td>

</tr>

<tr>

<td>Remarks</td>

<td>Reported</td>

</tr>

<tr bgcolor="#D4E4F3">

<td>Project</td>

<td></td>

</tr>

<tr>

<td>PkDemandMW</td>

<td>12.50</td>

</tr>

</table>

</td>

</tr>

</table>

</body><script type="text/javascript">

				function changeImage(attElement, nameElement) {

				document.getElementById('imageAttachment').src = attElement;

				document.getElementById('imageName').innerHTML = nameElement;}

			</script></html>]]></description>
			<styleUrl>#LineStyle001</styleUrl>
			<MultiGeometry>
				<LineString>
					<tessellate>1</tessellate>
					<coordinates>
						88.70521023084535,24.75800159367298,0 88.70505000000722,24.75804999986181,0 88.70493999953398,24.75808999987266,0 88.70463000060705,24.75822999985781,0 88.70406999949168,24.75840000044101,0 88.70352000022588,24.75855999962938,0 88.70280999954616,24.75881999937107,0 88.70222000007513,24.75900999985694,0 88.70174999986413,24.7594800004007,0 88.70137000011755,24.75992000029666,0 88.70128999990708,24.75993999948475,0 88.70118000020086,24.76011999981388,0 88.70096999994405,24.76034000018653,0 88.70072000053379,24.76058999937866,0 88.70012999950792,24.76122000078231,0 88.70007999978937,24.76129000059043,0 88.6996299997883,24.76175000067676,0 88.69932999980978,24.76205999983829,0 88.69911000045873,24.76229999988519,0 88.69894999995294,24.76246999961709,0 88.69849999955244,24.76293000020966,0 88.6982299999282,24.76321000025723,0 88.69787999961825,24.7635800002323,0 88.69739999981753,24.76410999951505,0 88.69724000009566,24.76431000022989,0 88.69730000045456,24.76473999969671,0 88.69735999940445,24.76512999978517,0 88.69743000030627,24.76561000004709,0 88.69749000023333,24.76591999954127,0 88.69752999984459,24.76631999982032,0 88.69747289311601,24.76664360679831,0 88.69735289359825,24.7669936072267,0 88.69721999990657,24.76724999972106,0 88.69710999946101,24.76757999984947,0 88.6969700002695,24.76804999982832,0 88.69684000058542,24.76847999991785,0 88.69675000060107,24.76876000019049,0 88.69653000026119,24.76928000034622,0 88.69632000045988,24.76975000018286,0 88.69625707521814,24.77006292481321,0 88.6961801937772,24.77019901715841,0 88.69608790787511,24.77034626838545,0 88.6960295492897,24.77042658769966,0 88.69581629268761,24.77067125811632,0 
					</coordinates>
				</LineString>
			</MultiGeometry>
		</Placemark>
		<Placemark id="ID_00026">
			<name>Manda-2</name>
			<snippet></snippet>
			<description><![CDATA[<html xmlns:fo="http://www.w3.org/1999/XSL/Format" xmlns:msxsl="urn:schemas-microsoft-com:xslt">

<head>

<META http-equiv="Content-Type" content="text/html">

<meta http-equiv="content-type" content="text/html; charset=UTF-8">

</head>

<body style="margin:0px 0px 0px 0px;overflow:auto;background:#FFFFFF;">

<table style="font-family:Arial,Verdana,Times;font-size:12px;text-align:left;width:100%;border-collapse:collapse;padding:3px 3px 3px 3px">

<tr style="text-align:center;font-weight:bold;background:#9CBCE2">

<td>Naogaon PBS-1</td>

</tr>

<tr>

<td>

<table style="font-family:Arial,Verdana,Times;font-size:12px;text-align:left;width:100%;border-spacing:0px; padding:3px 3px 3px 3px">

<tr>

<td>PBS_Name</td>

<td>Naogaon PBS-1</td>

</tr>

<tr bgcolor="#D4E4F3">

<td>Surv_Date</td>

<td>2018-03-24</td>

</tr>

<tr>

<td>Proc_Date</td>

<td>2018-03-28</td>

</tr>

<tr bgcolor="#D4E4F3">

<td>Contd_Grid</td>

<td>Niamotpur</td>

</tr>

<tr>

<td>Contd_SS</td>

<td>Manda-2 &amp; Manda-3 (Sotihat)</td>

</tr>

<tr bgcolor="#D4E4F3">

<td>Feeder_N</td>

<td>Manda-2</td>

</tr>

<tr>

<td>Feeder_Typ</td>

<td>Main</td>

</tr>

<tr bgcolor="#D4E4F3">

<td>Circuit</td>

<td>1</td>

</tr>

<tr>

<td>Con_KV</td>

<td>33</td>

</tr>

<tr bgcolor="#D4E4F3">

<td>Con_Size</td>

<td>477 MCM</td>

</tr>

<tr>

<td>Spn_Len_M</td>

<td>0</td>

</tr>

<tr bgcolor="#D4E4F3">

<td>Length_M</td>

<td>1673.845471</td>

</tr>

<tr>

<td>Mileage_KM</td>

<td>1.673845</td>

</tr>

<tr bgcolor="#D4E4F3">

<td>Legend</td>

<td></td>

</tr>

<tr>

<td>Assigned</td>

<td>REB GIS</td>

</tr>

<tr bgcolor="#D4E4F3">

<td>FY</td>

<td>2017-18</td>

</tr>

<tr>

<td>Remarks</td>

<td>Reported</td>

</tr>

<tr bgcolor="#D4E4F3">

<td>Project</td>

<td></td>

</tr>

<tr>

<td>PkDemandMW</td>

<td>17.5</td>

</tr>

</table>

</td>

</tr>

</table>

</body><script type="text/javascript">

				function changeImage(attElement, nameElement) {

				document.getElementById('imageAttachment').src = attElement;

				document.getElementById('imageName').innerHTML = nameElement;}

			</script></html>]]></description>
			<styleUrl>#LineStyle001</styleUrl>
			<MultiGeometry>
				<LineString>
					<tessellate>1</tessellate>
					<coordinates>
						88.60242000048353,24.82754999985069,0 88.60157999957828,24.82786999981204,0 88.60041000072526,24.82831999979554,0 88.59979999989321,24.82853000006437,0 88.5990099999277,24.82883000061495,0 88.59832000017234,24.82909999982241,0 88.59741999957163,24.82938999953526,0 88.59660999949567,24.82971999999189,0 88.59585000036488,24.83001999979627,0 88.59515999995726,24.83027999971031,0 88.59442000040127,24.83058999989525,0 88.59361999992782,24.83088000046386,0 88.59280000036142,24.83115000034614,0 88.59205999992344,24.83144999953401,0 88.59125999992706,24.83165000006755,0 88.59024999933585,24.83192999974652,0 88.58939999964802,24.83211999918372,0 88.58843999968468,24.83241000019731,0 88.58848820492805,24.83279296173836,0 88.58853887469239,24.83319550087406,0 88.58857979849341,24.83352062118828,0 88.58862000022665,24.83384000036087,0 
					</coordinates>
				</LineString>
			</MultiGeometry>
		</Placemark>
		<Placemark id="ID_00027">
			<name>Manda-2</name>
			<snippet></snippet>
			<description><![CDATA[<html xmlns:fo="http://www.w3.org/1999/XSL/Format" xmlns:msxsl="urn:schemas-microsoft-com:xslt">

<head>

<META http-equiv="Content-Type" content="text/html">

<meta http-equiv="content-type" content="text/html; charset=UTF-8">

</head>

<body style="margin:0px 0px 0px 0px;overflow:auto;background:#FFFFFF;">

<table style="font-family:Arial,Verdana,Times;font-size:12px;text-align:left;width:100%;border-collapse:collapse;padding:3px 3px 3px 3px">

<tr style="text-align:center;font-weight:bold;background:#9CBCE2">

<td>Naogaon PBS-1</td>

</tr>

<tr>

<td>

<table style="font-family:Arial,Verdana,Times;font-size:12px;text-align:left;width:100%;border-spacing:0px; padding:3px 3px 3px 3px">

<tr>

<td>PBS_Name</td>

<td>Naogaon PBS-1</td>

</tr>

<tr bgcolor="#D4E4F3">

<td>Surv_Date</td>

<td>2018-03-25</td>

</tr>

<tr>

<td>Proc_Date</td>

<td>2018-03-28</td>

</tr>

<tr bgcolor="#D4E4F3">

<td>Contd_Grid</td>

<td>Niamotpur</td>

</tr>

<tr>

<td>Contd_SS</td>

<td>Manda-2 &amp; Manda-3 (Sotihat)</td>

</tr>

<tr bgcolor="#D4E4F3">

<td>Feeder_N</td>

<td>Manda-2</td>

</tr>

<tr>

<td>Feeder_Typ</td>

<td>Main</td>

</tr>

<tr bgcolor="#D4E4F3">

<td>Circuit</td>

<td>1</td>

</tr>

<tr>

<td>Con_KV</td>

<td>33</td>

</tr>

<tr bgcolor="#D4E4F3">

<td>Con_Size</td>

<td>477 MCM</td>

</tr>

<tr>

<td>Spn_Len_M</td>

<td>0</td>

</tr>

<tr bgcolor="#D4E4F3">

<td>Length_M</td>

<td>2574.492389</td>

</tr>

<tr>

<td>Mileage_KM</td>

<td>2.574492</td>

</tr>

<tr bgcolor="#D4E4F3">

<td>Legend</td>

<td></td>

</tr>

<tr>

<td>Assigned</td>

<td>REB GIS</td>

</tr>

<tr bgcolor="#D4E4F3">

<td>FY</td>

<td>2017-18</td>

</tr>

<tr>

<td>Remarks</td>

<td>Reported</td>

</tr>

<tr bgcolor="#D4E4F3">

<td>Project</td>

<td></td>

</tr>

<tr>

<td>PkDemandMW</td>

<td>17.5</td>

</tr>

</table>

</td>

</tr>

</table>

</body><script type="text/javascript">

				function changeImage(attElement, nameElement) {

				document.getElementById('imageAttachment').src = attElement;

				document.getElementById('imageName').innerHTML = nameElement;}

			</script></html>]]></description>
			<styleUrl>#LineStyle001</styleUrl>
			<MultiGeometry>
				<LineString>
					<tessellate>1</tessellate>
					<coordinates>
						88.62741999979151,24.82322000037014,0 88.62659999992296,24.82337999931134,0 88.62597999998103,24.82353000055555,0 88.62444000007375,24.82374999976654,0 88.62420999994202,24.82384000004279,0 88.62318000030412,24.82402000019631,0 88.62227000047929,24.82416000037652,0 88.62154000000646,24.82427000067723,0 88.62051000009834,24.82446999988824,0 88.6195600000953,24.82463999985638,0 88.61859000012181,24.82479000001378,0 88.61831000015225,24.82484000000187,0 88.61773999963648,24.82494999968018,0 88.61680000093646,24.82509999960076,0 88.61584000033575,24.82525000042139,0 88.61478000036483,24.82542999966945,0 88.61406999944974,24.82555999993759,0 88.61356999964939,24.82563999956139,0 88.61311000008993,24.82570999971133,0 88.61232000036571,24.8258499995671,0 88.61136999992034,24.82596999998885,0 88.61051999998786,24.82617000002599,0 88.60964999975783,24.82630000044514,0 88.60870000021077,24.8263999993553,0 88.60775999983912,24.82656999931694,0 88.60674000003777,24.82681000005033,0 88.60607999970703,24.8268899999221,0 88.60516000036196,24.82701000019548,0 88.60386999988846,24.82726000007258,0 88.6033300004042,24.82734000052986,0 88.60242000048353,24.82754999985069,0 
					</coordinates>
				</LineString>
			</MultiGeometry>
		</Placemark>
		<Placemark id="ID_00028">
			<name>Manda-2</name>
			<snippet></snippet>
			<description><![CDATA[<html xmlns:fo="http://www.w3.org/1999/XSL/Format" xmlns:msxsl="urn:schemas-microsoft-com:xslt">

<head>

<META http-equiv="Content-Type" content="text/html">

<meta http-equiv="content-type" content="text/html; charset=UTF-8">

</head>

<body style="margin:0px 0px 0px 0px;overflow:auto;background:#FFFFFF;">

<table style="font-family:Arial,Verdana,Times;font-size:12px;text-align:left;width:100%;border-collapse:collapse;padding:3px 3px 3px 3px">

<tr style="text-align:center;font-weight:bold;background:#9CBCE2">

<td>Naogaon PBS-1</td>

</tr>

<tr>

<td>

<table style="font-family:Arial,Verdana,Times;font-size:12px;text-align:left;width:100%;border-spacing:0px; padding:3px 3px 3px 3px">

<tr>

<td>PBS_Name</td>

<td>Naogaon PBS-1</td>

</tr>

<tr bgcolor="#D4E4F3">

<td>Surv_Date</td>

<td>2018-03-28</td>

</tr>

<tr>

<td>Proc_Date</td>

<td>2018-04-01</td>

</tr>

<tr bgcolor="#D4E4F3">

<td>Contd_Grid</td>

<td>Niamotpur</td>

</tr>

<tr>

<td>Contd_SS</td>

<td>Manda-2 &amp; Manda-3 (Sotihat)</td>

</tr>

<tr bgcolor="#D4E4F3">

<td>Feeder_N</td>

<td>Manda-2</td>

</tr>

<tr>

<td>Feeder_Typ</td>

<td>Main</td>

</tr>

<tr bgcolor="#D4E4F3">

<td>Circuit</td>

<td>1</td>

</tr>

<tr>

<td>Con_KV</td>

<td>33</td>

</tr>

<tr bgcolor="#D4E4F3">

<td>Con_Size</td>

<td>477 MCM</td>

</tr>

<tr>

<td>Spn_Len_M</td>

<td>0</td>

</tr>

<tr bgcolor="#D4E4F3">

<td>Length_M</td>

<td>2588.070623</td>

</tr>

<tr>

<td>Mileage_KM</td>

<td>2.588071</td>

</tr>

<tr bgcolor="#D4E4F3">

<td>Legend</td>

<td></td>

</tr>

<tr>

<td>Assigned</td>

<td>REB GIS</td>

</tr>

<tr bgcolor="#D4E4F3">

<td>FY</td>

<td>2017-18</td>

</tr>

<tr>

<td>Remarks</td>

<td>Reported</td>

</tr>

<tr bgcolor="#D4E4F3">

<td>Project</td>

<td></td>

</tr>

<tr>

<td>PkDemandMW</td>

<td>17.5</td>

</tr>

</table>

</td>

</tr>

</table>

</body><script type="text/javascript">

				function changeImage(attElement, nameElement) {

				document.getElementById('imageAttachment').src = attElement;

				document.getElementById('imageName').innerHTML = nameElement;}

			</script></html>]]></description>
			<styleUrl>#LineStyle001</styleUrl>
			<MultiGeometry>
				<LineString>
					<tessellate>1</tessellate>
					<coordinates>
						88.65147000019334,24.81784999995004,0 88.65095999955271,24.8177500006125,0 88.6504400002775,24.81762999986323,0 88.64939999987533,24.81766000036724,0 88.64874000024868,24.81762999921296,0 88.64781000019619,24.81765000051568,0 88.6467900000472,24.81765000056618,0 88.64617000001155,24.81763000021854,0 88.64462000048177,24.8176900000689,0 88.6443299998099,24.81766999974755,0 88.64338000040823,24.81769000022439,0 88.64248999999425,24.81769999972586,0 88.64232999970611,24.8176800002993,0 88.64149999955404,24.81772000060108,0 88.64043000009968,24.81815000002551,0 88.6396900006923,24.81847999992382,0 88.63861000024437,24.81892999977828,0 88.63812000010017,24.81914000013266,0 88.63721000028629,24.81955000035564,0 88.63686999971191,24.81993000003177,0 88.6364799991883,24.82004000047122,0 88.63597999961709,24.82027000055435,0 88.6352800007492,24.820599999569,0 88.633989999454,24.82104000009646,0 88.63287000009505,24.82139999966699,0 88.63223000064242,24.82162000024345,0 88.63161999967897,24.82186999982437,0 88.6307400000568,24.82229999947995,0 88.6299699995474,24.82225000008352,0 88.62947999971152,24.82261999999594,0 88.62900999951985,24.82301099935959,0 88.62814000030122,24.82309999987484,0 88.62741999979151,24.82322000037014,0 
					</coordinates>
				</LineString>
			</MultiGeometry>
		</Placemark>
		<Placemark id="ID_00029">
			<name>Manda-2</name>
			<snippet></snippet>
			<description><![CDATA[<html xmlns:fo="http://www.w3.org/1999/XSL/Format" xmlns:msxsl="urn:schemas-microsoft-com:xslt">

<head>

<META http-equiv="Content-Type" content="text/html">

<meta http-equiv="content-type" content="text/html; charset=UTF-8">

</head>

<body style="margin:0px 0px 0px 0px;overflow:auto;background:#FFFFFF;">

<table style="font-family:Arial,Verdana,Times;font-size:12px;text-align:left;width:100%;border-collapse:collapse;padding:3px 3px 3px 3px">

<tr style="text-align:center;font-weight:bold;background:#9CBCE2">

<td>Naogaon PBS-1</td>

</tr>

<tr>

<td>

<table style="font-family:Arial,Verdana,Times;font-size:12px;text-align:left;width:100%;border-spacing:0px; padding:3px 3px 3px 3px">

<tr>

<td>PBS_Name</td>

<td>Naogaon PBS-1</td>

</tr>

<tr bgcolor="#D4E4F3">

<td>Surv_Date</td>

<td>2018-03-29</td>

</tr>

<tr>

<td>Proc_Date</td>

<td>2018-04-01</td>

</tr>

<tr bgcolor="#D4E4F3">

<td>Contd_Grid</td>

<td>Niamotpur</td>

</tr>

<tr>

<td>Contd_SS</td>

<td>Manda-2 &amp; Manda-3 (Sotihat)</td>

</tr>

<tr bgcolor="#D4E4F3">

<td>Feeder_N</td>

<td>Manda-2</td>

</tr>

<tr>

<td>Feeder_Typ</td>

<td>Main</td>

</tr>

<tr bgcolor="#D4E4F3">

<td>Circuit</td>

<td>1</td>

</tr>

<tr>

<td>Con_KV</td>

<td>33</td>

</tr>

<tr bgcolor="#D4E4F3">

<td>Con_Size</td>

<td>477 MCM</td>

</tr>

<tr>

<td>Spn_Len_M</td>

<td>0</td>

</tr>

<tr bgcolor="#D4E4F3">

<td>Length_M</td>

<td>1399.578853</td>

</tr>

<tr>

<td>Mileage_KM</td>

<td>1.399579</td>

</tr>

<tr bgcolor="#D4E4F3">

<td>Legend</td>

<td></td>

</tr>

<tr>

<td>Assigned</td>

<td>REB GIS</td>

</tr>

<tr bgcolor="#D4E4F3">

<td>FY</td>

<td>2017-18</td>

</tr>

<tr>

<td>Remarks</td>

<td>Reported</td>

</tr>

<tr bgcolor="#D4E4F3">

<td>Project</td>

<td></td>

</tr>

<tr>

<td>PkDemandMW</td>

<td>17.5</td>

</tr>

</table>

</td>

</tr>

</table>

</body><script type="text/javascript">

				function changeImage(attElement, nameElement) {

				document.getElementById('imageAttachment').src = attElement;

				document.getElementById('imageName').innerHTML = nameElement;}

			</script></html>]]></description>
			<styleUrl>#LineStyle001</styleUrl>
			<MultiGeometry>
				<LineString>
					<tessellate>1</tessellate>
					<coordinates>
						88.66464999969804,24.81664999997779,0 88.66437000044273,24.81675999927642,0 88.66340999927091,24.81707999980452,0 88.66273999965617,24.81730999993485,0 88.66169000024068,24.81767000050928,0 88.66077000024762,24.81797999927402,0 88.66009000038862,24.81818999986519,0 88.65939999959963,24.81840000009636,0 88.6582999996828,24.81888000035312,0 88.65758000036676,24.81905999996542,0 88.65656000078232,24.81885999962424,0 88.65589000006455,24.81873000040014,0 88.6550700005664,24.81855999943962,0 88.65416999990821,24.81838000010644,0 88.65340999963166,24.8182100004941,0 88.65266999938243,24.81790000004089,0 88.65147000019334,24.81784999995004,0 
					</coordinates>
				</LineString>
			</MultiGeometry>
		</Placemark>
		<Placemark id="ID_00030">
			<name>Manda-2</name>
			<snippet></snippet>
			<description><![CDATA[<html xmlns:fo="http://www.w3.org/1999/XSL/Format" xmlns:msxsl="urn:schemas-microsoft-com:xslt">

<head>

<META http-equiv="Content-Type" content="text/html">

<meta http-equiv="content-type" content="text/html; charset=UTF-8">

</head>

<body style="margin:0px 0px 0px 0px;overflow:auto;background:#FFFFFF;">

<table style="font-family:Arial,Verdana,Times;font-size:12px;text-align:left;width:100%;border-collapse:collapse;padding:3px 3px 3px 3px">

<tr style="text-align:center;font-weight:bold;background:#9CBCE2">

<td>Naogaon PBS-1</td>

</tr>

<tr>

<td>

<table style="font-family:Arial,Verdana,Times;font-size:12px;text-align:left;width:100%;border-spacing:0px; padding:3px 3px 3px 3px">

<tr>

<td>PBS_Name</td>

<td>Naogaon PBS-1</td>

</tr>

<tr bgcolor="#D4E4F3">

<td>Surv_Date</td>

<td>2018-04-02</td>

</tr>

<tr>

<td>Proc_Date</td>

<td>2018-04-04</td>

</tr>

<tr bgcolor="#D4E4F3">

<td>Contd_Grid</td>

<td>Niamotpur</td>

</tr>

<tr>

<td>Contd_SS</td>

<td>Manda-2 &amp; Manda-3 (Sotihat)</td>

</tr>

<tr bgcolor="#D4E4F3">

<td>Feeder_N</td>

<td>Manda-2</td>

</tr>

<tr>

<td>Feeder_Typ</td>

<td>Main</td>

</tr>

<tr bgcolor="#D4E4F3">

<td>Circuit</td>

<td>1</td>

</tr>

<tr>

<td>Con_KV</td>

<td>33</td>

</tr>

<tr bgcolor="#D4E4F3">

<td>Con_Size</td>

<td>477 MCM</td>

</tr>

<tr>

<td>Spn_Len_M</td>

<td>0</td>

</tr>

<tr bgcolor="#D4E4F3">

<td>Length_M</td>

<td>1807.740787</td>

</tr>

<tr>

<td>Mileage_KM</td>

<td>1.807741</td>

</tr>

<tr bgcolor="#D4E4F3">

<td>Legend</td>

<td></td>

</tr>

<tr>

<td>Assigned</td>

<td>REB GIS</td>

</tr>

<tr bgcolor="#D4E4F3">

<td>FY</td>

<td>2017-18</td>

</tr>

<tr>

<td>Remarks</td>

<td>Reported</td>

</tr>

<tr bgcolor="#D4E4F3">

<td>Project</td>

<td></td>

</tr>

<tr>

<td>PkDemandMW</td>

<td>17.5</td>

</tr>

</table>

</td>

</tr>

</table>

</body><script type="text/javascript">

				function changeImage(attElement, nameElement) {

				document.getElementById('imageAttachment').src = attElement;

				document.getElementById('imageName').innerHTML = nameElement;}

			</script></html>]]></description>
			<styleUrl>#LineStyle001</styleUrl>
			<MultiGeometry>
				<LineString>
					<tessellate>1</tessellate>
					<coordinates>
						88.67847000044439,24.80699000013469,0 88.67766000028362,24.80735000027656,0 88.67685999969885,24.8076899999646,0 88.67667999994042,24.80776999969925,0 88.67587999978942,24.80808999915007,0 88.67488999987971,24.80855999974052,0 88.67430999985072,24.80876999957187,0 88.6735199998208,24.8091100001314,0 88.67303000042325,24.80964999964304,0 88.67274000005324,24.80990999941061,0 88.67226999996178,24.81038000009694,0 88.67183999996661,24.81083999978333,0 88.67146999964142,24.81123000000282,0 88.67107000028362,24.81167000030376,0 88.67039999996625,24.81236999931185,0 88.66991000031254,24.81289000056937,0 88.6693599995441,24.81347999976105,0 88.66899000033554,24.81384000060892,0 88.66862000000872,24.81424999951824,0 88.66821000004069,24.81459000007429,0 88.66770999972859,24.81523999941422,0 88.66710000044912,24.8158200006991,0 88.66695000043494,24.81580999960084,0 88.66578000035014,24.81635000011053,0 88.66465000068716,24.81664999996678,0 
					</coordinates>
				</LineString>
			</MultiGeometry>
		</Placemark>
		<Placemark id="ID_00031">
			<name>Manda-2</name>
			<snippet></snippet>
			<description><![CDATA[<html xmlns:fo="http://www.w3.org/1999/XSL/Format" xmlns:msxsl="urn:schemas-microsoft-com:xslt">

<head>

<META http-equiv="Content-Type" content="text/html">

<meta http-equiv="content-type" content="text/html; charset=UTF-8">

</head>

<body style="margin:0px 0px 0px 0px;overflow:auto;background:#FFFFFF;">

<table style="font-family:Arial,Verdana,Times;font-size:12px;text-align:left;width:100%;border-collapse:collapse;padding:3px 3px 3px 3px">

<tr style="text-align:center;font-weight:bold;background:#9CBCE2">

<td>Naogaon PBS-1</td>

</tr>

<tr>

<td>

<table style="font-family:Arial,Verdana,Times;font-size:12px;text-align:left;width:100%;border-spacing:0px; padding:3px 3px 3px 3px">

<tr>

<td>PBS_Name</td>

<td>Naogaon PBS-1</td>

</tr>

<tr bgcolor="#D4E4F3">

<td>Surv_Date</td>

<td>2018-04-04</td>

</tr>

<tr>

<td>Proc_Date</td>

<td>2018-04-09</td>

</tr>

<tr bgcolor="#D4E4F3">

<td>Contd_Grid</td>

<td>Niamotpur</td>

</tr>

<tr>

<td>Contd_SS</td>

<td>Manda-2 &amp; Manda-3 (Sotihat)</td>

</tr>

<tr bgcolor="#D4E4F3">

<td>Feeder_N</td>

<td>Manda-2</td>

</tr>

<tr>

<td>Feeder_Typ</td>

<td>Main</td>

</tr>

<tr bgcolor="#D4E4F3">

<td>Circuit</td>

<td>1</td>

</tr>

<tr>

<td>Con_KV</td>

<td>33</td>

</tr>

<tr bgcolor="#D4E4F3">

<td>Con_Size</td>

<td>477 MCM</td>

</tr>

<tr>

<td>Spn_Len_M</td>

<td>0</td>

</tr>

<tr bgcolor="#D4E4F3">

<td>Length_M</td>

<td>2184.194937</td>

</tr>

<tr>

<td>Mileage_KM</td>

<td>2.184195</td>

</tr>

<tr bgcolor="#D4E4F3">

<td>Legend</td>

<td></td>

</tr>

<tr>

<td>Assigned</td>

<td>REB GIS</td>

</tr>

<tr bgcolor="#D4E4F3">

<td>FY</td>

<td>2017-18</td>

</tr>

<tr>

<td>Remarks</td>

<td>Reported</td>

</tr>

<tr bgcolor="#D4E4F3">

<td>Project</td>

<td></td>

</tr>

<tr>

<td>PkDemandMW</td>

<td>17.5</td>

</tr>

</table>

</td>

</tr>

</table>

</body><script type="text/javascript">

				function changeImage(attElement, nameElement) {

				document.getElementById('imageAttachment').src = attElement;

				document.getElementById('imageName').innerHTML = nameElement;}

			</script></html>]]></description>
			<styleUrl>#LineStyle001</styleUrl>
			<MultiGeometry>
				<LineString>
					<tessellate>1</tessellate>
					<coordinates>
						88.69578999971786,24.79700999990185,0 88.69573139205664,24.79720563837388,0 88.69572131563028,24.79742672145878,0 88.69572771211138,24.79765657796607,0 88.6957278530699,24.79790740693798,0 88.69571147769996,24.79816503396158,0 88.69565500015979,24.79849855346662,0 88.69564500056397,24.79878855394225,0 88.69560999925666,24.79902000009769,0 88.69547999930583,24.79926000053597,0 88.695249999647,24.7994000002923,0 88.69501000060849,24.79953999924735,0 88.69443999953681,24.79985000052967,0 88.69385999993069,24.80022000071271,0 88.69356999988642,24.80037999982746,0 88.69316999963813,24.80065000029578,0 88.69278999969853,24.8008600003302,0 88.69237999962547,24.80111000039265,0 88.69175000008082,24.80136000011364,0 88.69106000047037,24.80165000034911,0 88.6905200000117,24.80185000021133,0 88.68973000024177,24.80219000003358,0 88.68924999967373,24.80243999981513,0 88.68883999996018,24.80257999942697,0 88.68839999969035,24.80278000050613,0 88.68776999969981,24.8030499999769,0 88.6873300000162,24.80324000046547,0 88.68661999934272,24.80352999985237,0 88.68590999971603,24.80384000014366,0 88.68502999946318,24.80420999992169,0 88.68456000023035,24.80445999993284,0 88.68358999979603,24.80480000027015,0 88.68317000003664,24.80498000014823,0 88.6828200002786,24.80513999991545,0 88.68205553550455,24.80537584873329,0 88.68099884766214,24.80568535221667,0 88.68022999960326,24.80606000023696,0 88.67953427912657,24.80659372872037,0 88.67847000044439,24.80699000013469,0 
					</coordinates>
				</LineString>
			</MultiGeometry>
		</Placemark>
		<Placemark id="ID_00032">
			<name>Manda-2</name>
			<snippet></snippet>
			<description><![CDATA[<html xmlns:fo="http://www.w3.org/1999/XSL/Format" xmlns:msxsl="urn:schemas-microsoft-com:xslt">

<head>

<META http-equiv="Content-Type" content="text/html">

<meta http-equiv="content-type" content="text/html; charset=UTF-8">

</head>

<body style="margin:0px 0px 0px 0px;overflow:auto;background:#FFFFFF;">

<table style="font-family:Arial,Verdana,Times;font-size:12px;text-align:left;width:100%;border-collapse:collapse;padding:3px 3px 3px 3px">

<tr style="text-align:center;font-weight:bold;background:#9CBCE2">

<td>Naogaon PBS-1</td>

</tr>

<tr>

<td>

<table style="font-family:Arial,Verdana,Times;font-size:12px;text-align:left;width:100%;border-spacing:0px; padding:3px 3px 3px 3px">

<tr>

<td>PBS_Name</td>

<td>Naogaon PBS-1</td>

</tr>

<tr bgcolor="#D4E4F3">

<td>Surv_Date</td>

<td>2018-04-04</td>

</tr>

<tr>

<td>Proc_Date</td>

<td>2018-04-09</td>

</tr>

<tr bgcolor="#D4E4F3">

<td>Contd_Grid</td>

<td>Niamotpur</td>

</tr>

<tr>

<td>Contd_SS</td>

<td>Manda-2 &amp; Manda-3 (Sotihat)</td>

</tr>

<tr bgcolor="#D4E4F3">

<td>Feeder_N</td>

<td>Manda-2</td>

</tr>

<tr>

<td>Feeder_Typ</td>

<td>Main</td>

</tr>

<tr bgcolor="#D4E4F3">

<td>Circuit</td>

<td>1</td>

</tr>

<tr>

<td>Con_KV</td>

<td>33</td>

</tr>

<tr bgcolor="#D4E4F3">

<td>Con_Size</td>

<td>477 MCM</td>

</tr>

<tr>

<td>Spn_Len_M</td>

<td>0</td>

</tr>

<tr bgcolor="#D4E4F3">

<td>Length_M</td>

<td>1272.734525</td>

</tr>

<tr>

<td>Mileage_KM</td>

<td>1.272735</td>

</tr>

<tr bgcolor="#D4E4F3">

<td>Legend</td>

<td></td>

</tr>

<tr>

<td>Assigned</td>

<td>REB GIS</td>

</tr>

<tr bgcolor="#D4E4F3">

<td>FY</td>

<td>2017-18</td>

</tr>

<tr>

<td>Remarks</td>

<td>Reported</td>

</tr>

<tr bgcolor="#D4E4F3">

<td>Project</td>

<td></td>

</tr>

<tr>

<td>PkDemandMW</td>

<td>17.5</td>

</tr>

</table>

</td>

</tr>

</table>

</body><script type="text/javascript">

				function changeImage(attElement, nameElement) {

				document.getElementById('imageAttachment').src = attElement;

				document.getElementById('imageName').innerHTML = nameElement;}

			</script></html>]]></description>
			<styleUrl>#LineStyle001</styleUrl>
			<MultiGeometry>
				<LineString>
					<tessellate>1</tessellate>
					<coordinates>
						88.69755999989366,24.78569999993735,0 88.69735999984992,24.78626999970135,0 88.69723000035069,24.78674999940189,0 88.69704000012675,24.78743999954112,0 88.69669000042539,24.78855999995439,0 88.69655999963898,24.78897000006695,0 88.69644000036607,24.78958999955049,0 88.69638000005563,24.79021999981397,0 88.69629999987725,24.79078999949241,0 88.69625999999799,24.79142000046531,0 88.69621162805525,24.79234210175819,0 88.69611000043423,24.79308999993396,0 88.69608000040159,24.79371000000439,0 88.69605999987627,24.79423999997717,0 88.69594999960779,24.79504000033631,0 88.69595000010972,24.79571000005685,0 88.69597999942467,24.79633999995344,0 88.69578999973014,24.79701000080458,0 
					</coordinates>
				</LineString>
			</MultiGeometry>
		</Placemark>
		<Placemark id="ID_00033">
			<name>Manda-2</name>
			<snippet></snippet>
			<description><![CDATA[<html xmlns:fo="http://www.w3.org/1999/XSL/Format" xmlns:msxsl="urn:schemas-microsoft-com:xslt">

<head>

<META http-equiv="Content-Type" content="text/html">

<meta http-equiv="content-type" content="text/html; charset=UTF-8">

</head>

<body style="margin:0px 0px 0px 0px;overflow:auto;background:#FFFFFF;">

<table style="font-family:Arial,Verdana,Times;font-size:12px;text-align:left;width:100%;border-collapse:collapse;padding:3px 3px 3px 3px">

<tr style="text-align:center;font-weight:bold;background:#9CBCE2">

<td>Naogaon PBS-1</td>

</tr>

<tr>

<td>

<table style="font-family:Arial,Verdana,Times;font-size:12px;text-align:left;width:100%;border-spacing:0px; padding:3px 3px 3px 3px">

<tr>

<td>PBS_Name</td>

<td>Naogaon PBS-1</td>

</tr>

<tr bgcolor="#D4E4F3">

<td>Surv_Date</td>

<td>2018-04-16</td>

</tr>

<tr>

<td>Proc_Date</td>

<td>2018-04-24</td>

</tr>

<tr bgcolor="#D4E4F3">

<td>Contd_Grid</td>

<td>Niamotpur</td>

</tr>

<tr>

<td>Contd_SS</td>

<td>Manda-2</td>

</tr>

<tr bgcolor="#D4E4F3">

<td>Feeder_N</td>

<td>Manda-2</td>

</tr>

<tr>

<td>Feeder_Typ</td>

<td>Main</td>

</tr>

<tr bgcolor="#D4E4F3">

<td>Circuit</td>

<td>1</td>

</tr>

<tr>

<td>Con_KV</td>

<td>33</td>

</tr>

<tr bgcolor="#D4E4F3">

<td>Con_Size</td>

<td>477 MCM</td>

</tr>

<tr>

<td>Spn_Len_M</td>

<td>0</td>

</tr>

<tr bgcolor="#D4E4F3">

<td>Length_M</td>

<td>1689.049224</td>

</tr>

<tr>

<td>Mileage_KM</td>

<td>1.689049</td>

</tr>

<tr bgcolor="#D4E4F3">

<td>Legend</td>

<td></td>

</tr>

<tr>

<td>Assigned</td>

<td>REB GIS</td>

</tr>

<tr bgcolor="#D4E4F3">

<td>FY</td>

<td>2017-18</td>

</tr>

<tr>

<td>Remarks</td>

<td>Reported</td>

</tr>

<tr bgcolor="#D4E4F3">

<td>Project</td>

<td></td>

</tr>

<tr>

<td>PkDemandMW</td>

<td>10.5</td>

</tr>

</table>

</td>

</tr>

</table>

</body><script type="text/javascript">

				function changeImage(attElement, nameElement) {

				document.getElementById('imageAttachment').src = attElement;

				document.getElementById('imageName').innerHTML = nameElement;}

			</script></html>]]></description>
			<styleUrl>#LineStyle001</styleUrl>
			<MultiGeometry>
				<LineString>
					<tessellate>1</tessellate>
					<coordinates>
						88.68655858033021,24.73934921437706,0 88.68673999998934,24.73983000016966,0 88.68695999972921,24.7401300001885,0 88.68713000001625,24.74069000025315,0 88.68736000030073,24.74106000044825,0 88.68700999978601,24.74167999968379,0 88.68662999991169,24.74182999985651,0 88.68626000025779,24.74197999943376,0 88.68564999935977,24.74224000040171,0 88.68520000035447,24.74238999983906,0 88.68461999943327,24.74263999943475,0 88.68474000048793,24.74312999944881,0 88.68488999954539,24.74369999979483,0 88.68501000032676,24.7441199996954,0 88.68512999969631,24.74466000005173,0 88.68525999989818,24.74517999991734,0 88.68541999991066,24.74574999976591,0 88.68554999948221,24.74623999998474,0 88.68560000012212,24.74687999959774,0 88.68573000023632,24.74740000054222,0 88.68586000006133,24.74778000009652,0 88.68580999995301,24.74810999979086,0 88.68601000012748,24.7486600001268,0 88.68612999914612,24.74900999975874,0 88.68614000013814,24.7494799998523,0 88.68621999919741,24.74992999964901,0 88.68631000033866,24.75040999974999,0 88.68633000080249,24.75083000013849,0 88.68635000049005,24.75124999960303,0 88.68639999942191,24.75169000060557,0 88.68641169681446,24.7522873583655,0 88.68644999992453,24.75272999913955,0 
					</coordinates>
				</LineString>
			</MultiGeometry>
		</Placemark>
		<Placemark id="ID_00034">
			<name>Manda-2</name>
			<snippet></snippet>
			<description><![CDATA[<html xmlns:fo="http://www.w3.org/1999/XSL/Format" xmlns:msxsl="urn:schemas-microsoft-com:xslt">

<head>

<META http-equiv="Content-Type" content="text/html">

<meta http-equiv="content-type" content="text/html; charset=UTF-8">

</head>

<body style="margin:0px 0px 0px 0px;overflow:auto;background:#FFFFFF;">

<table style="font-family:Arial,Verdana,Times;font-size:12px;text-align:left;width:100%;border-collapse:collapse;padding:3px 3px 3px 3px">

<tr style="text-align:center;font-weight:bold;background:#9CBCE2">

<td>Naogaon PBS-1</td>

</tr>

<tr>

<td>

<table style="font-family:Arial,Verdana,Times;font-size:12px;text-align:left;width:100%;border-spacing:0px; padding:3px 3px 3px 3px">

<tr>

<td>PBS_Name</td>

<td>Naogaon PBS-1</td>

</tr>

<tr bgcolor="#D4E4F3">

<td>Surv_Date</td>

<td>2018-04-18</td>

</tr>

<tr>

<td>Proc_Date</td>

<td>2018-04-24</td>

</tr>

<tr bgcolor="#D4E4F3">

<td>Contd_Grid</td>

<td>Niamotpur</td>

</tr>

<tr>

<td>Contd_SS</td>

<td>Manda-2</td>

</tr>

<tr bgcolor="#D4E4F3">

<td>Feeder_N</td>

<td>Manda-2</td>

</tr>

<tr>

<td>Feeder_Typ</td>

<td>Main</td>

</tr>

<tr bgcolor="#D4E4F3">

<td>Circuit</td>

<td>1</td>

</tr>

<tr>

<td>Con_KV</td>

<td>33</td>

</tr>

<tr bgcolor="#D4E4F3">

<td>Con_Size</td>

<td>477 MCM</td>

</tr>

<tr>

<td>Spn_Len_M</td>

<td>0</td>

</tr>

<tr bgcolor="#D4E4F3">

<td>Length_M</td>

<td>2863.70831</td>

</tr>

<tr>

<td>Mileage_KM</td>

<td>2.863708</td>

</tr>

<tr bgcolor="#D4E4F3">

<td>Legend</td>

<td></td>

</tr>

<tr>

<td>Assigned</td>

<td>REB GIS</td>

</tr>

<tr bgcolor="#D4E4F3">

<td>FY</td>

<td>2017-18</td>

</tr>

<tr>

<td>Remarks</td>

<td>Reported</td>

</tr>

<tr bgcolor="#D4E4F3">

<td>Project</td>

<td></td>

</tr>

<tr>

<td>PkDemandMW</td>

<td>10.5</td>

</tr>

</table>

</td>

</tr>

</table>

</body><script type="text/javascript">

				function changeImage(attElement, nameElement) {

				document.getElementById('imageAttachment').src = attElement;

				document.getElementById('imageName').innerHTML = nameElement;}

			</script></html>]]></description>
			<styleUrl>#LineStyle001</styleUrl>
			<MultiGeometry>
				<LineString>
					<tessellate>1</tessellate>
					<coordinates>
						88.67797849964461,24.71615410154378,0 88.6778599996741,24.71610000073382,0 88.67775000043467,24.7161800003665,0 88.67764000060896,24.71618999976923,0 88.6776999997945,24.7164300002358,0 88.67770999958329,24.71658000014819,0 88.67783000002852,24.71696999994531,0 88.67795999986791,24.7172899995293,0 88.67812000044822,24.71757000021161,0 88.67837000035999,24.7178100003654,0 88.678660000002,24.71820999939,0 88.67896000017723,24.71863999985981,0 88.67920000025187,24.71893999994566,0 88.67952999970908,24.71929999984313,0 88.67977000014868,24.71961999967449,0 88.6800199994716,24.71993000040213,0 88.68026999996341,24.72016999966761,0 88.68027000056595,24.72019999994687,0 88.68043999981772,24.72049000070282,0 88.68052999944831,24.7207299992693,0 88.68088999931203,24.72096000020325,0 88.68105000020979,24.72114999994359,0 88.6812199991776,24.72134000025186,0 88.68154999997812,24.72177999999607,0 88.6819200006582,24.72224000063759,0 88.68223000012935,24.72266000010324,0 88.68249999924323,24.72294999934241,0 88.68269999989278,24.7233699994753,0 88.68278999996706,24.72390000022409,0 88.68282999985695,24.72430999947283,0 88.68285000010341,24.72477999972625,0 88.6828299999013,24.72511999973196,0 88.68278999984447,24.72575000050641,0 88.68275000043518,24.72616999955984,0 88.68271999983034,24.72668999942067,0 88.68268000000607,24.72709999986045,0 88.68267000030023,24.72762999948213,0 88.68263000041202,24.72815999991229,0 88.68258999972636,24.72862999985731,0 88.68258999999551,24.72914999964232,0 88.68257000016452,24.72958999964746,0 88.68259000021332,24.73012000009402,0 88.6826299992555,24.73057000054206,0 88.68278999996865,24.73105999979106,0 88.68281000040101,24.7315000003061,0 88.68305999989899,24.73193000047472,0 88.68329999942335,24.73233999972573,0 88.68361999967854,24.73282000003433,0 88.68385999984096,24.73326999966072,0 88.6840699997976,24.73361999993007,0 88.68436999984092,24.73415000001399,0 88.68458000043728,24.73452000013011,0 88.68487999974434,24.73504000040388,0 88.68492000060094,24.73536000024771,0 88.6851899994281,24.73561999982122,0 88.68556000003828,24.73623999957564,0 88.68578000064335,24.73658000055726,0 88.68590999980613,24.73704999974017,0 88.68603999935215,24.73754999980533,0 88.68619999977372,24.73811999960616,0 88.68644000009451,24.73872999963663,0 88.68655858033021,24.73934921437706,0 
					</coordinates>
				</LineString>
			</MultiGeometry>
		</Placemark>
		<Placemark id="ID_00035">
			<name>Manda-2</name>
			<snippet></snippet>
			<description><![CDATA[<html xmlns:fo="http://www.w3.org/1999/XSL/Format" xmlns:msxsl="urn:schemas-microsoft-com:xslt">

<head>

<META http-equiv="Content-Type" content="text/html">

<meta http-equiv="content-type" content="text/html; charset=UTF-8">

</head>

<body style="margin:0px 0px 0px 0px;overflow:auto;background:#FFFFFF;">

<table style="font-family:Arial,Verdana,Times;font-size:12px;text-align:left;width:100%;border-collapse:collapse;padding:3px 3px 3px 3px">

<tr style="text-align:center;font-weight:bold;background:#9CBCE2">

<td>Naogaon PBS-1</td>

</tr>

<tr>

<td>

<table style="font-family:Arial,Verdana,Times;font-size:12px;text-align:left;width:100%;border-spacing:0px; padding:3px 3px 3px 3px">

<tr>

<td>PBS_Name</td>

<td>Naogaon PBS-1</td>

</tr>

<tr bgcolor="#D4E4F3">

<td>Surv_Date</td>

<td>2018-04-11</td>

</tr>

<tr>

<td>Proc_Date</td>

<td>2018-04-25</td>

</tr>

<tr bgcolor="#D4E4F3">

<td>Contd_Grid</td>

<td>Niamotpur</td>

</tr>

<tr>

<td>Contd_SS</td>

<td>Manda-2</td>

</tr>

<tr bgcolor="#D4E4F3">

<td>Feeder_N</td>

<td>Manda-2</td>

</tr>

<tr>

<td>Feeder_Typ</td>

<td>Main</td>

</tr>

<tr bgcolor="#D4E4F3">

<td>Circuit</td>

<td>1</td>

</tr>

<tr>

<td>Con_KV</td>

<td>33</td>

</tr>

<tr bgcolor="#D4E4F3">

<td>Con_Size</td>

<td>477 MCM</td>

</tr>

<tr>

<td>Spn_Len_M</td>

<td>0</td>

</tr>

<tr bgcolor="#D4E4F3">

<td>Length_M</td>

<td>1354.346307</td>

</tr>

<tr>

<td>Mileage_KM</td>

<td>1.354346</td>

</tr>

<tr bgcolor="#D4E4F3">

<td>Legend</td>

<td></td>

</tr>

<tr>

<td>Assigned</td>

<td>REB GIS</td>

</tr>

<tr bgcolor="#D4E4F3">

<td>FY</td>

<td>2017-18</td>

</tr>

<tr>

<td>Remarks</td>

<td>Reported</td>

</tr>

<tr bgcolor="#D4E4F3">

<td>Project</td>

<td></td>

</tr>

<tr>

<td>PkDemandMW</td>

<td>10.5</td>

</tr>

</table>

</td>

</tr>

</table>

</body><script type="text/javascript">

				function changeImage(attElement, nameElement) {

				document.getElementById('imageAttachment').src = attElement;

				document.getElementById('imageName').innerHTML = nameElement;}

			</script></html>]]></description>
			<styleUrl>#LineStyle001</styleUrl>
			<MultiGeometry>
				<LineString>
					<tessellate>1</tessellate>
					<coordinates>
						88.69615999957499,24.77044000026718,0 88.69610787682649,24.77062416666746,0 88.69606408008134,24.77077891866398,0 88.6960090687886,24.77097328958304,0 88.69597999987579,24.77142000013543,0 88.69579575597207,24.77175088914468,0 88.6954899996703,24.77230000016259,0 88.69536000031835,24.7728699994695,0 88.69506000052642,24.77346000001312,0 88.6951099995678,24.77415999984067,0 88.69538999905966,24.77477000010803,0 88.69563999968767,24.77550000060761,0 88.69581999911414,24.77609000050268,0 88.69617000024536,24.77682000005116,0 88.69649000054557,24.77761000068694,0 88.69682000016877,24.77825999974085,0 88.69698000047789,24.77874999954045,0 88.69761000034215,24.77929000066403,0 88.69769999905321,24.7802399992265,0 88.69805999992607,24.7810200001021,0 88.69826999958367,24.78181000018647,0 
					</coordinates>
				</LineString>
			</MultiGeometry>
		</Placemark>
		<Placemark id="ID_00036">
			<name>Manda-2</name>
			<snippet></snippet>
			<description><![CDATA[<html xmlns:fo="http://www.w3.org/1999/XSL/Format" xmlns:msxsl="urn:schemas-microsoft-com:xslt">

<head>

<META http-equiv="Content-Type" content="text/html">

<meta http-equiv="content-type" content="text/html; charset=UTF-8">

</head>

<body style="margin:0px 0px 0px 0px;overflow:auto;background:#FFFFFF;">

<table style="font-family:Arial,Verdana,Times;font-size:12px;text-align:left;width:100%;border-collapse:collapse;padding:3px 3px 3px 3px">

<tr style="text-align:center;font-weight:bold;background:#9CBCE2">

<td>Naogaon PBS-1</td>

</tr>

<tr>

<td>

<table style="font-family:Arial,Verdana,Times;font-size:12px;text-align:left;width:100%;border-spacing:0px; padding:3px 3px 3px 3px">

<tr>

<td>PBS_Name</td>

<td>Naogaon PBS-1</td>

</tr>

<tr bgcolor="#D4E4F3">

<td>Surv_Date</td>

<td>2018-04-12</td>

</tr>

<tr>

<td>Proc_Date</td>

<td>2018-04-25</td>

</tr>

<tr bgcolor="#D4E4F3">

<td>Contd_Grid</td>

<td>Niamotpur</td>

</tr>

<tr>

<td>Contd_SS</td>

<td>Manda-2</td>

</tr>

<tr bgcolor="#D4E4F3">

<td>Feeder_N</td>

<td>Manda-2</td>

</tr>

<tr>

<td>Feeder_Typ</td>

<td>Main</td>

</tr>

<tr bgcolor="#D4E4F3">

<td>Circuit</td>

<td>1</td>

</tr>

<tr>

<td>Con_KV</td>

<td>33</td>

</tr>

<tr bgcolor="#D4E4F3">

<td>Con_Size</td>

<td>477 MCM</td>

</tr>

<tr>

<td>Spn_Len_M</td>

<td>0</td>

</tr>

<tr bgcolor="#D4E4F3">

<td>Length_M</td>

<td>2502.915958</td>

</tr>

<tr>

<td>Mileage_KM</td>

<td>2.502916</td>

</tr>

<tr bgcolor="#D4E4F3">

<td>Legend</td>

<td></td>

</tr>

<tr>

<td>Assigned</td>

<td>REB GIS</td>

</tr>

<tr bgcolor="#D4E4F3">

<td>FY</td>

<td>2017-18</td>

</tr>

<tr>

<td>Remarks</td>

<td>Reported</td>

</tr>

<tr bgcolor="#D4E4F3">

<td>Project</td>

<td></td>

</tr>

<tr>

<td>PkDemandMW</td>

<td>10.5</td>

</tr>

</table>

</td>

</tr>

</table>

</body><script type="text/javascript">

				function changeImage(attElement, nameElement) {

				document.getElementById('imageAttachment').src = attElement;

				document.getElementById('imageName').innerHTML = nameElement;}

			</script></html>]]></description>
			<styleUrl>#LineStyle001</styleUrl>
			<MultiGeometry>
				<LineString>
					<tessellate>1</tessellate>
					<coordinates>
						88.68644999993671,24.75273000004229,0 88.68716000051742,24.75407000010616,0 88.68744000048331,24.7542499997396,0 88.68794999979347,24.75454999988006,0 88.68849999973239,24.75490999979348,0 88.68879000024081,24.75511000021656,0 88.68919000021306,24.7553700003595,0 88.68953999940474,24.7555800001171,0 88.69023999918615,24.75607999954883,0 88.69072999988347,24.756390000642,0 88.69105000048359,24.75658999992542,0 88.69155000052983,24.75690999933417,0 88.6919699998889,24.75722000015444,0 88.69238000054378,24.75767999994321,0 88.69266000059984,24.758070000067,0 88.69309999959741,24.75864999995726,0 88.69347000032353,24.7591200000288,0 88.69383000017949,24.7595799998808,0 88.69427999992877,24.76011000031847,0 88.69467000082633,24.76056999975329,0 88.69479000048712,24.76079000009344,0 88.69514999937576,24.76117999962206,0 88.69559000001543,24.76183000028346,0 88.69603000060347,24.76232000015424,0 88.69647000078564,24.76291000055582,0 88.69701999935522,24.76357000011156,0 88.69742999969807,24.76409000020206,0 88.69779000021882,24.76490999920993,0 88.69844999978432,24.76581000000424,0 88.69817000021986,24.76629000085514,0 88.69781999935891,24.76690000043765,0 88.69798999937477,24.76723000071274,0 88.69731000087815,24.76878000037197,0 88.69688999934507,24.76936000068062,0 88.69651134974525,24.77000448538183,0 88.69615999957499,24.77044000026718,0 
					</coordinates>
				</LineString>
			</MultiGeometry>
		</Placemark>
		<Placemark id="ID_00037">
			<name>Niamotpur-1</name>
			<snippet></snippet>
			<description><![CDATA[<html xmlns:fo="http://www.w3.org/1999/XSL/Format" xmlns:msxsl="urn:schemas-microsoft-com:xslt">

<head>

<META http-equiv="Content-Type" content="text/html">

<meta http-equiv="content-type" content="text/html; charset=UTF-8">

</head>

<body style="margin:0px 0px 0px 0px;overflow:auto;background:#FFFFFF;">

<table style="font-family:Arial,Verdana,Times;font-size:12px;text-align:left;width:100%;border-collapse:collapse;padding:3px 3px 3px 3px">

<tr style="text-align:center;font-weight:bold;background:#9CBCE2">

<td>Naogaon PBS-1</td>

</tr>

<tr>

<td>

<table style="font-family:Arial,Verdana,Times;font-size:12px;text-align:left;width:100%;border-spacing:0px; padding:3px 3px 3px 3px">

<tr>

<td>PBS_Name</td>

<td>Naogaon PBS-1</td>

</tr>

<tr bgcolor="#D4E4F3">

<td>Surv_Date</td>

<td>2018-05-15</td>

</tr>

<tr>

<td>Proc_Date</td>

<td>2018-06-11</td>

</tr>

<tr bgcolor="#D4E4F3">

<td>Contd_Grid</td>

<td>Niamotpur</td>

</tr>

<tr>

<td>Contd_SS</td>

<td>Niamotpur-1</td>

</tr>

<tr bgcolor="#D4E4F3">

<td>Feeder_N</td>

<td>Niamotpur-1</td>

</tr>

<tr>

<td>Feeder_Typ</td>

<td>Main</td>

</tr>

<tr bgcolor="#D4E4F3">

<td>Circuit</td>

<td>1</td>

</tr>

<tr>

<td>Con_KV</td>

<td>33</td>

</tr>

<tr bgcolor="#D4E4F3">

<td>Con_Size</td>

<td>477 MCM</td>

</tr>

<tr>

<td>Spn_Len_M</td>

<td>0</td>

</tr>

<tr bgcolor="#D4E4F3">

<td>Length_M</td>

<td>238.273453</td>

</tr>

<tr>

<td>Mileage_KM</td>

<td>0.238273</td>

</tr>

<tr bgcolor="#D4E4F3">

<td>Legend</td>

<td></td>

</tr>

<tr>

<td>Assigned</td>

<td>REB GIS</td>

</tr>

<tr bgcolor="#D4E4F3">

<td>FY</td>

<td>2017-18</td>

</tr>

<tr>

<td>Remarks</td>

<td>Reported</td>

</tr>

<tr bgcolor="#D4E4F3">

<td>Project</td>

<td></td>

</tr>

<tr>

<td>PkDemandMW</td>

<td>12.15</td>

</tr>

</table>

</td>

</tr>

</table>

</body><script type="text/javascript">

				function changeImage(attElement, nameElement) {

				document.getElementById('imageAttachment').src = attElement;

				document.getElementById('imageName').innerHTML = nameElement;}

			</script></html>]]></description>
			<styleUrl>#LineStyle001</styleUrl>
			<MultiGeometry>
				<LineString>
					<tessellate>1</tessellate>
					<coordinates>
						88.58584999963431,24.83430000058047,0 88.58537000053191,24.83442999995408,0 88.58467999918858,24.83454000060937,0 88.58403000060869,24.83464999940576,0 88.58388999980387,24.83467999963857,0 88.58355999965188,24.83478999964061,0 
					</coordinates>
				</LineString>
			</MultiGeometry>
		</Placemark>
		<Placemark id="ID_00038">
			<name>Manda-1/Manda-2</name>
			<snippet></snippet>
			<description><![CDATA[<html xmlns:fo="http://www.w3.org/1999/XSL/Format" xmlns:msxsl="urn:schemas-microsoft-com:xslt">

<head>

<META http-equiv="Content-Type" content="text/html">

<meta http-equiv="content-type" content="text/html; charset=UTF-8">

</head>

<body style="margin:0px 0px 0px 0px;overflow:auto;background:#FFFFFF;">

<table style="font-family:Arial,Verdana,Times;font-size:12px;text-align:left;width:100%;border-collapse:collapse;padding:3px 3px 3px 3px">

<tr style="text-align:center;font-weight:bold;background:#9CBCE2">

<td>Naogaon PBS-1</td>

</tr>

<tr>

<td>

<table style="font-family:Arial,Verdana,Times;font-size:12px;text-align:left;width:100%;border-spacing:0px; padding:3px 3px 3px 3px">

<tr>

<td>PBS_Name</td>

<td>Naogaon PBS-1</td>

</tr>

<tr bgcolor="#D4E4F3">

<td>Surv_Date</td>

<td>2018-05-15</td>

</tr>

<tr>

<td>Proc_Date</td>

<td>2018-05-17</td>

</tr>

<tr bgcolor="#D4E4F3">

<td>Contd_Grid</td>

<td>Niamotpur</td>

</tr>

<tr>

<td>Contd_SS</td>

<td>Manda-1 &amp; Manda-2</td>

</tr>

<tr bgcolor="#D4E4F3">

<td>Feeder_N</td>

<td>Manda-1/Manda-2</td>

</tr>

<tr>

<td>Feeder_Typ</td>

<td>Main</td>

</tr>

<tr bgcolor="#D4E4F3">

<td>Circuit</td>

<td>2</td>

</tr>

<tr>

<td>Con_KV</td>

<td>33</td>

</tr>

<tr bgcolor="#D4E4F3">

<td>Con_Size</td>

<td>477 MCM</td>

</tr>

<tr>

<td>Spn_Len_M</td>

<td>0</td>

</tr>

<tr bgcolor="#D4E4F3">

<td>Length_M</td>

<td>698.984685</td>

</tr>

<tr>

<td>Mileage_KM</td>

<td>1.397969</td>

</tr>

<tr bgcolor="#D4E4F3">

<td>Legend</td>

<td></td>

</tr>

<tr>

<td>Assigned</td>

<td>REB GIS</td>

</tr>

<tr bgcolor="#D4E4F3">

<td>FY</td>

<td>2017-18</td>

</tr>

<tr>

<td>Remarks</td>

<td>Reported</td>

</tr>

<tr bgcolor="#D4E4F3">

<td>Project</td>

<td></td>

</tr>

<tr>

<td>PkDemandMW</td>

<td>23</td>

</tr>

</table>

</td>

</tr>

</table>

</body><script type="text/javascript">

				function changeImage(attElement, nameElement) {

				document.getElementById('imageAttachment').src = attElement;

				document.getElementById('imageName').innerHTML = nameElement;}

			</script></html>]]></description>
			<styleUrl>#LineStyle001</styleUrl>
			<MultiGeometry>
				<LineString>
					<tessellate>1</tessellate>
					<coordinates>
						88.58405299970518,24.83404100035811,0 88.58338287636255,24.83424043730332,0 88.58328433050566,24.8342662497983,0 88.58332700063423,24.83446399974879,0 88.58336900057419,24.83465299950631,0 88.58337699964119,24.83480400048045,0 88.58340999951285,24.83493999936342,0 88.5836899997603,24.8349099995555,0 88.58398000065127,24.83486000044554,0 88.58438999968189,24.83478999973076,0 88.58464999947296,24.83475000013668,0 88.58500999943581,24.83468000059134,0 88.58536999993336,24.83461000018753,0 88.58564999919399,24.83452000060294,0 88.58599999976238,24.83445000007083,0 88.58624000012264,24.83440999961266,0 88.58653000022409,24.83431999971706,0 88.58678000028651,24.83427000004144,0 88.58702000024157,24.83420999994585,0 88.58730000093102,24.83414999990849,0 88.58760000047343,24.83406999978738,0 88.58789000044983,24.83401999954571,0 88.58811999940571,24.83393999993267,0 88.58832000003062,24.83389999957576,0 88.58862000022665,24.83384000036087,0 
					</coordinates>
				</LineString>
			</MultiGeometry>
		</Placemark>
		<Placemark id="ID_00039">
			<name>Badolgachi</name>
			<snippet></snippet>
			<description><![CDATA[<html xmlns:fo="http://www.w3.org/1999/XSL/Format" xmlns:msxsl="urn:schemas-microsoft-com:xslt">

<head>

<META http-equiv="Content-Type" content="text/html">

<meta http-equiv="content-type" content="text/html; charset=UTF-8">

</head>

<body style="margin:0px 0px 0px 0px;overflow:auto;background:#FFFFFF;">

<table style="font-family:Arial,Verdana,Times;font-size:12px;text-align:left;width:100%;border-collapse:collapse;padding:3px 3px 3px 3px">

<tr style="text-align:center;font-weight:bold;background:#9CBCE2">

<td>Naogaon PBS-1</td>

</tr>

<tr>

<td>

<table style="font-family:Arial,Verdana,Times;font-size:12px;text-align:left;width:100%;border-spacing:0px; padding:3px 3px 3px 3px">

<tr>

<td>PBS_Name</td>

<td>Naogaon PBS-1</td>

</tr>

<tr bgcolor="#D4E4F3">

<td>Surv_Date</td>

<td>2018-05-22</td>

</tr>

<tr>

<td>Proc_Date</td>

<td>2018-05-28</td>

</tr>

<tr bgcolor="#D4E4F3">

<td>Contd_Grid</td>

<td>Naogaon</td>

</tr>

<tr>

<td>Contd_SS</td>

<td>Naogaon-2 (Hogolbari)</td>

</tr>

<tr bgcolor="#D4E4F3">

<td>Feeder_N</td>

<td>Badolgachi</td>

</tr>

<tr>

<td>Feeder_Typ</td>

<td>Tap</td>

</tr>

<tr bgcolor="#D4E4F3">

<td>Circuit</td>

<td>1</td>

</tr>

<tr>

<td>Con_KV</td>

<td>33</td>

</tr>

<tr bgcolor="#D4E4F3">

<td>Con_Size</td>

<td>477 MCM</td>

</tr>

<tr>

<td>Spn_Len_M</td>

<td>0</td>

</tr>

<tr bgcolor="#D4E4F3">

<td>Length_M</td>

<td>2668.785828</td>

</tr>

<tr>

<td>Mileage_KM</td>

<td>2.668786</td>

</tr>

<tr bgcolor="#D4E4F3">

<td>Legend</td>

<td></td>

</tr>

<tr>

<td>Assigned</td>

<td>REB GIS</td>

</tr>

<tr bgcolor="#D4E4F3">

<td>FY</td>

<td>2017-18</td>

</tr>

<tr>

<td>Remarks</td>

<td>Tap to Naogaon-2 (Hogolbari) SS</td>

</tr>

<tr bgcolor="#D4E4F3">

<td>Project</td>

<td></td>

</tr>

<tr>

<td>PkDemandMW</td>

<td>27.9</td>

</tr>

</table>

</td>

</tr>

</table>

</body><script type="text/javascript">

				function changeImage(attElement, nameElement) {

				document.getElementById('imageAttachment').src = attElement;

				document.getElementById('imageName').innerHTML = nameElement;}

			</script></html>]]></description>
			<styleUrl>#LineStyle001</styleUrl>
			<MultiGeometry>
				<LineString>
					<tessellate>1</tessellate>
					<coordinates>
						88.94420165403993,24.87693808200929,0 88.94407038339837,24.87697360585248,0 88.94347000039222,24.87707999958576,0 88.94298999983241,24.87740000016169,0 88.94246000028204,24.87772000006363,0 88.94198999982738,24.8780200007568,0 88.94150000025658,24.87833999967368,0 88.94113000092537,24.87859999980694,0 88.9402299999043,24.87904999929047,0 88.93971999990683,24.87923999951416,0 88.93928000031627,24.87942999934521,0 88.93816000004195,24.87985999968133,0 88.93813000040886,24.87990000001368,0 88.93763999997222,24.88010000017878,0 88.93711000001298,24.88031999929128,0 88.93657999967257,24.88054999950052,0 88.93601999965426,24.88080000019361,0 88.93543652264127,24.88083044276449,0 88.93487000021213,24.88085999968479,0 88.9345600004538,24.88073999995586,0 88.93401000018112,24.88059999965021,0 88.93342999944261,24.88046000045208,0 88.93289000045819,24.88029999952551,0 88.93231999979557,24.88012000005979,0 88.93176000028025,24.88000000009606,0 88.93109999978292,24.87980999960289,0 88.93056000014096,24.87963000036705,0 88.93006000008741,24.87950000013927,0 88.92944999986052,24.87933000036547,0 88.92899000022814,24.87953999937039,0 88.92838999953356,24.87979000056177,0 88.92784999958769,24.88002999961845,0 88.92728999937471,24.88027000052368,0 88.92675999980597,24.88050000005307,0 88.9262200000564,24.8807500000195,0 88.92568000033388,24.8809899997038,0 88.925089999533,24.88125000023327,0 88.92450999958268,24.88149000000389,0 88.92399000069508,24.88169999972865,0 88.92342999924215,24.88195000058096,0 88.9229199995987,24.88216999989379,0 88.92246999954642,24.8823900000612,0 88.92198000015685,24.88261999978475,0 88.9214100003022,24.88287000030909,0 88.92099999971398,24.88308000007435,0 88.92049000054634,24.88333000031124,0 88.92022999964725,24.88347000043634,0 88.92021981237248,24.88347983114611,0 
					</coordinates>
				</LineString>
			</MultiGeometry>
		</Placemark>
		<Placemark id="ID_00040">
			<name>Naogaon(HQ)/Atrai</name>
			<snippet></snippet>
			<description><![CDATA[<html xmlns:fo="http://www.w3.org/1999/XSL/Format" xmlns:msxsl="urn:schemas-microsoft-com:xslt">

<head>

<META http-equiv="Content-Type" content="text/html">

<meta http-equiv="content-type" content="text/html; charset=UTF-8">

</head>

<body style="margin:0px 0px 0px 0px;overflow:auto;background:#FFFFFF;">

<table style="font-family:Arial,Verdana,Times;font-size:12px;text-align:left;width:100%;border-collapse:collapse;padding:3px 3px 3px 3px">

<tr style="text-align:center;font-weight:bold;background:#9CBCE2">

<td>Naogaon PBS-1</td>

</tr>

<tr>

<td>

<table style="font-family:Arial,Verdana,Times;font-size:12px;text-align:left;width:100%;border-spacing:0px; padding:3px 3px 3px 3px">

<tr>

<td>PBS_Name</td>

<td>Naogaon PBS-1</td>

</tr>

<tr bgcolor="#D4E4F3">

<td>Surv_Date</td>

<td>2020-12-10</td>

</tr>

<tr>

<td>Proc_Date</td>

<td>2020-12-13</td>

</tr>

<tr bgcolor="#D4E4F3">

<td>Contd_Grid</td>

<td>Naogaon</td>

</tr>

<tr>

<td>Contd_SS</td>

<td>Naogaon-3 (Dubolhati), Naogaon-1 (HQ), Atrai-1, Atrai-2, Atrai-3</td>

</tr>

<tr bgcolor="#D4E4F3">

<td>Feeder_N</td>

<td>Naogaon(HQ)/Atrai</td>

</tr>

<tr>

<td>Feeder_Typ</td>

<td>Main</td>

</tr>

<tr bgcolor="#D4E4F3">

<td>Circuit</td>

<td>2</td>

</tr>

<tr>

<td>Con_KV</td>

<td>33</td>

</tr>

<tr bgcolor="#D4E4F3">

<td>Con_Size</td>

<td>477 MCM</td>

</tr>

<tr>

<td>Spn_Len_M</td>

<td>0</td>

</tr>

<tr bgcolor="#D4E4F3">

<td>Length_M</td>

<td>2544.744062</td>

</tr>

<tr>

<td>Mileage_KM</td>

<td>5.089488</td>

</tr>

<tr bgcolor="#D4E4F3">

<td>Legend</td>

<td></td>

</tr>

<tr>

<td>Assigned</td>

<td>Mahmuda</td>

</tr>

<tr bgcolor="#D4E4F3">

<td>FY</td>

<td>2020-21</td>

</tr>

<tr>

<td>Remarks</td>

<td></td>

</tr>

<tr bgcolor="#D4E4F3">

<td>Project</td>

<td></td>

</tr>

<tr>

<td>PkDemandMW</td>

<td>36.1</td>

</tr>

</table>

</td>

</tr>

</table>

</body><script type="text/javascript">

				function changeImage(attElement, nameElement) {

				document.getElementById('imageAttachment').src = attElement;

				document.getElementById('imageName').innerHTML = nameElement;}

			</script></html>]]></description>
			<styleUrl>#LineStyle001</styleUrl>
			<MultiGeometry>
				<LineString>
					<tessellate>1</tessellate>
					<coordinates>
						88.94516000029354,24.78594999924202,0 88.94561999965904,24.78579000064208,0 88.94604000079235,24.78561999965311,0 88.94638999982887,24.78548000059276,0 88.94675999987463,24.78538000069543,0 88.94738000055685,24.78513999967182,0 88.94791999989516,24.78505999977799,0 88.94836999986769,24.7850000002173,0 88.94877999946208,24.78495000046034,0 88.94917999990305,24.78489000048253,0 88.94957000031232,24.7848500002206,0 88.94989999985155,24.78476999975143,0 88.95025999981955,24.78475999933672,0 88.950709999854,24.78468000047034,0 88.95097000035449,24.78466000064886,0 88.95138999960605,24.78459000021219,0 88.95181999972954,24.784509999751,0 88.95224999963523,24.78448000017427,0 88.95280999953185,24.78440999937299,0 88.95321000000507,24.78435999984831,0 88.95376999982068,24.78431999980963,0 88.95417000003225,24.78426000022812,0 88.95499999996731,24.78417999963873,0 88.95525514385913,24.78415337612978,0 88.95550000070718,24.78413000033864,0 88.95583067805772,24.78409843011677,0 88.95619671821397,24.78406348272151,0 88.95658885823831,24.78402604276168,0 88.95686195522592,24.78399996724862,0 88.95748999973857,24.7839400003061,0 88.95789999912223,24.78390999977337,0 88.95810999988157,24.78386000015613,0 88.95860999987102,24.78379000008256,0 88.95900000031544,24.78374999989098,0 88.95967999959029,24.7836699996634,0 88.95997999976876,24.78365999972514,0 88.96031999921658,24.78364000046457,0 88.96070999944799,24.783579999963,0 88.96114999999733,24.78355000019046,0 88.96144999954787,24.78351999963039,0 88.96194000007939,24.78345000045613,0 88.9621899994125,24.78342000028485,0 88.96253999994754,24.78339000011354,0 88.9625999992397,24.78366000048062,0 88.96267999955566,24.78405999926732,0 88.9626999995217,24.78436000019557,0 88.96272999991059,24.78471000003094,0 88.9627799993403,24.785019999461,0 88.96280999984816,24.7853400004508,0 88.9628800000167,24.78569999934821,0 88.96291999997247,24.78602999930421,0 88.96295000071126,24.78644000013684,0 88.96301999985131,24.78689999991592,0 88.96306000040727,24.78737999992381,0 88.96311999986844,24.78784000074141,0 88.96314999933222,24.78825999979545,0 88.96318999988526,24.78867000011848,0 88.96321000024588,24.78900000038184,0 88.963229999788,24.78938000068011,0 88.96334000064884,24.78983999968317,0 88.9633699997202,24.79016000027113,0 
					</coordinates>
				</LineString>
			</MultiGeometry>
		</Placemark>
		<Placemark id="ID_00041">
			<name>Naogaon PBS (Raninagar)</name>
			<snippet></snippet>
			<description><![CDATA[<html xmlns:fo="http://www.w3.org/1999/XSL/Format" xmlns:msxsl="urn:schemas-microsoft-com:xslt">

<head>

<META http-equiv="Content-Type" content="text/html">

<meta http-equiv="content-type" content="text/html; charset=UTF-8">

</head>

<body style="margin:0px 0px 0px 0px;overflow:auto;background:#FFFFFF;">

<table style="font-family:Arial,Verdana,Times;font-size:12px;text-align:left;width:100%;border-collapse:collapse;padding:3px 3px 3px 3px">

<tr style="text-align:center;font-weight:bold;background:#9CBCE2">

<td>Naogaon PBS-1</td>

</tr>

<tr>

<td>

<table style="font-family:Arial,Verdana,Times;font-size:12px;text-align:left;width:100%;border-spacing:0px; padding:3px 3px 3px 3px">

<tr>

<td>PBS_Name</td>

<td>Naogaon PBS-1</td>

</tr>

<tr bgcolor="#D4E4F3">

<td>Surv_Date</td>

<td>2019-11-25</td>

</tr>

<tr>

<td>Proc_Date</td>

<td>2020-12-13</td>

</tr>

<tr bgcolor="#D4E4F3">

<td>Contd_Grid</td>

<td>Naogaon</td>

</tr>

<tr>

<td>Contd_SS</td>

<td>Raninagar-2</td>

</tr>

<tr bgcolor="#D4E4F3">

<td>Feeder_N</td>

<td>Naogaon PBS (Raninagar)</td>

</tr>

<tr>

<td>Feeder_Typ</td>

<td>Tap</td>

</tr>

<tr bgcolor="#D4E4F3">

<td>Circuit</td>

<td>1</td>

</tr>

<tr>

<td>Con_KV</td>

<td>33</td>

</tr>

<tr bgcolor="#D4E4F3">

<td>Con_Size</td>

<td>477 MCM</td>

</tr>

<tr>

<td>Spn_Len_M</td>

<td>0</td>

</tr>

<tr bgcolor="#D4E4F3">

<td>Length_M</td>

<td>3499.08848</td>

</tr>

<tr>

<td>Mileage_KM</td>

<td>3.499088</td>

</tr>

<tr bgcolor="#D4E4F3">

<td>Legend</td>

<td></td>

</tr>

<tr>

<td>Assigned</td>

<td>Mahmuda</td>

</tr>

<tr bgcolor="#D4E4F3">

<td>FY</td>

<td>2020-21</td>

</tr>

<tr>

<td>Remarks</td>

<td>Tap to Raninagar-2</td>

</tr>

<tr bgcolor="#D4E4F3">

<td>Project</td>

<td></td>

</tr>

<tr>

<td>PkDemandMW</td>

<td>6.50</td>

</tr>

</table>

</td>

</tr>

</table>

</body><script type="text/javascript">

				function changeImage(attElement, nameElement) {

				document.getElementById('imageAttachment').src = attElement;

				document.getElementById('imageName').innerHTML = nameElement;}

			</script></html>]]></description>
			<styleUrl>#LineStyle001</styleUrl>
			<MultiGeometry>
				<LineString>
					<tessellate>1</tessellate>
					<coordinates>
						89.04160999979678,24.7250200000792,0 89.04126999983571,24.72497999995203,0 89.04076000079941,24.72492999958959,0 89.04027999964335,24.72489999988138,0 89.03969999988685,24.7249699992614,0 89.03920000027063,24.72504999964261,0 89.03873000063372,24.72510000036711,0 89.03826000050847,24.72514999964103,0 89.03775999995001,24.72522999981973,0 89.03716999992329,24.7253099999616,0 89.03668000025087,24.72534999983235,0 89.03621999941646,24.72543999946987,0 89.03588000039574,24.72553000027499,0 89.03531000010288,24.72555999976892,0 89.03473999945845,24.72563999971656,0 89.03414000034896,24.72574000010863,0 89.03364999965189,24.7256699994108,0 89.03323999935418,24.72566999978708,0 89.03267999986677,24.72559000006792,0 89.03220000008739,24.72555000064909,0 89.03163000008291,24.72549999977613,0 89.03119000007231,24.72543000028087,0 89.03062000008315,24.72539000002251,0 89.03024000038553,24.7253700001332,0 89.02974999942803,24.72534000002486,0 89.02928000019828,24.72527999927577,0 89.02872999984511,24.72520999996993,0 89.0282300001879,24.72520000015819,0 89.0276799995186,24.72512000055212,0 89.027169999557,24.7251000006224,0 89.026580000298,24.72506999979887,0 89.02607999976286,24.72508000003171,0 89.02572000064433,24.72501999986858,0 89.02512000054402,24.72502999937014,0 89.02465000008769,24.72514999965009,0 89.02415999974428,24.72522000030652,0 89.02355000008423,24.72527999961495,0 89.02314999998052,24.72537000003948,0 89.02262000023109,24.72544000020586,0 89.02215999998812,24.72551000042013,0 89.02166999911228,24.72554000016227,0 89.02132000003905,24.72562000034111,0 89.0206100005683,24.72568999917569,0 89.02018999926428,24.72570999937682,0 89.01968000012327,24.72568000011511,0 89.01922000014666,24.72559000066996,0 89.01885999994199,24.72574999933797,0 89.01839999958818,24.72585000003009,0 89.01798999944242,24.72598000079329,0 89.01761000001255,24.72613999948204,0 89.01713999973565,24.72620999995556,0 89.01672000002466,24.72633000005529,0 89.01628000026602,24.72647000000273,0 89.01581000012477,24.72658999937753,0 89.01535999970235,24.72676000046028,0 89.01486999992073,24.72687000038178,0 89.01441000039689,24.7269900001069,0 89.01390000009461,24.72711000034732,0 89.01345999977515,24.7271700008144,0 89.01305999963235,24.72726000019932,0 89.0125600000636,24.72739999994793,0 89.0121300001413,24.72753000002517,0 89.01170000021959,24.72761999953203,0 89.01145000069486,24.72769999928106,0 89.01110999962644,24.72783999955373,0 89.010640000351,24.72793000009957,0 89.01020000040485,24.72805999984941,0 89.00984000039588,24.72814000056465,0 89.00941999992506,24.72826000069896,0 89.00900000009064,24.7283899997648,0 89.00856999942062,24.7284999997316,0 89.00805999982829,24.72870000025612,0 89.00778999981426,24.72873999989199,0 
					</coordinates>
				</LineString>
			</MultiGeometry>
		</Placemark>
		<Placemark id="ID_00042">
			<name>Naogaon(HQ)/Atrai/Naogaon PBS (Raninagar)</name>
			<snippet></snippet>
			<description><![CDATA[<html xmlns:fo="http://www.w3.org/1999/XSL/Format" xmlns:msxsl="urn:schemas-microsoft-com:xslt">

<head>

<META http-equiv="Content-Type" content="text/html">

<meta http-equiv="content-type" content="text/html; charset=UTF-8">

</head>

<body style="margin:0px 0px 0px 0px;overflow:auto;background:#FFFFFF;">

<table style="font-family:Arial,Verdana,Times;font-size:12px;text-align:left;width:100%;border-collapse:collapse;padding:3px 3px 3px 3px">

<tr style="text-align:center;font-weight:bold;background:#9CBCE2">

<td>Naogaon PBS-1</td>

</tr>

<tr>

<td>

<table style="font-family:Arial,Verdana,Times;font-size:12px;text-align:left;width:100%;border-spacing:0px; padding:3px 3px 3px 3px">

<tr>

<td>PBS_Name</td>

<td>Naogaon PBS-1</td>

</tr>

<tr bgcolor="#D4E4F3">

<td>Surv_Date</td>

<td>2020-11-18</td>

</tr>

<tr>

<td>Proc_Date</td>

<td>2020-12-13</td>

</tr>

<tr bgcolor="#D4E4F3">

<td>Contd_Grid</td>

<td>Naogaon</td>

</tr>

<tr>

<td>Contd_SS</td>

<td>Naogaon-3 (Dubolhati), Naogaon-1 (HQ), Atrai-1, Atrai-2, Atrai-3, Raninagar-1 &amp; Raninagar-2</td>

</tr>

<tr bgcolor="#D4E4F3">

<td>Feeder_N</td>

<td>Naogaon(HQ)/Atrai/Naogaon PBS (Raninagar)</td>

</tr>

<tr>

<td>Feeder_Typ</td>

<td>Main</td>

</tr>

<tr bgcolor="#D4E4F3">

<td>Circuit</td>

<td>3</td>

</tr>

<tr>

<td>Con_KV</td>

<td>33</td>

</tr>

<tr bgcolor="#D4E4F3">

<td>Con_Size</td>

<td>477 MCM</td>

</tr>

<tr>

<td>Spn_Len_M</td>

<td>0</td>

</tr>

<tr bgcolor="#D4E4F3">

<td>Length_M</td>

<td>1475.74057</td>

</tr>

<tr>

<td>Mileage_KM</td>

<td>4.427222</td>

</tr>

<tr bgcolor="#D4E4F3">

<td>Legend</td>

<td></td>

</tr>

<tr>

<td>Assigned</td>

<td>Mahmuda</td>

</tr>

<tr bgcolor="#D4E4F3">

<td>FY</td>

<td>2020-21</td>

</tr>

<tr>

<td>Remarks</td>

<td></td>

</tr>

<tr bgcolor="#D4E4F3">

<td>Project</td>

<td></td>

</tr>

<tr>

<td>PkDemandMW</td>

<td>51.15</td>

</tr>

</table>

</td>

</tr>

</table>

</body><script type="text/javascript">

				function changeImage(attElement, nameElement) {

				document.getElementById('imageAttachment').src = attElement;

				document.getElementById('imageName').innerHTML = nameElement;}

			</script></html>]]></description>
			<styleUrl>#LineStyle001</styleUrl>
			<MultiGeometry>
				<LineString>
					<tessellate>1</tessellate>
					<coordinates>
						88.9633699997202,24.79016000027113,0 88.96337999960865,24.79060999937864,0 88.96344999968059,24.79092999952369,0 88.96343999939302,24.7914499996183,0 88.96349000019316,24.79187000037066,0 88.96353000024143,24.79220999993213,0 88.96358999986647,24.79273999958295,0 88.96361000052802,24.79310000009809,0 88.96363000016177,24.79349000024966,0 88.96369000026668,24.79386999969693,0 88.96371503321565,24.79416801185161,0 88.96376000000657,24.79457000002892,0 88.96371189576128,24.79496128761568,0 88.96382999926176,24.79532000023655,0 88.96380000007372,24.79571999948909,0 88.9638200004712,24.79601000035054,0 88.96384999969185,24.79644000063652,0 88.96381999964991,24.79673999988248,0 88.96382999945051,24.79711999996964,0 88.96384999967016,24.79752000001183,0 88.96386000002056,24.79794000075519,0 88.96388999949394,24.79844000033102,0 88.96395000005133,24.79876000004364,0 88.96394999996663,24.79919999963576,0 88.96393054077308,24.79971892808579,0 88.96394000003805,24.80032000060576,0 88.96403000013288,24.80058999993078,0 88.96406999961586,24.80090999935518,0 88.96411000032366,24.80117000040637,0 88.96410999981946,24.80133000045766,0 88.96413065579002,24.80161455581504,0 88.96412325882027,24.80186331659399,0 88.96410024914684,24.80204053970871,0 88.96410224796547,24.80217621768813,0 88.96407399036593,24.80230511310683,0 88.96407000001483,24.802440000345,0 88.96407999997101,24.80258000052126,0 88.96410000058641,24.80264999998378,0 88.9642799992336,24.80283999932966,0 88.96417000025318,24.8029300000497,0 88.96387200042346,24.80267699980442,0 
					</coordinates>
				</LineString>
			</MultiGeometry>
		</Placemark>
		<Placemark id="ID_00043">
			<name>Atrai</name>
			<snippet></snippet>
			<description><![CDATA[<html xmlns:fo="http://www.w3.org/1999/XSL/Format" xmlns:msxsl="urn:schemas-microsoft-com:xslt">

<head>

<META http-equiv="Content-Type" content="text/html">

<meta http-equiv="content-type" content="text/html; charset=UTF-8">

</head>

<body style="margin:0px 0px 0px 0px;overflow:auto;background:#FFFFFF;">

<table style="font-family:Arial,Verdana,Times;font-size:12px;text-align:left;width:100%;border-collapse:collapse;padding:3px 3px 3px 3px">

<tr style="text-align:center;font-weight:bold;background:#9CBCE2">

<td>Naogaon PBS-1</td>

</tr>

<tr>

<td>

<table style="font-family:Arial,Verdana,Times;font-size:12px;text-align:left;width:100%;border-spacing:0px; padding:3px 3px 3px 3px">

<tr>

<td>PBS_Name</td>

<td>Naogaon PBS-1</td>

</tr>

<tr bgcolor="#D4E4F3">

<td>Surv_Date</td>

<td>2020-12-16</td>

</tr>

<tr>

<td>Proc_Date</td>

<td>2020-12-20</td>

</tr>

<tr bgcolor="#D4E4F3">

<td>Contd_Grid</td>

<td>Naogaon</td>

</tr>

<tr>

<td>Contd_SS</td>

<td>Atrai-1, Atrai-2 &amp; Atrai-3</td>

</tr>

<tr bgcolor="#D4E4F3">

<td>Feeder_N</td>

<td>Atrai</td>

</tr>

<tr>

<td>Feeder_Typ</td>

<td>Main</td>

</tr>

<tr bgcolor="#D4E4F3">

<td>Circuit</td>

<td>1</td>

</tr>

<tr>

<td>Con_KV</td>

<td>33</td>

</tr>

<tr bgcolor="#D4E4F3">

<td>Con_Size</td>

<td>477 MCM</td>

</tr>

<tr>

<td>Spn_Len_M</td>

<td>0</td>

</tr>

<tr bgcolor="#D4E4F3">

<td>Length_M</td>

<td>7668.517758</td>

</tr>

<tr>

<td>Mileage_KM</td>

<td>7.668518</td>

</tr>

<tr bgcolor="#D4E4F3">

<td>Legend</td>

<td>Atrai-1, Atrai-2 &amp; Atrai-3-Atrai</td>

</tr>

<tr>

<td>Assigned</td>

<td>Mahmuda</td>

</tr>

<tr bgcolor="#D4E4F3">

<td>FY</td>

<td>2020-21</td>

</tr>

<tr>

<td>Remarks</td>

<td></td>

</tr>

<tr bgcolor="#D4E4F3">

<td>Project</td>

<td></td>

</tr>

<tr>

<td>PkDemandMW</td>

<td>21.75</td>

</tr>

</table>

</td>

</tr>

</table>

</body><script type="text/javascript">

				function changeImage(attElement, nameElement) {

				document.getElementById('imageAttachment').src = attElement;

				document.getElementById('imageName').innerHTML = nameElement;}

			</script></html>]]></description>
			<styleUrl>#LineStyle001</styleUrl>
			<MultiGeometry>
				<LineString>
					<tessellate>1</tessellate>
					<coordinates>
						88.93695000029177,24.73116999963149,0 88.93737000009864,24.73120999982755,0 88.93828000019329,24.73123000026069,0 88.93909000008249,24.73155000027092,0 88.93977000022581,24.73186000037577,0 88.94060999994979,24.73207999999687,0 88.9415100004566,24.73232000006908,0 88.94218999990201,24.7325299997281,0 88.9430499996953,24.73269999973119,0 88.94388999972954,24.73290999989417,0 88.9447300004439,24.73314999978614,0 88.94561000004445,24.73328999957102,0 88.94626000040198,24.7337299995614,0 88.94740999986655,24.73396999988432,0 88.94785999993603,24.73402999973231,0 88.94851999981346,24.73409000006446,0 88.94852999974486,24.7344500004488,0 88.94835999973566,24.735029999593,0 88.9479799998674,24.7353999997541,0 88.94789999974647,24.73554999970035,0 88.94753000029132,24.73593000007931,0 88.9471199999094,24.73629999991957,0 88.94658999999375,24.73685000039315,0 88.94613000048558,24.73737999955222,0 88.94553999990376,24.73787999964691,0 88.94522999993205,24.73834999976219,0 88.9446199995342,24.73873000043756,0 88.94408000003378,24.73907000031152,0 88.94345999983446,24.73949999972263,0 88.94264000015059,24.73999999998227,0 88.94227999964822,24.74023999971408,0 88.94192000019909,24.74045000034445,0 88.94133000022164,24.74083000014339,0 88.94100000039361,24.74099000019454,0 88.94071999999142,24.74118999974221,0 88.94039999982755,24.74139000037885,0 88.94001000001747,24.74161000002276,0 88.93935999983044,24.74199000016972,0 88.93911000030629,24.7426999996465,0 88.93879000044483,24.74358999972815,0 88.93845000015371,24.74426999991478,0 88.93868999966769,24.74483999976644,0 88.93892000047275,24.74555999990393,0 88.93915000017016,24.74636000037806,0 88.9393700003148,24.74696000029919,0 88.93952999952258,24.74757000045406,0 88.93978999973392,24.7484800001039,0 88.93997000034081,24.74897000018937,0 88.94021999952783,24.74976999998879,0 88.94041000028066,24.75045999994851,0 88.94062000040057,24.751219999982,0 88.94087999963992,24.75196999960641,0 88.94108000001218,24.75257999969655,0 88.94131000019912,24.75344000040178,0 88.94155000012762,24.75411999973931,0 88.94176999987832,24.7548599996638,0 88.94200000020007,24.7554999999069,0 88.94220999979741,24.75618999963041,0 88.94217999994895,24.75694999962213,0 88.94209999965325,24.75764999966348,0 88.94202000035907,24.75843999970241,0 88.94199999976198,24.75904000037355,0 88.94190000009199,24.75968999984403,0 88.94184999985463,24.76046000012872,0 88.9418000003227,24.76091999988416,0 88.94176999983917,24.76147000035554,0 88.9417400002008,24.7619499995525,0 88.94168000005685,24.76251000014824,0 88.94162000002298,24.76326000017126,0 88.94156999992394,24.7640199998846,0 88.94162000006477,24.76466000022254,0 88.94159000046307,24.76529000019297,0 88.94161999969904,24.76591000004565,0 88.94166000013358,24.76663999983663,0 88.94174999968637,24.76698999970972,0 88.94175000030138,24.76734999963784,0 88.94183000013561,24.76817000043899,0 88.94181999974683,24.7690300004137,0 88.94190000028925,24.76946000023485,0 88.94194999964401,24.77005000020536,0 88.94195000028589,24.77045999964218,0 88.9420699997447,24.77091000009514,0 88.942249999808,24.77120000004196,0 88.94242999957234,24.77151000030843,0 88.94283000040281,24.77210000006238,0 88.94316000009449,24.7724999997908,0 88.94363999957577,24.77308000012636,0 88.94398999951116,24.77353999975721,0 88.94436000028821,24.77406000033277,0 88.94463999971836,24.7747699997647,0 88.94480999971485,24.77541000015005,0 88.94495000033423,24.77554000032874,0 88.94542000026804,24.77586000010003,0 88.94604000020614,24.77623999994112,0 88.94654000031066,24.77675000010202,0 88.94637000001144,24.77741999975209,0 88.94616999985226,24.77816000028051,0 88.94599999982206,24.77888000002522,0 88.945800000495,24.77959000023555,0 88.94565000044356,24.78020999967514,0 88.94548999965144,24.78072999990901,0 88.94534999950601,24.78144999999884,0 88.94511999950602,24.78200999989032,0 88.945036340491,24.78276854360987,0 88.94509000048272,24.78339999998509,0 88.94508000031117,24.78396999981151,0 88.94505667290471,24.78421107134962,0 88.94504650743529,24.78446145297488,0 88.94504210410484,24.78474150230067,0 88.94505000007182,24.78495999986439,0 88.9450499995457,24.78511000023935,0 88.94508000028955,24.78535999971667,0 88.9450600003763,24.78553999991248,0 88.94513000027116,24.78572999969313,0 88.94516000029354,24.78594999924202,0 
					</coordinates>
				</LineString>
			</MultiGeometry>
		</Placemark>
		<Placemark id="ID_00044">
			<name>Atrai</name>
			<snippet></snippet>
			<description><![CDATA[<html xmlns:fo="http://www.w3.org/1999/XSL/Format" xmlns:msxsl="urn:schemas-microsoft-com:xslt">

<head>

<META http-equiv="Content-Type" content="text/html">

<meta http-equiv="content-type" content="text/html; charset=UTF-8">

</head>

<body style="margin:0px 0px 0px 0px;overflow:auto;background:#FFFFFF;">

<table style="font-family:Arial,Verdana,Times;font-size:12px;text-align:left;width:100%;border-collapse:collapse;padding:3px 3px 3px 3px">

<tr style="text-align:center;font-weight:bold;background:#9CBCE2">

<td>Naogaon PBS-1</td>

</tr>

<tr>

<td>

<table style="font-family:Arial,Verdana,Times;font-size:12px;text-align:left;width:100%;border-spacing:0px; padding:3px 3px 3px 3px">

<tr>

<td>PBS_Name</td>

<td>Naogaon PBS-1</td>

</tr>

<tr bgcolor="#D4E4F3">

<td>Surv_Date</td>

<td>2020-12-18</td>

</tr>

<tr>

<td>Proc_Date</td>

<td>2020-12-20</td>

</tr>

<tr bgcolor="#D4E4F3">

<td>Contd_Grid</td>

<td>Naogaon</td>

</tr>

<tr>

<td>Contd_SS</td>

<td>Atrai-1, Atrai-2 &amp; Atrai-3</td>

</tr>

<tr bgcolor="#D4E4F3">

<td>Feeder_N</td>

<td>Atrai</td>

</tr>

<tr>

<td>Feeder_Typ</td>

<td>Main</td>

</tr>

<tr bgcolor="#D4E4F3">

<td>Circuit</td>

<td>1</td>

</tr>

<tr>

<td>Con_KV</td>

<td>33</td>

</tr>

<tr bgcolor="#D4E4F3">

<td>Con_Size</td>

<td>477 MCM</td>

</tr>

<tr>

<td>Spn_Len_M</td>

<td>0</td>

</tr>

<tr bgcolor="#D4E4F3">

<td>Length_M</td>

<td>1977.992991</td>

</tr>

<tr>

<td>Mileage_KM</td>

<td>1.977993</td>

</tr>

<tr bgcolor="#D4E4F3">

<td>Legend</td>

<td>Atrai-1, Atrai-2 &amp; Atrai-3-Atrai</td>

</tr>

<tr>

<td>Assigned</td>

<td>Mahmuda</td>

</tr>

<tr bgcolor="#D4E4F3">

<td>FY</td>

<td>2020-21</td>

</tr>

<tr>

<td>Remarks</td>

<td></td>

</tr>

<tr bgcolor="#D4E4F3">

<td>Project</td>

<td></td>

</tr>

<tr>

<td>PkDemandMW</td>

<td>21.75</td>

</tr>

</table>

</td>

</tr>

</table>

</body><script type="text/javascript">

				function changeImage(attElement, nameElement) {

				document.getElementById('imageAttachment').src = attElement;

				document.getElementById('imageName').innerHTML = nameElement;}

			</script></html>]]></description>
			<styleUrl>#LineStyle001</styleUrl>
			<MultiGeometry>
				<LineString>
					<tessellate>1</tessellate>
					<coordinates>
						88.92946999955977,24.68885999999201,0 88.92965000038932,24.68937000032974,0 88.92985999960099,24.68992999957029,0 88.93017999960288,24.69074000017628,0 88.93045000013151,24.69153000025063,0 88.93068999993856,24.69216000042031,0 88.9308699995275,24.6926600000175,0 88.93106999952622,24.69323000041418,0 88.93129999994983,24.69385999965337,0 88.93160000030774,24.69451999959301,0 88.93186999994121,24.69511000013494,0 88.9321899997785,24.69584000035412,0 88.93246000009017,24.6964700002318,0 88.93271000035274,24.69705999990447,0 88.93301000030172,24.69767999980446,0 88.93334000033248,24.69836999983382,0 88.93364999971777,24.69910000011466,0 88.93352000017384,24.69957999975375,0 88.93340000037858,24.70012999970472,0 88.9332500003819,24.70065999983951,0 88.93311999962607,24.70125000011432,0 88.93294000004178,24.70185999981811,0 88.93278999960741,24.70249000007474,0 88.9326199995598,24.70302000006746,0 88.93220000046172,24.70347999963132,0 88.93172999992275,24.70399000038294,0 88.93126000034167,24.70447999987701,0 88.9308000000843,24.70491999997995,0 88.93044181577173,24.70507124770058,0 
					</coordinates>
				</LineString>
			</MultiGeometry>
		</Placemark>
		<Placemark id="ID_00045">
			<name>Atrai</name>
			<snippet></snippet>
			<description><![CDATA[<html xmlns:fo="http://www.w3.org/1999/XSL/Format" xmlns:msxsl="urn:schemas-microsoft-com:xslt">

<head>

<META http-equiv="Content-Type" content="text/html">

<meta http-equiv="content-type" content="text/html; charset=UTF-8">

</head>

<body style="margin:0px 0px 0px 0px;overflow:auto;background:#FFFFFF;">

<table style="font-family:Arial,Verdana,Times;font-size:12px;text-align:left;width:100%;border-collapse:collapse;padding:3px 3px 3px 3px">

<tr style="text-align:center;font-weight:bold;background:#9CBCE2">

<td>Naogaon PBS-1</td>

</tr>

<tr>

<td>

<table style="font-family:Arial,Verdana,Times;font-size:12px;text-align:left;width:100%;border-spacing:0px; padding:3px 3px 3px 3px">

<tr>

<td>PBS_Name</td>

<td>Naogaon PBS-1</td>

</tr>

<tr bgcolor="#D4E4F3">

<td>Surv_Date</td>

<td>2020-12-17</td>

</tr>

<tr>

<td>Proc_Date</td>

<td>2020-12-20</td>

</tr>

<tr bgcolor="#D4E4F3">

<td>Contd_Grid</td>

<td>Naogaon</td>

</tr>

<tr>

<td>Contd_SS</td>

<td>Atrai-1, Atrai-2 &amp; Atrai-3</td>

</tr>

<tr bgcolor="#D4E4F3">

<td>Feeder_N</td>

<td>Atrai</td>

</tr>

<tr>

<td>Feeder_Typ</td>

<td>Main</td>

</tr>

<tr bgcolor="#D4E4F3">

<td>Circuit</td>

<td>1</td>

</tr>

<tr>

<td>Con_KV</td>

<td>33</td>

</tr>

<tr bgcolor="#D4E4F3">

<td>Con_Size</td>

<td>477 MCM</td>

</tr>

<tr>

<td>Spn_Len_M</td>

<td>0</td>

</tr>

<tr bgcolor="#D4E4F3">

<td>Length_M</td>

<td>3205.801353</td>

</tr>

<tr>

<td>Mileage_KM</td>

<td>3.205801</td>

</tr>

<tr bgcolor="#D4E4F3">

<td>Legend</td>

<td>Atrai-1, Atrai-2 &amp; Atrai-3-Atrai</td>

</tr>

<tr>

<td>Assigned</td>

<td>Mahmuda</td>

</tr>

<tr bgcolor="#D4E4F3">

<td>FY</td>

<td>2020-21</td>

</tr>

<tr>

<td>Remarks</td>

<td></td>

</tr>

<tr bgcolor="#D4E4F3">

<td>Project</td>

<td></td>

</tr>

<tr>

<td>PkDemandMW</td>

<td>21.75</td>

</tr>

</table>

</td>

</tr>

</table>

</body><script type="text/javascript">

				function changeImage(attElement, nameElement) {

				document.getElementById('imageAttachment').src = attElement;

				document.getElementById('imageName').innerHTML = nameElement;}

			</script></html>]]></description>
			<styleUrl>#LineStyle001</styleUrl>
			<MultiGeometry>
				<LineString>
					<tessellate>1</tessellate>
					<coordinates>
						88.93044181577173,24.70507124770058,0 88.93010000039335,24.70525999974648,0 88.92986000036095,24.70540999991304,0 88.92931000030042,24.70564000006959,0 88.9287800001475,24.70583999988139,0 88.92865000047391,24.70640000042738,0 88.92845999983675,24.70715000027008,0 88.92827000032516,24.70789000038212,0 88.92814999955608,24.70843999980526,0 88.92794999951518,24.70914999958091,0 88.92780000025256,24.70971000019177,0 88.92765999966535,24.71039000000357,0 88.92778999979402,24.71078000035572,0 88.92799000039621,24.71109999968183,0 88.92813000008425,24.71151000010991,0 88.92852999953095,24.7120500003672,0 88.92894000009507,24.71269000034376,0 88.92929000027718,24.71319999990579,0 88.92962000045439,24.71371999982982,0 88.93003999952791,24.71432000037643,0 88.93035000035806,24.71477999960156,0 88.93069000014441,24.71525000044238,0 88.93109000005616,24.71587999972838,0 88.93144000021805,24.71641000033843,0 88.93168000003371,24.71705999983758,0 88.93186999956026,24.71755999964058,0 88.93200000021169,24.71795999991864,0 88.93223000009311,24.71856999991426,0 88.93246000044829,24.71918000030116,0 88.9326699999398,24.7196800000027,0 88.93279999956624,24.72006999978307,0 88.93306000047374,24.72079000009916,0 88.93335000019296,24.72158000023081,0 88.93366000034918,24.72236999980757,0 88.93391999961079,24.7230800003133,0 88.93408999971335,24.72363000045384,0 88.93437999997516,24.72423000043127,0 88.93461000034166,24.72483999971062,0 88.93483999969479,24.72543999992795,0 88.93513000032559,24.72625999983364,0 88.93537000031553,24.7269299996903,0 88.93565000022471,24.72761000017428,0 88.93587000021837,24.72814000008059,0 88.93613000010079,24.72889000014729,0 88.9363400004635,24.72950999970507,0 88.93664999999366,24.7302700002442,0 88.93682187090516,24.73069329102157,0 88.93695000029177,24.73116999963149,0 
					</coordinates>
				</LineString>
			</MultiGeometry>
		</Placemark>
		<Placemark id="ID_00046">
			<name>Naogaon(HQ)</name>
			<snippet></snippet>
			<description><![CDATA[<html xmlns:fo="http://www.w3.org/1999/XSL/Format" xmlns:msxsl="urn:schemas-microsoft-com:xslt">

<head>

<META http-equiv="Content-Type" content="text/html">

<meta http-equiv="content-type" content="text/html; charset=UTF-8">

</head>

<body style="margin:0px 0px 0px 0px;overflow:auto;background:#FFFFFF;">

<table style="font-family:Arial,Verdana,Times;font-size:12px;text-align:left;width:100%;border-collapse:collapse;padding:3px 3px 3px 3px">

<tr style="text-align:center;font-weight:bold;background:#9CBCE2">

<td>Naogaon PBS-1</td>

</tr>

<tr>

<td>

<table style="font-family:Arial,Verdana,Times;font-size:12px;text-align:left;width:100%;border-spacing:0px; padding:3px 3px 3px 3px">

<tr>

<td>PBS_Name</td>

<td>Naogaon PBS-1</td>

</tr>

<tr bgcolor="#D4E4F3">

<td>Surv_Date</td>

<td>2020-12-15</td>

</tr>

<tr>

<td>Proc_Date</td>

<td>2020-12-20</td>

</tr>

<tr bgcolor="#D4E4F3">

<td>Contd_Grid</td>

<td>Naogaon</td>

</tr>

<tr>

<td>Contd_SS</td>

<td>Naogaon-3 (Dubolhati)</td>

</tr>

<tr bgcolor="#D4E4F3">

<td>Feeder_N</td>

<td>Naogaon(HQ)</td>

</tr>

<tr>

<td>Feeder_Typ</td>

<td>Tap</td>

</tr>

<tr bgcolor="#D4E4F3">

<td>Circuit</td>

<td>1</td>

</tr>

<tr>

<td>Con_KV</td>

<td>33</td>

</tr>

<tr bgcolor="#D4E4F3">

<td>Con_Size</td>

<td>477 MCM</td>

</tr>

<tr>

<td>Spn_Len_M</td>

<td>0</td>

</tr>

<tr bgcolor="#D4E4F3">

<td>Length_M</td>

<td>6408.78986</td>

</tr>

<tr>

<td>Mileage_KM</td>

<td>6.40879</td>

</tr>

<tr bgcolor="#D4E4F3">

<td>Legend</td>

<td></td>

</tr>

<tr>

<td>Assigned</td>

<td>Mahmuda</td>

</tr>

<tr bgcolor="#D4E4F3">

<td>FY</td>

<td>2020-21</td>

</tr>

<tr>

<td>Remarks</td>

<td>Tap to Naogaon-3 (Dubolhati)</td>

</tr>

<tr bgcolor="#D4E4F3">

<td>Project</td>

<td></td>

</tr>

<tr>

<td>PkDemandMW</td>

<td>5.5</td>

</tr>

</table>

</td>

</tr>

</table>

</body><script type="text/javascript">

				function changeImage(attElement, nameElement) {

				document.getElementById('imageAttachment').src = attElement;

				document.getElementById('imageName').innerHTML = nameElement;}

			</script></html>]]></description>
			<styleUrl>#LineStyle001</styleUrl>
			<MultiGeometry>
				<LineString>
					<tessellate>1</tessellate>
					<coordinates>
						88.92782766503055,24.80168430310813,0 88.9273900002534,24.80169000016207,0 88.92704000030004,24.8017099999245,0 88.92652999991249,24.80164000029747,0 88.92579999963914,24.80152999996653,0 88.925440000085,24.80147999968377,0 88.92485999954403,24.80143000038461,0 88.92440999986889,24.80135000006556,0 88.92371000021859,24.80126999978338,0 88.92309000030851,24.80110999964196,0 88.92250000036427,24.8009200002866,0 88.92193000015507,24.80075000041544,0 88.92143999961016,24.80078000031966,0 88.92076000027976,24.80076999956347,0 88.92018000003875,24.80076000035784,0 88.91955000032435,24.80077999967374,0 88.91898000031804,24.80078999997814,0 88.91832999991661,24.80070000044251,0 88.91773999952439,24.8006200001576,0 88.91722000008315,24.80056999966765,0 88.91662999980304,24.80049000034912,0 88.91606000019709,24.80042999958444,0 88.91534999991661,24.80035000013989,0 88.91485999974539,24.80028000010272,0 88.91416999968294,24.80019000039137,0 88.91361000023146,24.80013000031559,0 88.91310999991148,24.80008000033539,0 88.91258000019957,24.80000000013139,0 88.91198999982585,24.79973999984471,0 88.91172000031173,24.79962999962173,0 88.91123999999265,24.79943000011525,0 88.91073000010026,24.79921000043564,0 88.91019999999084,24.79898000024671,0 88.90972999954752,24.79877000027368,0 88.90932000023787,24.79858000018795,0 88.90872999952099,24.79835000015023,0 88.90829999956985,24.7981399996473,0 88.9076999995428,24.79787999983794,0 88.90717999999345,24.79766000026286,0 88.90664999968411,24.79743000035874,0 88.90608000015538,24.7971900003428,0 88.9055499998753,24.79697999984553,0 88.90502000026527,24.79673000026513,0 88.90449000014441,24.79650999992392,0 88.90392999972265,24.79625000039941,0 88.90358999964302,24.7957800004125,0 88.90336999965817,24.7954600002833,0 88.90299999955178,24.79495000043953,0 88.90268000011584,24.7945100003178,0 88.90241999976107,24.79416999990848,0 88.90227000006271,24.79388000004544,0 88.90199999964594,24.79334000014363,0 88.9017299998558,24.7928499999042,0 88.9013999995871,24.79221999997052,0 88.90107999998314,24.79163000013461,0 88.90050000010865,24.79154000024366,0 88.89993000045089,24.79145999970814,0 88.89936000042526,24.79137999967588,0 88.89877999969679,24.79125999982373,0 88.89824000022307,24.79120000019554,0 88.89758999994271,24.79111000022783,0 88.89707999999503,24.79096999966124,0 88.89651000017982,24.79081000035434,0 88.89599999981208,24.79054000011905,0 88.89599000009444,24.79019999970306,0 88.89592000035081,24.78968000032233,0 88.8955300002213,24.7893499998286,0 88.89511999969459,24.7889900000777,0 88.8948700001685,24.7887699998914,0 88.8945700002235,24.78853000032989,0 88.89414000028313,24.78816000027135,0 88.89369000043872,24.78775000002437,0 88.89344999968908,24.78754000022382,0 88.89318999999021,24.78731999976079,0 88.89286000012422,24.78704999988802,0 88.89248000028523,24.78677999956764,0 88.89202000040861,24.78647999983137,0 88.8915900002217,24.78618999991828,0 88.8912299998219,24.78595000024844,0 88.89069999987953,24.78561000042398,0 88.89045000038095,24.78539999976546,0 88.89019999981011,24.7851100002793,0 88.89002999985465,24.7852099998066,0 88.88976000026148,24.78528000018698,0 88.88933999966031,24.78534999980096,0 88.88923000010743,24.78488000005848,0 88.88911999991122,24.78437000006625,0 88.88901000018079,24.78388999954956,0 88.8889199997564,24.78345999985766,0 88.88879999961179,24.78293999966228,0 88.88865999956627,24.78245999991789,0 88.88860999966174,24.78213999966847,0 88.88802999969266,24.78212000003069,0 88.88754999997506,24.78208999954984,0 88.88703000037745,24.78210999962216,0 88.88645000037761,24.78209999974355,0 88.88600000022328,24.78213999967911,0 88.88548000044413,24.78237999986694,0 88.88493999961807,24.78258999956573,0 88.88449000034151,24.78286999979243,0 88.88394000007581,24.78314000036421,0 88.88358000030308,24.78350999992678,0 88.88309999993496,24.78370000004161,0 88.88288999990579,24.78321999986435,0 88.88268999967094,24.78276000000051,0 88.8825199995343,24.78236999974626,0 88.88240999950564,24.78203999969843,0 88.88220000026945,24.78160999983256,0 88.88201000037445,24.78108000031034,0 88.88182000047622,24.78060999989408,0 88.88161999961987,24.78016000040154,0 88.88122000017144,24.78012000032598,0 88.88084999985763,24.78004000022311,0 88.88064999962222,24.77998000037621,0 88.8800199996074,24.78004000021999,0 88.87965000020434,24.77998999955041,0 88.87912000047945,24.77976999994105,0 88.87870000003049,24.77978000027307,0 88.87855124644854,24.77977553041041,0 88.87841305043005,24.77978230884051,0 88.87826669757457,24.77978097384915,0 88.87805999976669,24.7797400001602,0 88.87841000045439,24.77958000011947,0 
					</coordinates>
				</LineString>
			</MultiGeometry>
		</Placemark>
		<Placemark id="ID_00047">
			<name>Naogaon(HQ)</name>
			<snippet></snippet>
			<description><![CDATA[<html xmlns:fo="http://www.w3.org/1999/XSL/Format" xmlns:msxsl="urn:schemas-microsoft-com:xslt">

<head>

<META http-equiv="Content-Type" content="text/html">

<meta http-equiv="content-type" content="text/html; charset=UTF-8">

</head>

<body style="margin:0px 0px 0px 0px;overflow:auto;background:#FFFFFF;">

<table style="font-family:Arial,Verdana,Times;font-size:12px;text-align:left;width:100%;border-collapse:collapse;padding:3px 3px 3px 3px">

<tr style="text-align:center;font-weight:bold;background:#9CBCE2">

<td>Naogaon PBS-1</td>

</tr>

<tr>

<td>

<table style="font-family:Arial,Verdana,Times;font-size:12px;text-align:left;width:100%;border-spacing:0px; padding:3px 3px 3px 3px">

<tr>

<td>PBS_Name</td>

<td>Naogaon PBS-1</td>

</tr>

<tr bgcolor="#D4E4F3">

<td>Surv_Date</td>

<td>2020-12-14</td>

</tr>

<tr>

<td>Proc_Date</td>

<td>2020-12-20</td>

</tr>

<tr bgcolor="#D4E4F3">

<td>Contd_Grid</td>

<td>Naogaon</td>

</tr>

<tr>

<td>Contd_SS</td>

<td>Naogaon-3 (Dubolhati) &amp; Naogaon-1 (HQ)</td>

</tr>

<tr bgcolor="#D4E4F3">

<td>Feeder_N</td>

<td>Naogaon(HQ)</td>

</tr>

<tr>

<td>Feeder_Typ</td>

<td>Main</td>

</tr>

<tr bgcolor="#D4E4F3">

<td>Circuit</td>

<td>1</td>

</tr>

<tr>

<td>Con_KV</td>

<td>33</td>

</tr>

<tr bgcolor="#D4E4F3">

<td>Con_Size</td>

<td>477 MCM</td>

</tr>

<tr>

<td>Spn_Len_M</td>

<td>0</td>

</tr>

<tr bgcolor="#D4E4F3">

<td>Length_M</td>

<td>2690.526279</td>

</tr>

<tr>

<td>Mileage_KM</td>

<td>2.690526</td>

</tr>

<tr bgcolor="#D4E4F3">

<td>Legend</td>

<td></td>

</tr>

<tr>

<td>Assigned</td>

<td>Mahmuda</td>

</tr>

<tr bgcolor="#D4E4F3">

<td>FY</td>

<td>2020-21</td>

</tr>

<tr>

<td>Remarks</td>

<td></td>

</tr>

<tr bgcolor="#D4E4F3">

<td>Project</td>

<td></td>

</tr>

<tr>

<td>PkDemandMW</td>

<td>14.35</td>

</tr>

</table>

</td>

</tr>

</table>

</body><script type="text/javascript">

				function changeImage(attElement, nameElement) {

				document.getElementById('imageAttachment').src = attElement;

				document.getElementById('imageName').innerHTML = nameElement;}

			</script></html>]]></description>
			<styleUrl>#LineStyle001</styleUrl>
			<MultiGeometry>
				<LineString>
					<tessellate>1</tessellate>
					<coordinates>
						88.94516000029354,24.78594999924202,0 88.94516999981956,24.78602999957086,0 88.94436999945583,24.78628000084695,0 88.94312000025525,24.78675999978412,0 88.94255999975083,24.7870000003605,0 88.94206000012767,24.78721000034497,0 88.94130999975555,24.78751000008345,0 88.94076000041669,24.78767999974797,0 88.93992000004297,24.78809000032028,0 88.9393200003496,24.78827999996544,0 88.93821000026851,24.78870000043605,0 88.93739999964443,24.78906000012993,0 88.93661000004531,24.78933999986065,0 88.93587999951238,24.78963999994586,0 88.93560000005732,24.79019999962841,0 88.93534999997266,24.79058000003719,0 88.93514999962872,24.79110999976464,0 88.93498000020523,24.79145000018072,0 88.93480000047374,24.79180000004539,0 88.93463999951149,24.79215000024013,0 88.93437000042975,24.7926599999019,0 88.93422999966702,24.79296999996642,0 88.93342999984534,24.79336000040818,0 88.93284999958651,24.79366999978401,0 88.93218000040089,24.79398999957113,0 88.93160000022206,24.79429000037238,0 88.93132000022132,24.79494999983085,0 88.93091637212308,24.79548881475189,0 88.93060865822291,24.79596238070695,0 88.93047265374595,24.79643546472819,0 88.9301709459839,24.79683613893814,0 88.92970000027479,24.7974300001385,0 88.92921261682891,24.79788730058508,0 88.92869620660801,24.79833586187438,0 88.92810000029831,24.79899000013313,0 88.92773999979302,24.79936999968146,0 88.92780000018185,24.80013999997076,0 88.92781999965844,24.80097000024392,0 88.92782766503055,24.80168430310813,0 
					</coordinates>
				</LineString>
			</MultiGeometry>
		</Placemark>
		<Placemark id="ID_00048">
			<name>Atrai</name>
			<snippet></snippet>
			<description><![CDATA[<html xmlns:fo="http://www.w3.org/1999/XSL/Format" xmlns:msxsl="urn:schemas-microsoft-com:xslt">

<head>

<META http-equiv="Content-Type" content="text/html">

<meta http-equiv="content-type" content="text/html; charset=UTF-8">

</head>

<body style="margin:0px 0px 0px 0px;overflow:auto;background:#FFFFFF;">

<table style="font-family:Arial,Verdana,Times;font-size:12px;text-align:left;width:100%;border-collapse:collapse;padding:3px 3px 3px 3px">

<tr style="text-align:center;font-weight:bold;background:#9CBCE2">

<td>Naogaon PBS-1</td>

</tr>

<tr>

<td>

<table style="font-family:Arial,Verdana,Times;font-size:12px;text-align:left;width:100%;border-spacing:0px; padding:3px 3px 3px 3px">

<tr>

<td>PBS_Name</td>

<td>Naogaon PBS-1</td>

</tr>

<tr bgcolor="#D4E4F3">

<td>Surv_Date</td>

<td>2020-11-23</td>

</tr>

<tr>

<td>Proc_Date</td>

<td>2020-12-21</td>

</tr>

<tr bgcolor="#D4E4F3">

<td>Contd_Grid</td>

<td>Naogaon</td>

</tr>

<tr>

<td>Contd_SS</td>

<td>Atrai-3</td>

</tr>

<tr bgcolor="#D4E4F3">

<td>Feeder_N</td>

<td>Atrai</td>

</tr>

<tr>

<td>Feeder_Typ</td>

<td>Tap</td>

</tr>

<tr bgcolor="#D4E4F3">

<td>Circuit</td>

<td>1</td>

</tr>

<tr>

<td>Con_KV</td>

<td>33</td>

</tr>

<tr bgcolor="#D4E4F3">

<td>Con_Size</td>

<td>477 MCM</td>

</tr>

<tr>

<td>Spn_Len_M</td>

<td>0</td>

</tr>

<tr bgcolor="#D4E4F3">

<td>Length_M</td>

<td>2211.352083</td>

</tr>

<tr>

<td>Mileage_KM</td>

<td>2.211352</td>

</tr>

<tr bgcolor="#D4E4F3">

<td>Legend</td>

<td>Atrai-3-Atrai</td>

</tr>

<tr>

<td>Assigned</td>

<td>Mahmuda</td>

</tr>

<tr bgcolor="#D4E4F3">

<td>FY</td>

<td>2020-21</td>

</tr>

<tr>

<td>Remarks</td>

<td>Tap to Atrai-3</td>

</tr>

<tr bgcolor="#D4E4F3">

<td>Project</td>

<td></td>

</tr>

<tr>

<td>PkDemandMW</td>

<td>21.75</td>

</tr>

</table>

</td>

</tr>

</table>

</body><script type="text/javascript">

				function changeImage(attElement, nameElement) {

				document.getElementById('imageAttachment').src = attElement;

				document.getElementById('imageName').innerHTML = nameElement;}

			</script></html>]]></description>
			<styleUrl>#LineStyle001</styleUrl>
			<MultiGeometry>
				<LineString>
					<tessellate>1</tessellate>
					<coordinates>
						88.90781000027248,24.6916299999873,0 88.90728999975846,24.6917200004128,0 88.90668999951406,24.69175000032557,0 88.90620999979058,24.69181000005747,0 88.9056099995457,24.69184999981658,0 88.9051200004544,24.69189999976158,0 88.90468999987456,24.69196000003624,0 88.90418000009673,24.69200999981217,0 88.90379999973622,24.69205000034629,0 88.90324000044507,24.69208999965013,0 88.90272999957307,24.69213000033915,0 88.90229000019326,24.69215999980399,0 88.90168999992628,24.69215000025747,0 88.90111999992158,24.69216000032815,0 88.90071000048941,24.6922000002677,0 88.9001899999048,24.69221000001673,0 88.89977999994568,24.69220999975983,0 88.89929999995103,24.69224999997149,0 88.89883999992752,24.69222999958746,0 88.89829999990414,24.69224000028024,0 88.89792000037565,24.69231999997293,0 88.89738999967906,24.6924199996485,0 88.89696999969037,24.69247999964526,0 88.89666000048629,24.69252000017597,0 88.89624999993624,24.69257000034671,0 88.89575000048659,24.69264999960718,0 88.89535000007018,24.69275000024069,0 88.89495000029062,24.69278000037835,0 88.8945399999081,24.69282999955064,0 88.89405999995972,24.6929199995554,0 88.89358999974814,24.69298999983398,0 88.89325000020327,24.69305999992482,0 88.89287999999407,24.6931000003932,0 88.89257999974167,24.69316000035379,0 88.8921400004031,24.69319999976437,0 88.89154999954576,24.6933299998263,0 88.89114999975726,24.6933899998141,0 88.89068999963199,24.69344000029069,0 88.8903600003667,24.6935099997694,0 88.89034999981814,24.69315000003393,0 88.89036999980712,24.69278999974679,0 88.89036999988072,24.69243000039925,0 88.89035999959879,24.6920699997094,0 88.89034000035129,24.69169999977721,0 88.89034000018687,24.69129000016357,0 88.89033999994749,24.69092000016594,0 88.89036790576957,24.69055340800714,0 88.89032000014862,24.6900799996884,0 88.8902199995471,24.68966000038789,0 
					</coordinates>
				</LineString>
			</MultiGeometry>
		</Placemark>
		<Placemark id="ID_00049">
			<name>Atrai</name>
			<snippet></snippet>
			<description><![CDATA[<html xmlns:fo="http://www.w3.org/1999/XSL/Format" xmlns:msxsl="urn:schemas-microsoft-com:xslt">

<head>

<META http-equiv="Content-Type" content="text/html">

<meta http-equiv="content-type" content="text/html; charset=UTF-8">

</head>

<body style="margin:0px 0px 0px 0px;overflow:auto;background:#FFFFFF;">

<table style="font-family:Arial,Verdana,Times;font-size:12px;text-align:left;width:100%;border-collapse:collapse;padding:3px 3px 3px 3px">

<tr style="text-align:center;font-weight:bold;background:#9CBCE2">

<td>Naogaon PBS-1</td>

</tr>

<tr>

<td>

<table style="font-family:Arial,Verdana,Times;font-size:12px;text-align:left;width:100%;border-spacing:0px; padding:3px 3px 3px 3px">

<tr>

<td>PBS_Name</td>

<td>Naogaon PBS-1</td>

</tr>

<tr bgcolor="#D4E4F3">

<td>Surv_Date</td>

<td>2020-11-21</td>

</tr>

<tr>

<td>Proc_Date</td>

<td>2020-12-21</td>

</tr>

<tr bgcolor="#D4E4F3">

<td>Contd_Grid</td>

<td>Naogaon</td>

</tr>

<tr>

<td>Contd_SS</td>

<td>Atrai-3</td>

</tr>

<tr bgcolor="#D4E4F3">

<td>Feeder_N</td>

<td>Atrai</td>

</tr>

<tr>

<td>Feeder_Typ</td>

<td>Tap</td>

</tr>

<tr bgcolor="#D4E4F3">

<td>Circuit</td>

<td>1</td>

</tr>

<tr>

<td>Con_KV</td>

<td>33</td>

</tr>

<tr bgcolor="#D4E4F3">

<td>Con_Size</td>

<td>477 MCM</td>

</tr>

<tr>

<td>Spn_Len_M</td>

<td>0</td>

</tr>

<tr bgcolor="#D4E4F3">

<td>Length_M</td>

<td>2482.960028</td>

</tr>

<tr>

<td>Mileage_KM</td>

<td>2.48296</td>

</tr>

<tr bgcolor="#D4E4F3">

<td>Legend</td>

<td>Atrai-3-Atrai</td>

</tr>

<tr>

<td>Assigned</td>

<td>Mahmuda</td>

</tr>

<tr bgcolor="#D4E4F3">

<td>FY</td>

<td>2020-21</td>

</tr>

<tr>

<td>Remarks</td>

<td>Tap to Atrai-3</td>

</tr>

<tr bgcolor="#D4E4F3">

<td>Project</td>

<td></td>

</tr>

<tr>

<td>PkDemandMW</td>

<td>21.75</td>

</tr>

</table>

</td>

</tr>

</table>

</body><script type="text/javascript">

				function changeImage(attElement, nameElement) {

				document.getElementById('imageAttachment').src = attElement;

				document.getElementById('imageName').innerHTML = nameElement;}

			</script></html>]]></description>
			<styleUrl>#LineStyle001</styleUrl>
			<MultiGeometry>
				<LineString>
					<tessellate>1</tessellate>
					<coordinates>
						88.92946999955977,24.68885999999201,0 88.92919999974951,24.68883999964237,0 88.92882000039778,24.68885000006555,0 88.9282800000355,24.68885000011099,0 88.92789000022549,24.68882999984315,0 88.92731000033962,24.6888100001243,0 88.92680999987937,24.68881000030471,0 88.9263199997166,24.68880000001504,0 88.92573999986035,24.6887799996173,0 88.92524999971459,24.68877000033294,0 88.92507358582984,24.68877928535356,0 88.92487000015696,24.68879000023244,0 88.92429000012932,24.68888000016346,0 88.92373999984285,24.68896000019907,0 88.9231999996961,24.68900999962176,0 88.92266999968533,24.68907999994304,0 88.92213999968955,24.68913999975629,0 88.92182999969437,24.68916999967511,0 88.92141999968565,24.68919000040733,0 88.92093000044498,24.68923999980657,0 88.92039999971666,24.68931000033979,0 88.91980999983456,24.68938999963176,0 88.91943999995829,24.68944000024602,0 88.91907999987092,24.68951000034509,0 88.91869000003368,24.68952999975044,0 88.91816999959617,24.68957000044598,0 88.91792000000541,24.68955999997524,0 88.91761000006669,24.68963000041791,0 88.91736999990412,24.68967000008299,0 88.91728999972062,24.68911000005861,0 88.91722000007135,24.68858000002285,0 88.91686000032375,24.68856000027348,0 88.91686000000846,24.68858000035034,0 88.91598000033341,24.68853000006362,0 88.91595999957596,24.68855999956633,0 88.91543999974617,24.68859999966252,0 88.91498999961034,24.68871000026523,0 88.91443999971024,24.68880000031531,0 88.91391000001853,24.68888999973258,0 88.91378000030861,24.689280000426,0 88.91369999995803,24.68960999967706,0 88.91351999992605,24.69003000005252,0 88.91338000041377,24.69036000038038,0 88.91328999959923,24.69065999996736,0 88.91320000004517,24.6909000001113,0 88.91283999983806,24.69096000042476,0 88.91227000003659,24.69104000007998,0 88.91179000023405,24.69110999988223,0 88.91119999953558,24.691170000135,0 88.91062000008121,24.69124999997856,0 88.91023000040805,24.6913099995858,0 88.90990000042936,24.69135000007996,0 88.90954999989121,24.69140000027076,0 88.90898999953626,24.69148000034088,0 88.90873000022245,24.69149999968186,0 88.90834999955499,24.69153999988101,0 88.90781000027248,24.6916299999873,0 
					</coordinates>
				</LineString>
			</MultiGeometry>
		</Placemark>
		<Placemark id="ID_00050">
			<name>Atrai</name>
			<snippet></snippet>
			<description><![CDATA[<html xmlns:fo="http://www.w3.org/1999/XSL/Format" xmlns:msxsl="urn:schemas-microsoft-com:xslt">

<head>

<META http-equiv="Content-Type" content="text/html">

<meta http-equiv="content-type" content="text/html; charset=UTF-8">

</head>

<body style="margin:0px 0px 0px 0px;overflow:auto;background:#FFFFFF;">

<table style="font-family:Arial,Verdana,Times;font-size:12px;text-align:left;width:100%;border-collapse:collapse;padding:3px 3px 3px 3px">

<tr style="text-align:center;font-weight:bold;background:#9CBCE2">

<td>Naogaon PBS-1</td>

</tr>

<tr>

<td>

<table style="font-family:Arial,Verdana,Times;font-size:12px;text-align:left;width:100%;border-spacing:0px; padding:3px 3px 3px 3px">

<tr>

<td>PBS_Name</td>

<td>Naogaon PBS-1</td>

</tr>

<tr bgcolor="#D4E4F3">

<td>Surv_Date</td>

<td>2020-12-03</td>

</tr>

<tr>

<td>Proc_Date</td>

<td>2020-12-21</td>

</tr>

<tr bgcolor="#D4E4F3">

<td>Contd_Grid</td>

<td>Naogaon</td>

</tr>

<tr>

<td>Contd_SS</td>

<td>Atrai-3</td>

</tr>

<tr bgcolor="#D4E4F3">

<td>Feeder_N</td>

<td>Atrai</td>

</tr>

<tr>

<td>Feeder_Typ</td>

<td>Tap</td>

</tr>

<tr bgcolor="#D4E4F3">

<td>Circuit</td>

<td>1</td>

</tr>

<tr>

<td>Con_KV</td>

<td>33</td>

</tr>

<tr bgcolor="#D4E4F3">

<td>Con_Size</td>

<td>477 MCM</td>

</tr>

<tr>

<td>Spn_Len_M</td>

<td>0</td>

</tr>

<tr bgcolor="#D4E4F3">

<td>Length_M</td>

<td>2065.702527</td>

</tr>

<tr>

<td>Mileage_KM</td>

<td>2.065703</td>

</tr>

<tr bgcolor="#D4E4F3">

<td>Legend</td>

<td>Atrai-3-Atrai</td>

</tr>

<tr>

<td>Assigned</td>

<td>Mahmuda</td>

</tr>

<tr bgcolor="#D4E4F3">

<td>FY</td>

<td>2020-21</td>

</tr>

<tr>

<td>Remarks</td>

<td>Tap to Atrai-3</td>

</tr>

<tr bgcolor="#D4E4F3">

<td>Project</td>

<td></td>

</tr>

<tr>

<td>PkDemandMW</td>

<td>21.75</td>

</tr>

</table>

</td>

</tr>

</table>

</body><script type="text/javascript">

				function changeImage(attElement, nameElement) {

				document.getElementById('imageAttachment').src = attElement;

				document.getElementById('imageName').innerHTML = nameElement;}

			</script></html>]]></description>
			<styleUrl>#LineStyle001</styleUrl>
			<MultiGeometry>
				<LineString>
					<tessellate>1</tessellate>
					<coordinates>
						88.8902199995471,24.68966000038789,0 88.89012999955658,24.68965999994604,0 88.88965000042559,24.68972999959198,0 88.88922000008688,24.68981999969365,0 88.88878999974945,24.68986999982932,0 88.88833999974328,24.68998000026516,0 88.88784999978316,24.6899900000403,0 88.88737000044451,24.68999000005323,0 88.88688000019532,24.69000000027719,0 88.88638000027046,24.69003000030326,0 88.88588999992969,24.69004999971177,0 88.88541999989174,24.69006999995801,0 88.884940000071,24.69008000003809,0 88.88450999970178,24.69009999973076,0 88.88413999959853,24.69001000021128,0 88.88367000042238,24.69004999979988,0 88.88329000041003,24.6900899998194,0 88.88274999961384,24.69013999984092,0 88.88231000008621,24.69017000013194,0 88.88187999963442,24.69023000020468,0 88.88140000019267,24.69026999987278,0 88.88089999969959,24.69032000013206,0 88.88039000027553,24.69038000005756,0 88.87996999970578,24.69039999964494,0 88.87945000000362,24.69045999979619,0 88.87897999979569,24.69050000018473,0 88.8785499997777,24.69052999976511,0 88.87816999963438,24.69058000021844,0 88.87774000001536,24.69077000040528,0 88.87735000019769,24.69093999974742,0 88.87700000020511,24.69110000008026,0 88.87671000034622,24.6907099997494,0 88.8766700003118,24.69064999956791,0 88.87652000016595,24.6903799999623,0 88.87632999975875,24.69007999999021,0 88.87616000008262,24.68981999963125,0 88.87614000007115,24.68983000020926,0 88.87527912334305,24.68860539240361,0 88.87523534174251,24.68850272432758,0 88.87505999990671,24.68814000022472,0 88.87494000023203,24.68791999995818,0 88.87483000004896,24.68778999966713,0 88.87442000020708,24.6878500000497,0 88.87404000006524,24.68792999982039,0 88.87365726754864,24.68800401449267,0 88.87319999976569,24.68802000003702,0 88.87314999989948,24.68795000014321,0 88.87292488689681,24.68708557198959,0 
					</coordinates>
				</LineString>
			</MultiGeometry>
		</Placemark>
		<Placemark id="ID_00051">
			<name>Naogaon PBS (Raninagar)</name>
			<snippet></snippet>
			<description><![CDATA[<html xmlns:fo="http://www.w3.org/1999/XSL/Format" xmlns:msxsl="urn:schemas-microsoft-com:xslt">

<head>

<META http-equiv="Content-Type" content="text/html">

<meta http-equiv="content-type" content="text/html; charset=UTF-8">

</head>

<body style="margin:0px 0px 0px 0px;overflow:auto;background:#FFFFFF;">

<table style="font-family:Arial,Verdana,Times;font-size:12px;text-align:left;width:100%;border-collapse:collapse;padding:3px 3px 3px 3px">

<tr style="text-align:center;font-weight:bold;background:#9CBCE2">

<td>Naogaon PBS-1</td>

</tr>

<tr>

<td>

<table style="font-family:Arial,Verdana,Times;font-size:12px;text-align:left;width:100%;border-spacing:0px; padding:3px 3px 3px 3px">

<tr>

<td>PBS_Name</td>

<td>Naogaon PBS-1</td>

</tr>

<tr bgcolor="#D4E4F3">

<td>Surv_Date</td>

<td>2019-11-19</td>

</tr>

<tr>

<td>Proc_Date</td>

<td>2020-12-13</td>

</tr>

<tr bgcolor="#D4E4F3">

<td>Contd_Grid</td>

<td>Naogaon</td>

</tr>

<tr>

<td>Contd_SS</td>

<td>Raninagar-1 &amp; Raninagar-2</td>

</tr>

<tr bgcolor="#D4E4F3">

<td>Feeder_N</td>

<td>Naogaon PBS (Raninagar)</td>

</tr>

<tr>

<td>Feeder_Typ</td>

<td>Tap</td>

</tr>

<tr bgcolor="#D4E4F3">

<td>Circuit</td>

<td>1</td>

</tr>

<tr>

<td>Con_KV</td>

<td>33</td>

</tr>

<tr bgcolor="#D4E4F3">

<td>Con_Size</td>

<td>477 MCM</td>

</tr>

<tr>

<td>Spn_Len_M</td>

<td>0</td>

</tr>

<tr bgcolor="#D4E4F3">

<td>Length_M</td>

<td>3178.017564</td>

</tr>

<tr>

<td>Mileage_KM</td>

<td>3.178018</td>

</tr>

<tr bgcolor="#D4E4F3">

<td>Legend</td>

<td></td>

</tr>

<tr>

<td>Assigned</td>

<td>Mahmuda</td>

</tr>

<tr bgcolor="#D4E4F3">

<td>FY</td>

<td>2020-21</td>

</tr>

<tr>

<td>Remarks</td>

<td>Tap to Raninagar-1 &amp; Raninagar-2</td>

</tr>

<tr bgcolor="#D4E4F3">

<td>Project</td>

<td></td>

</tr>

<tr>

<td>PkDemandMW</td>

<td>15.05</td>

</tr>

</table>

</td>

</tr>

</table>

</body><script type="text/javascript">

				function changeImage(attElement, nameElement) {

				document.getElementById('imageAttachment').src = attElement;

				document.getElementById('imageName').innerHTML = nameElement;}

			</script></html>]]></description>
			<styleUrl>#LineStyle001</styleUrl>
			<MultiGeometry>
				<LineString>
					<tessellate>1</tessellate>
					<coordinates>
						88.97876999990879,24.76925999961492,0 88.97868000032236,24.76959999987079,0 88.97881000006157,24.76998000006264,0 88.97898999992998,24.77042000000442,0 88.97911999937055,24.77103000052229,0 88.97929000000899,24.77147999954583,0 88.97944000022648,24.77200999939631,0 88.97944999998769,24.77233000004969,0 88.9795200002264,24.77274000036768,0 88.97972000035419,24.77330999998413,0 88.97981999930346,24.77394000007154,0 88.979919999256,24.77450000079747,0 88.98000000001021,24.77475000063964,0 88.98001000060607,24.77520999941509,0 88.98005999987937,24.77563000025683,0 88.98017999962573,24.77614999998249,0 88.98026999973268,24.77658999989373,0 88.98034000058841,24.77695000048485,0 88.98040999946153,24.77732000026784,0 88.98038000024331,24.77742999964508,0 88.98005999967437,24.77774999981322,0 88.97974999960623,24.77803000015251,0 88.97947999980653,24.77832000008502,0 88.97905999990195,24.7786900006893,0 88.97869000003099,24.77910999987339,0 88.97834000008882,24.7794499999796,0 88.9779299995071,24.7798600006292,0 88.97750999958805,24.78028999996186,0 88.97710999948995,24.7806899999242,0 88.97669999929276,24.78107999994799,0 88.97648999936771,24.78130999976655,0 88.97617000045011,24.78161000024472,0 88.97593000051675,24.78188999989486,0 88.97552999923865,24.78228999967939,0 88.97529000044044,24.78256000005405,0 88.97488000050771,24.78296000024061,0 88.97466999999388,24.78317999943154,0 88.974220000188,24.78360999989522,0 88.97391000012887,24.78381999994068,0 88.97340000003499,24.78414999984339,0 88.97293999930392,24.78442999991908,0 88.97251999978197,24.78472000061743,0 88.97215999963971,24.7849500003131,0 88.97168999992878,24.78525999995264,0 88.97130999978799,24.78552000082946,0 88.97094999977733,24.78575999977755,0 88.97064999997467,24.78594000036065,0 88.97034000056374,24.78615999999554,0 88.96987999997711,24.78640999980776,0 88.96942000033671,24.78675999995836,0 88.96911000031763,24.78696000050604,0 88.96874000026574,24.78719000043085,0 88.96825999973579,24.78748999955549,0 88.9678200004484,24.78780999968218,0 88.96747000061492,24.78802999980745,0 88.96700999948148,24.78832999945544,0 88.96661999935282,24.78858000044982,0 88.96618000051097,24.78887000007089,0 88.96581999984268,24.78906999944629,0 88.96546999952119,24.78931000008011,0 88.96498999986262,24.78961999950723,0 88.96462999993958,24.78984999944503,0 88.96422000002902,24.78992999946384,0 88.96380000021509,24.79004000018522,0 88.9633699997202,24.79016000027113,0 
					</coordinates>
				</LineString>
			</MultiGeometry>
		</Placemark>
		<Placemark id="ID_00052">
			<name>Naogaon PBS (Raninagar)</name>
			<snippet></snippet>
			<description><![CDATA[<html xmlns:fo="http://www.w3.org/1999/XSL/Format" xmlns:msxsl="urn:schemas-microsoft-com:xslt">

<head>

<META http-equiv="Content-Type" content="text/html">

<meta http-equiv="content-type" content="text/html; charset=UTF-8">

</head>

<body style="margin:0px 0px 0px 0px;overflow:auto;background:#FFFFFF;">

<table style="font-family:Arial,Verdana,Times;font-size:12px;text-align:left;width:100%;border-collapse:collapse;padding:3px 3px 3px 3px">

<tr style="text-align:center;font-weight:bold;background:#9CBCE2">

<td>Naogaon PBS-1</td>

</tr>

<tr>

<td>

<table style="font-family:Arial,Verdana,Times;font-size:12px;text-align:left;width:100%;border-spacing:0px; padding:3px 3px 3px 3px">

<tr>

<td>PBS_Name</td>

<td>Naogaon PBS-1</td>

</tr>

<tr bgcolor="#D4E4F3">

<td>Surv_Date</td>

<td>2019-11-23</td>

</tr>

<tr>

<td>Proc_Date</td>

<td>2020-12-13</td>

</tr>

<tr bgcolor="#D4E4F3">

<td>Contd_Grid</td>

<td>Naogaon</td>

</tr>

<tr>

<td>Contd_SS</td>

<td>Raninagar-1 &amp; Raninagar-2</td>

</tr>

<tr bgcolor="#D4E4F3">

<td>Feeder_N</td>

<td>Naogaon PBS (Raninagar)</td>

</tr>

<tr>

<td>Feeder_Typ</td>

<td>Tap</td>

</tr>

<tr bgcolor="#D4E4F3">

<td>Circuit</td>

<td>1</td>

</tr>

<tr>

<td>Con_KV</td>

<td>33</td>

</tr>

<tr bgcolor="#D4E4F3">

<td>Con_Size</td>

<td>477 MCM</td>

</tr>

<tr>

<td>Spn_Len_M</td>

<td>0</td>

</tr>

<tr bgcolor="#D4E4F3">

<td>Length_M</td>

<td>2323.81887</td>

</tr>

<tr>

<td>Mileage_KM</td>

<td>2.323819</td>

</tr>

<tr bgcolor="#D4E4F3">

<td>Legend</td>

<td></td>

</tr>

<tr>

<td>Assigned</td>

<td>Mahmuda</td>

</tr>

<tr bgcolor="#D4E4F3">

<td>FY</td>

<td>2020-21</td>

</tr>

<tr>

<td>Remarks</td>

<td>Tap to Raninagar-1 &amp; Raninagar-2</td>

</tr>

<tr bgcolor="#D4E4F3">

<td>Project</td>

<td></td>

</tr>

<tr>

<td>PkDemandMW</td>

<td>15.05</td>

</tr>

</table>

</td>

</tr>

</table>

</body><script type="text/javascript">

				function changeImage(attElement, nameElement) {

				document.getElementById('imageAttachment').src = attElement;

				document.getElementById('imageName').innerHTML = nameElement;}

			</script></html>]]></description>
			<styleUrl>#LineStyle001</styleUrl>
			<MultiGeometry>
				<LineString>
					<tessellate>1</tessellate>
					<coordinates>
						88.971210000477,24.74952999955528,0 88.97125999964652,24.74969999964713,0 88.97147000084067,24.75013000022517,0 88.97160999913068,24.75055000072053,0 88.97178000004557,24.75094000002071,0 88.97195999946899,24.75140999994222,0 88.97211000053358,24.75175000009687,0 88.97228000034825,24.75223000041206,0 88.97242999995572,24.75265999920352,0 88.97259000007034,24.75303999961397,0 88.9727500000435,24.75350999973522,0 88.97290999974238,24.75392000024965,0 88.97307000085476,24.7542700002522,0 88.97323999975988,24.75478999976065,0 88.97336000031018,24.7551399999567,0 88.97356999984871,24.75559999980385,0 88.97382999998852,24.75601999952574,0 88.97408999977301,24.75663000041486,0 88.9742700002469,24.75704999999115,0 88.97443000029402,24.75734999983176,0 88.97460000025444,24.75799000019455,0 88.97475999975813,24.75843000028415,0 88.97496000066788,24.75880999968354,0 88.97517000027329,24.75930999991286,0 88.97543000066334,24.75989999992588,0 88.97552000043362,24.76018000032527,0 88.97555999966985,24.76051000027607,0 88.97573999983358,24.76095999970522,0 88.97593999927567,24.76147999977114,0 88.97602000000897,24.76191999987293,0 88.97615999990971,24.76233999952176,0 88.97630999930601,24.76282000073048,0 88.97642959117498,24.76305692778326,0 88.97665271111447,24.763498958178,0 88.97683999970496,24.76387000020555,0 88.97703164323931,24.76435201451719,0 88.97717000011518,24.76470000027037,0 88.97730999937538,24.76504999993834,0 88.97743999968081,24.76540999982574,0 88.977650000097,24.76580999985277,0 88.9778699995632,24.76615000007499,0 88.97804000023189,24.76681000013268,0 88.97821000045212,24.76731000006546,0 88.97841999997775,24.76794000042135,0 88.97855999945071,24.76826999992886,0 88.97866999925824,24.76861000045755,0 88.97876999990879,24.76925999961492,0 
					</coordinates>
				</LineString>
			</MultiGeometry>
		</Placemark>
		<Placemark id="ID_00053">
			<name>Naogaon PBS (Raninagar)</name>
			<snippet></snippet>
			<description><![CDATA[<html xmlns:fo="http://www.w3.org/1999/XSL/Format" xmlns:msxsl="urn:schemas-microsoft-com:xslt">

<head>

<META http-equiv="Content-Type" content="text/html">

<meta http-equiv="content-type" content="text/html; charset=UTF-8">

</head>

<body style="margin:0px 0px 0px 0px;overflow:auto;background:#FFFFFF;">

<table style="font-family:Arial,Verdana,Times;font-size:12px;text-align:left;width:100%;border-collapse:collapse;padding:3px 3px 3px 3px">

<tr style="text-align:center;font-weight:bold;background:#9CBCE2">

<td>Naogaon PBS-1</td>

</tr>

<tr>

<td>

<table style="font-family:Arial,Verdana,Times;font-size:12px;text-align:left;width:100%;border-spacing:0px; padding:3px 3px 3px 3px">

<tr>

<td>PBS_Name</td>

<td>Naogaon PBS-1</td>

</tr>

<tr bgcolor="#D4E4F3">

<td>Surv_Date</td>

<td>2019-11-24</td>

</tr>

<tr>

<td>Proc_Date</td>

<td>2020-12-13</td>

</tr>

<tr bgcolor="#D4E4F3">

<td>Contd_Grid</td>

<td>Naogaon</td>

</tr>

<tr>

<td>Contd_SS</td>

<td>Raninagar-2</td>

</tr>

<tr bgcolor="#D4E4F3">

<td>Feeder_N</td>

<td>Naogaon PBS (Raninagar)</td>

</tr>

<tr>

<td>Feeder_Typ</td>

<td>Tap</td>

</tr>

<tr bgcolor="#D4E4F3">

<td>Circuit</td>

<td>1</td>

</tr>

<tr>

<td>Con_KV</td>

<td>33</td>

</tr>

<tr bgcolor="#D4E4F3">

<td>Con_Size</td>

<td>477 MCM</td>

</tr>

<tr>

<td>Spn_Len_M</td>

<td>0</td>

</tr>

<tr bgcolor="#D4E4F3">

<td>Length_M</td>

<td>3455.318623</td>

</tr>

<tr>

<td>Mileage_KM</td>

<td>3.455319</td>

</tr>

<tr bgcolor="#D4E4F3">

<td>Legend</td>

<td></td>

</tr>

<tr>

<td>Assigned</td>

<td>Mahmuda</td>

</tr>

<tr bgcolor="#D4E4F3">

<td>FY</td>

<td>2020-21</td>

</tr>

<tr>

<td>Remarks</td>

<td>Tap to Raninagar-2</td>

</tr>

<tr bgcolor="#D4E4F3">

<td>Project</td>

<td></td>

</tr>

<tr>

<td>PkDemandMW</td>

<td>6.50</td>

</tr>

</table>

</td>

</tr>

</table>

</body><script type="text/javascript">

				function changeImage(attElement, nameElement) {

				document.getElementById('imageAttachment').src = attElement;

				document.getElementById('imageName').innerHTML = nameElement;}

			</script></html>]]></description>
			<styleUrl>#LineStyle001</styleUrl>
			<MultiGeometry>
				<LineString>
					<tessellate>1</tessellate>
					<coordinates>
						89.00778999981426,24.72873999989199,0 89.00734999988944,24.72882999932147,0 89.00682999996171,24.72898000019408,0 89.00634999950344,24.7291300001846,0 89.0060199997434,24.72916000073119,0 89.00560999982046,24.72932999977965,0 89.00515000012638,24.72943000060891,0 89.00480000076087,24.7295399995951,0 89.00424000019888,24.72975000011476,0 89.00371999967227,24.72987000018276,0 89.00327999909733,24.72995999972391,0 89.00279000046879,24.73003000050699,0 89.00239999988335,24.73019000002719,0 89.00200000031113,24.73025000016703,0 89.00146999992168,24.73037999990133,0 89.00103000005281,24.73051999984943,0 89.00056999944132,24.73062000054196,0 89.00025999997881,24.73070000032086,0 88.99982000022386,24.73085000055323,0 88.99936999973754,24.73101999956225,0 88.9987399997099,24.73106000015652,0 88.99836000045138,24.73118000014735,0 88.99802000008602,24.73127000010519,0 88.99768000024874,24.73132999984418,0 88.99717000040799,24.73152999984733,0 88.99662999930905,24.73165999973784,0 88.99618000036276,24.7317799996757,0 88.99577999962365,24.73189999971617,0 88.99524999965142,24.73208000038106,0 88.99479000052996,24.73218000003411,0 88.99430999983278,24.73230000019997,0 88.99391999925925,24.73241000036224,0 88.99368999953631,24.73246000017929,0 88.99313999911809,24.73263999966612,0 88.9927200000829,24.73274000016347,0 88.99224999999402,24.73290000055164,0 88.99191000076894,24.73304999963809,0 88.99145000023242,24.73317999970537,0 88.99090000020304,24.73329000016141,0 88.9905400005445,24.73346000042378,0 88.99013000004021,24.7336599998048,0 88.98963999991727,24.73391999938982,0 88.98914000051009,24.73409999985645,0 88.98867000068303,24.73430999925083,0 88.98828000038804,24.73448000061916,0 88.98785000048218,24.73469000045246,0 88.98738000004784,24.73489999961687,0 88.98694999967697,24.73508000013704,0 88.98642000037074,24.7353099995466,0 88.98598999988666,24.73545999965721,0 88.98556000023308,24.73557999988017,0 88.98508999995754,24.73573999947542,0 88.98459999921629,24.73589999979568,0 88.98407999969265,24.73612000042534,0 88.983560000162,24.73631999989147,0 88.98301999919383,24.73645000016714,0 88.98263999994892,24.73658999999,0 88.98217999994013,24.73679000004021,0 88.98180000004916,24.7368899998254,0 88.98132999968881,24.73705999998388,0 88.98100000041457,24.73711999956241,0 88.98052000063532,24.737199999607,0 88.98005999961677,24.7373200000648,0 88.98001999962027,24.73776000043099,0 88.97991000004083,24.73824999938595,0 88.97983999950848,24.73863000044418,0 88.97974999968635,24.73912999976874,0 88.97968999994779,24.7395400000955,0 88.97960999985503,24.74002999976161,0 88.97954999944173,24.74044000004174,0 88.97944999932245,24.7408800002126,0 88.97941999954857,24.74112000005733,0 88.97933000009211,24.74158000022486,0 
					</coordinates>
				</LineString>
			</MultiGeometry>
		</Placemark>
		<Placemark id="ID_00054">
			<name>Naogaon PBS (Raninagar)</name>
			<snippet></snippet>
			<description><![CDATA[<html xmlns:fo="http://www.w3.org/1999/XSL/Format" xmlns:msxsl="urn:schemas-microsoft-com:xslt">

<head>

<META http-equiv="Content-Type" content="text/html">

<meta http-equiv="content-type" content="text/html; charset=UTF-8">

</head>

<body style="margin:0px 0px 0px 0px;overflow:auto;background:#FFFFFF;">

<table style="font-family:Arial,Verdana,Times;font-size:12px;text-align:left;width:100%;border-collapse:collapse;padding:3px 3px 3px 3px">

<tr style="text-align:center;font-weight:bold;background:#9CBCE2">

<td>Naogaon PBS-1</td>

</tr>

<tr>

<td>

<table style="font-family:Arial,Verdana,Times;font-size:12px;text-align:left;width:100%;border-spacing:0px; padding:3px 3px 3px 3px">

<tr>

<td>PBS_Name</td>

<td>Naogaon PBS-1</td>

</tr>

<tr bgcolor="#D4E4F3">

<td>Surv_Date</td>

<td>2019-11-28</td>

</tr>

<tr>

<td>Proc_Date</td>

<td>2020-12-13</td>

</tr>

<tr bgcolor="#D4E4F3">

<td>Contd_Grid</td>

<td>Naogaon</td>

</tr>

<tr>

<td>Contd_SS</td>

<td>Raninagar-2</td>

</tr>

<tr bgcolor="#D4E4F3">

<td>Feeder_N</td>

<td>Naogaon PBS (Raninagar)</td>

</tr>

<tr>

<td>Feeder_Typ</td>

<td>Tap</td>

</tr>

<tr bgcolor="#D4E4F3">

<td>Circuit</td>

<td>1</td>

</tr>

<tr>

<td>Con_KV</td>

<td>33</td>

</tr>

<tr bgcolor="#D4E4F3">

<td>Con_Size</td>

<td>477 MCM</td>

</tr>

<tr>

<td>Spn_Len_M</td>

<td>0</td>

</tr>

<tr bgcolor="#D4E4F3">

<td>Length_M</td>

<td>2305.387595</td>

</tr>

<tr>

<td>Mileage_KM</td>

<td>2.305388</td>

</tr>

<tr bgcolor="#D4E4F3">

<td>Legend</td>

<td></td>

</tr>

<tr>

<td>Assigned</td>

<td>Mahmuda</td>

</tr>

<tr bgcolor="#D4E4F3">

<td>FY</td>

<td>2020-21</td>

</tr>

<tr>

<td>Remarks</td>

<td>Tap to Raninagar-2</td>

</tr>

<tr bgcolor="#D4E4F3">

<td>Project</td>

<td></td>

</tr>

<tr>

<td>PkDemandMW</td>

<td>6.50</td>

</tr>

</table>

</td>

</tr>

</table>

</body><script type="text/javascript">

				function changeImage(attElement, nameElement) {

				document.getElementById('imageAttachment').src = attElement;

				document.getElementById('imageName').innerHTML = nameElement;}

			</script></html>]]></description>
			<styleUrl>#LineStyle001</styleUrl>
			<MultiGeometry>
				<LineString>
					<tessellate>1</tessellate>
					<coordinates>
						89.06249999994401,24.71915000051848,0 89.06187999987104,24.71932000005442,0 89.06147999947484,24.71942999925254,0 89.06106000010193,24.71954999957601,0 89.06063999954206,24.71968000046322,0 89.06032000004824,24.71985999949363,0 89.05998000009484,24.72007999957586,0 89.05958000034748,24.72030999972332,0 89.05904000007176,24.72057000018387,0 89.05863999996556,24.72084000023895,0 89.05810000004756,24.72118000023154,0 89.05770999932615,24.72139000040198,0 89.05716999990246,24.72132000075489,0 89.05672999983869,24.72127000024755,0 89.05638000074708,24.72124000059832,0 89.05604529041453,24.72123145946253,0 89.05558999962207,24.72150000005158,0 89.05513000073393,24.72181999996253,0 89.05487930638172,24.72182581497198,0 89.05463000012806,24.72180999930249,0 89.05433000022845,24.72204999952575,0 89.05392000056611,24.72233999993259,0 89.05347999937203,24.72254999932446,0 89.05308999936766,24.72282000011674,0 89.05269000061935,24.72315000001135,0 89.05225999973229,24.72342999932997,0 89.05187000030102,24.72365000033122,0 89.05146000040678,24.72393999992544,0 89.0510999999097,24.72416999921996,0 89.05074999978424,24.72427000012745,0 89.05041000066785,24.72434999994126,0 89.04998000001657,24.72446000083989,0 89.0494500001526,24.7245799998845,0 89.04901000000859,24.7247000001895,0 89.04838999950562,24.72477000010384,0 89.04787999969231,24.72493999993987,0 89.04760000019313,24.72504999972191,0 89.04700999999881,24.72515000024047,0 89.04654000021044,24.72521000000828,0 89.04608000021655,24.72521000035904,0 89.04559000023532,24.72518000080224,0 89.04520999991138,24.72519999995142,0 89.04468000036681,24.72525000005861,0 89.04419000002979,24.72524000031081,0 89.04368000033388,24.72524999975453,0 89.04313000032636,24.72514999976231,0 89.04262999996692,24.72510999952161,0 89.04211999974983,24.72504000035373,0 89.04160999979678,24.7250200000792,0 
					</coordinates>
				</LineString>
			</MultiGeometry>
		</Placemark>
		<Placemark id="ID_00055">
			<name>Naogaon PBS (Raninagar)</name>
			<snippet></snippet>
			<description><![CDATA[<html xmlns:fo="http://www.w3.org/1999/XSL/Format" xmlns:msxsl="urn:schemas-microsoft-com:xslt">

<head>

<META http-equiv="Content-Type" content="text/html">

<meta http-equiv="content-type" content="text/html; charset=UTF-8">

</head>

<body style="margin:0px 0px 0px 0px;overflow:auto;background:#FFFFFF;">

<table style="font-family:Arial,Verdana,Times;font-size:12px;text-align:left;width:100%;border-collapse:collapse;padding:3px 3px 3px 3px">

<tr style="text-align:center;font-weight:bold;background:#9CBCE2">

<td>Naogaon PBS-1</td>

</tr>

<tr>

<td>

<table style="font-family:Arial,Verdana,Times;font-size:12px;text-align:left;width:100%;border-spacing:0px; padding:3px 3px 3px 3px">

<tr>

<td>PBS_Name</td>

<td>Naogaon PBS-1</td>

</tr>

<tr bgcolor="#D4E4F3">

<td>Surv_Date</td>

<td>2020-12-20</td>

</tr>

<tr>

<td>Proc_Date</td>

<td>2020-12-22</td>

</tr>

<tr bgcolor="#D4E4F3">

<td>Contd_Grid</td>

<td>Naogaon</td>

</tr>

<tr>

<td>Contd_SS</td>

<td>Raninagar-1</td>

</tr>

<tr bgcolor="#D4E4F3">

<td>Feeder_N</td>

<td>Naogaon PBS (Raninagar)</td>

</tr>

<tr>

<td>Feeder_Typ</td>

<td>Tap</td>

</tr>

<tr bgcolor="#D4E4F3">

<td>Circuit</td>

<td>1</td>

</tr>

<tr>

<td>Con_KV</td>

<td>33</td>

</tr>

<tr bgcolor="#D4E4F3">

<td>Con_Size</td>

<td>477 MCM</td>

</tr>

<tr>

<td>Spn_Len_M</td>

<td>0</td>

</tr>

<tr bgcolor="#D4E4F3">

<td>Length_M</td>

<td>3547.132905</td>

</tr>

<tr>

<td>Mileage_KM</td>

<td>3.547133</td>

</tr>

<tr bgcolor="#D4E4F3">

<td>Legend</td>

<td></td>

</tr>

<tr>

<td>Assigned</td>

<td>Mahmuda</td>

</tr>

<tr bgcolor="#D4E4F3">

<td>FY</td>

<td>2020-21</td>

</tr>

<tr>

<td>Remarks</td>

<td>Tap to Raninagar-1</td>

</tr>

<tr bgcolor="#D4E4F3">

<td>Project</td>

<td></td>

</tr>

<tr>

<td>PkDemandMW</td>

<td>8.55</td>

</tr>

</table>

</td>

</tr>

</table>

</body><script type="text/javascript">

				function changeImage(attElement, nameElement) {

				document.getElementById('imageAttachment').src = attElement;

				document.getElementById('imageName').innerHTML = nameElement;}

			</script></html>]]></description>
			<styleUrl>#LineStyle001</styleUrl>
			<MultiGeometry>
				<LineString>
					<tessellate>1</tessellate>
					<coordinates>
						88.95451620002791,24.73449059985789,0 88.95431999978715,24.73465999987843,0 88.95421000039831,24.73475999983721,0 88.95377000015725,24.73506999997072,0 88.95336000037472,24.73546999962461,0 88.95280000042003,24.73594000034289,0 88.95237999990742,24.73630000030293,0 88.95183000033633,24.73675000044622,0 88.95142999981647,24.73711999960002,0 88.95086999963689,24.7375400003508,0 88.95105000010018,24.73804999963267,0 88.95120999974479,24.73851000023846,0 88.9518100002993,24.73842999993061,0 88.95240999995383,24.73834999997348,0 88.95280999993727,24.73837999989825,0 88.95326000000358,24.73833000016951,0 88.95376999983907,24.73849999958068,0 88.95410999956306,24.73864000044948,0 88.95463000045078,24.73879999972324,0 88.95520000041077,24.73900000042743,0 88.95556999961245,24.73912999975052,0 88.95594999983665,24.73926999966746,0 88.95634999953363,24.7393999999197,0 88.95681000014534,24.73956000001237,0 88.9572000003752,24.73970999991803,0 88.95748999982277,24.74001000009228,0 88.95790999967146,24.74042000041237,0 88.95799999957833,24.74080000012197,0 88.95806999972311,24.74133999991757,0 88.95812999997965,24.74177000008114,0 88.95814999985333,24.74190000037193,0 88.95840999977962,24.74214999993975,0 88.95877999970968,24.74248000040851,0 88.95916999989761,24.74284000003478,0 88.95962999991856,24.74324000041115,0 88.95979000022146,24.74366999975315,0 88.95984051190209,24.74407409440704,0 88.95989999958414,24.7445499999468,0 88.95996999998475,24.74479999975351,0 88.96001999994243,24.74520000044407,0 88.96005999979185,24.74557000024269,0 88.96013999963421,24.74576000027254,0 88.96017999984292,24.74600999966297,0 88.96007000001421,24.74649000011736,0 88.95998999958707,24.74674000037484,0 88.96013999988224,24.74713999985687,0 88.96026999997763,24.74753999990861,0 88.96073999963349,24.74743000018476,0 88.9612699996258,24.74734000039374,0 88.96154000013959,24.74724000024337,0 88.96189000004112,24.74732000007266,0 88.96216000040653,24.74739999959844,0 88.96266999956836,24.74753000034702,0 88.96294999990323,24.74754999956746,0 88.96343000047369,24.74766999955647,0 88.96416999981274,24.74787999959511,0 88.96462999989312,24.74776999968983,0 88.96512999989133,24.74768999985402,0 88.965580000039,24.74760999985788,0 88.96625999999586,24.74755000037772,0 88.96684999991888,24.74745999970159,0 88.96745999963127,24.74738999995999,0 88.96810999951127,24.74731000020962,0 88.9686900001014,24.74724999982028,0 88.96933000044295,24.74719000028063,0 88.96982999966117,24.74710000013422,0 88.97026000022198,24.74704999982303,0 88.9704000003982,24.74738000004964,0 88.97051999970523,24.74771999976423,0 88.97069000013556,24.74809999968362,0 88.9708500000319,24.74847999999998,0 88.97104000008416,24.74885999989282,0 88.97107999973491,24.74905999955465,0 88.971210000477,24.74952999955528,0 
					</coordinates>
				</LineString>
			</MultiGeometry>
		</Placemark>
		<Placemark id="ID_00056">
			<name>Naogaon PBS (Raninagar)</name>
			<snippet></snippet>
			<description><![CDATA[<html xmlns:fo="http://www.w3.org/1999/XSL/Format" xmlns:msxsl="urn:schemas-microsoft-com:xslt">

<head>

<META http-equiv="Content-Type" content="text/html">

<meta http-equiv="content-type" content="text/html; charset=UTF-8">

</head>

<body style="margin:0px 0px 0px 0px;overflow:auto;background:#FFFFFF;">

<table style="font-family:Arial,Verdana,Times;font-size:12px;text-align:left;width:100%;border-collapse:collapse;padding:3px 3px 3px 3px">

<tr style="text-align:center;font-weight:bold;background:#9CBCE2">

<td>Naogaon PBS-1</td>

</tr>

<tr>

<td>

<table style="font-family:Arial,Verdana,Times;font-size:12px;text-align:left;width:100%;border-spacing:0px; padding:3px 3px 3px 3px">

<tr>

<td>PBS_Name</td>

<td>Naogaon PBS-1</td>

</tr>

<tr bgcolor="#D4E4F3">

<td>Surv_Date</td>

<td>2020-12-17</td>

</tr>

<tr>

<td>Proc_Date</td>

<td>2020-12-22</td>

</tr>

<tr bgcolor="#D4E4F3">

<td>Contd_Grid</td>

<td>Naogaon</td>

</tr>

<tr>

<td>Contd_SS</td>

<td>Raninagar-2</td>

</tr>

<tr bgcolor="#D4E4F3">

<td>Feeder_N</td>

<td>Naogaon PBS (Raninagar)</td>

</tr>

<tr>

<td>Feeder_Typ</td>

<td>Tap</td>

</tr>

<tr bgcolor="#D4E4F3">

<td>Circuit</td>

<td>1</td>

</tr>

<tr>

<td>Con_KV</td>

<td>33</td>

</tr>

<tr bgcolor="#D4E4F3">

<td>Con_Size</td>

<td>477 MCM</td>

</tr>

<tr>

<td>Spn_Len_M</td>

<td>0</td>

</tr>

<tr bgcolor="#D4E4F3">

<td>Length_M</td>

<td>1838.377629</td>

</tr>

<tr>

<td>Mileage_KM</td>

<td>1.838378</td>

</tr>

<tr bgcolor="#D4E4F3">

<td>Legend</td>

<td></td>

</tr>

<tr>

<td>Assigned</td>

<td>Mahmuda</td>

</tr>

<tr bgcolor="#D4E4F3">

<td>FY</td>

<td>2020-21</td>

</tr>

<tr>

<td>Remarks</td>

<td>Tap to Raninagar-2</td>

</tr>

<tr bgcolor="#D4E4F3">

<td>Project</td>

<td></td>

</tr>

<tr>

<td>PkDemandMW</td>

<td>6.50</td>

</tr>

</table>

</td>

</tr>

</table>

</body><script type="text/javascript">

				function changeImage(attElement, nameElement) {

				document.getElementById('imageAttachment').src = attElement;

				document.getElementById('imageName').innerHTML = nameElement;}

			</script></html>]]></description>
			<styleUrl>#LineStyle001</styleUrl>
			<MultiGeometry>
				<LineString>
					<tessellate>1</tessellate>
					<coordinates>
						89.07914000043618,24.71512000025126,0 89.07923999963975,24.71504999986883,0 89.07925000033792,24.71512999960067,0 89.07927999960694,24.71524000040578,0 89.07922000027553,24.71529999977378,0 89.07886999965497,24.71531999972519,0 89.07853000031805,24.71533000034935,0 89.07848999993585,24.71564000009132,0 89.07805000002105,24.71566999965366,0 89.07755000033769,24.71568999978505,0 89.07703000015881,24.71574000030549,0 89.07640000025448,24.71575000003983,0 89.07601999961089,24.71577999970157,0 89.07553999976794,24.71580999955497,0 89.0750799996225,24.71584999989555,0 89.07469999998946,24.71583999962389,0 89.07412000036425,24.71578999955327,0 89.07379999962066,24.71574000008568,0 89.07319999974939,24.7157400004431,0 89.07278999970268,24.71585999988509,0 89.07246000038184,24.71599000009526,0 89.0719000002906,24.71612999991043,0 89.07148000038508,24.71626000029263,0 89.07101000022611,24.71639000041812,0 89.07050000042952,24.71658999966511,0 89.07001999995674,24.71674000005989,0 89.06954999992971,24.71688999997193,0 89.06903999980483,24.71707000018166,0 89.06854999998866,24.71723000025973,0 89.06811000006397,24.71737000008424,0 89.06764000023075,24.71753000039951,0 89.06722000043094,24.71766000011064,0 89.06673999993686,24.71778999969603,0 89.06628000041673,24.71795999965687,0 89.06590999955931,24.71808000026769,0 89.06542000002905,24.71821999978957,0 89.06486000039679,24.71837000019115,0 89.06439999980445,24.71854999990243,0 89.06401000045291,24.71864999986814,0 89.06355999973641,24.71878999990104,0 89.06299999973075,24.71894999977648,0 89.06249999994401,24.71915000051848,0 
					</coordinates>
				</LineString>
			</MultiGeometry>
		</Placemark>
		<Placemark id="ID_00057">
			<name>Atrai</name>
			<snippet></snippet>
			<description><![CDATA[<html xmlns:fo="http://www.w3.org/1999/XSL/Format" xmlns:msxsl="urn:schemas-microsoft-com:xslt">

<head>

<META http-equiv="Content-Type" content="text/html">

<meta http-equiv="content-type" content="text/html; charset=UTF-8">

</head>

<body style="margin:0px 0px 0px 0px;overflow:auto;background:#FFFFFF;">

<table style="font-family:Arial,Verdana,Times;font-size:12px;text-align:left;width:100%;border-collapse:collapse;padding:3px 3px 3px 3px">

<tr style="text-align:center;font-weight:bold;background:#9CBCE2">

<td>Naogaon PBS-1</td>

</tr>

<tr>

<td>

<table style="font-family:Arial,Verdana,Times;font-size:12px;text-align:left;width:100%;border-spacing:0px; padding:3px 3px 3px 3px">

<tr>

<td>PBS_Name</td>

<td>Naogaon PBS-1</td>

</tr>

<tr bgcolor="#D4E4F3">

<td>Surv_Date</td>

<td>2020-11-20</td>

</tr>

<tr>

<td>Proc_Date</td>

<td>2020-12-21</td>

</tr>

<tr bgcolor="#D4E4F3">

<td>Contd_Grid</td>

<td>Naogaon</td>

</tr>

<tr>

<td>Contd_SS</td>

<td>Atrai-1&amp; Atrai-2</td>

</tr>

<tr bgcolor="#D4E4F3">

<td>Feeder_N</td>

<td>Atrai</td>

</tr>

<tr>

<td>Feeder_Typ</td>

<td>Main</td>

</tr>

<tr bgcolor="#D4E4F3">

<td>Circuit</td>

<td>1</td>

</tr>

<tr>

<td>Con_KV</td>

<td>33</td>

</tr>

<tr bgcolor="#D4E4F3">

<td>Con_Size</td>

<td>477 MCM</td>

</tr>

<tr>

<td>Spn_Len_M</td>

<td>0</td>

</tr>

<tr bgcolor="#D4E4F3">

<td>Length_M</td>

<td>2941.650573</td>

</tr>

<tr>

<td>Mileage_KM</td>

<td>2.941651</td>

</tr>

<tr bgcolor="#D4E4F3">

<td>Legend</td>

<td>Atrai-1&amp; Atrai-2-Atrai</td>

</tr>

<tr>

<td>Assigned</td>

<td>Mahmuda</td>

</tr>

<tr bgcolor="#D4E4F3">

<td>FY</td>

<td>2020-21</td>

</tr>

<tr>

<td>Remarks</td>

<td></td>

</tr>

<tr bgcolor="#D4E4F3">

<td>Project</td>

<td></td>

</tr>

<tr>

<td>PkDemandMW</td>

<td>21.75</td>

</tr>

</table>

</td>

</tr>

</table>

</body><script type="text/javascript">

				function changeImage(attElement, nameElement) {

				document.getElementById('imageAttachment').src = attElement;

				document.getElementById('imageName').innerHTML = nameElement;}

			</script></html>]]></description>
			<styleUrl>#LineStyle001</styleUrl>
			<MultiGeometry>
				<LineString>
					<tessellate>1</tessellate>
					<coordinates>
						88.94103999962957,24.66564000044879,0 88.94095000040824,24.66625999984971,0 88.94088999981896,24.66683000031083,0 88.9408400001975,24.66731000041539,0 88.94072000034156,24.66787999978589,0 88.94043000042055,24.66834000006846,0 88.9401700000215,24.66875999970825,0 88.9397500000551,24.66931999975628,0 88.93943000028027,24.6698000003228,0 88.93912000016398,24.67030999973607,0 88.9387199995617,24.67086999992295,0 88.93834999955436,24.67145999959148,0 88.93789999951487,24.67210000029043,0 88.93748999956713,24.67268999975527,0 88.93713999997701,24.67325000020638,0 88.93687999982993,24.67371999977456,0 88.9366100004263,24.67422999964337,0 88.93631999992239,24.6748199995682,0 88.93593999977733,24.6755399995832,0 88.93560999999877,24.67617999985165,0 88.9353099999251,24.67651000028962,0 88.93500999972946,24.67711000011149,0 88.93467000011371,24.67773999978081,0 88.93430999972905,24.67867000043787,0 88.93401999951401,24.67934000008537,0 88.93369000040192,24.68014999964076,0 88.93340000015232,24.68084000006804,0 88.93311000033576,24.68147999966426,0 88.93294999979889,24.68195000033687,0 88.93250000021163,24.68237999972478,0 88.93204000011089,24.68283000018275,0 88.93161999985698,24.68324999973099,0 88.93119000020525,24.68366999957088,0 88.93072999983649,24.68408999959425,0 88.93016999974201,24.68471000028802,0 88.92973999992942,24.68514999996763,0 88.92927000014147,24.68558999989026,0 88.92885999971641,24.68603000023777,0 88.92883999988821,24.68667999995236,0 88.92880999984946,24.68715000008295,0 88.92904000045229,24.68771999987097,0 88.92926000045703,24.68835000035887,0 88.92946999955977,24.68885999999201,0 
					</coordinates>
				</LineString>
			</MultiGeometry>
		</Placemark>
		<Placemark id="ID_00058">
			<name>Atrai</name>
			<snippet></snippet>
			<description><![CDATA[<html xmlns:fo="http://www.w3.org/1999/XSL/Format" xmlns:msxsl="urn:schemas-microsoft-com:xslt">

<head>

<META http-equiv="Content-Type" content="text/html">

<meta http-equiv="content-type" content="text/html; charset=UTF-8">

</head>

<body style="margin:0px 0px 0px 0px;overflow:auto;background:#FFFFFF;">

<table style="font-family:Arial,Verdana,Times;font-size:12px;text-align:left;width:100%;border-collapse:collapse;padding:3px 3px 3px 3px">

<tr style="text-align:center;font-weight:bold;background:#9CBCE2">

<td>Naogaon PBS-1</td>

</tr>

<tr>

<td>

<table style="font-family:Arial,Verdana,Times;font-size:12px;text-align:left;width:100%;border-spacing:0px; padding:3px 3px 3px 3px">

<tr>

<td>PBS_Name</td>

<td>Naogaon PBS-1</td>

</tr>

<tr bgcolor="#D4E4F3">

<td>Surv_Date</td>

<td>2020-11-20</td>

</tr>

<tr>

<td>Proc_Date</td>

<td>2020-12-21</td>

</tr>

<tr bgcolor="#D4E4F3">

<td>Contd_Grid</td>

<td>Naogaon</td>

</tr>

<tr>

<td>Contd_SS</td>

<td>Atrai-1&amp; Atrai-2</td>

</tr>

<tr bgcolor="#D4E4F3">

<td>Feeder_N</td>

<td>Atrai</td>

</tr>

<tr>

<td>Feeder_Typ</td>

<td>Main</td>

</tr>

<tr bgcolor="#D4E4F3">

<td>Circuit</td>

<td>1</td>

</tr>

<tr>

<td>Con_KV</td>

<td>33</td>

</tr>

<tr bgcolor="#D4E4F3">

<td>Con_Size</td>

<td>477 MCM</td>

</tr>

<tr>

<td>Spn_Len_M</td>

<td>0</td>

</tr>

<tr bgcolor="#D4E4F3">

<td>Length_M</td>

<td>742.524194</td>

</tr>

<tr>

<td>Mileage_KM</td>

<td>0.742524</td>

</tr>

<tr bgcolor="#D4E4F3">

<td>Legend</td>

<td>Atrai-1&amp; Atrai-2-Atrai</td>

</tr>

<tr>

<td>Assigned</td>

<td>Mahmuda</td>

</tr>

<tr bgcolor="#D4E4F3">

<td>FY</td>

<td>2020-21</td>

</tr>

<tr>

<td>Remarks</td>

<td></td>

</tr>

<tr bgcolor="#D4E4F3">

<td>Project</td>

<td></td>

</tr>

<tr>

<td>PkDemandMW</td>

<td>21.75</td>

</tr>

</table>

</td>

</tr>

</table>

</body><script type="text/javascript">

				function changeImage(attElement, nameElement) {

				document.getElementById('imageAttachment').src = attElement;

				document.getElementById('imageName').innerHTML = nameElement;}

			</script></html>]]></description>
			<styleUrl>#LineStyle001</styleUrl>
			<MultiGeometry>
				<LineString>
					<tessellate>1</tessellate>
					<coordinates>
						88.94298999966145,24.65146000013629,0 88.94299511152272,24.65163378461569,0 88.9429999995384,24.65180000011496,0 88.94296000041105,24.65210999987148,0 88.94301999958286,24.65255999984219,0 88.94306000022549,24.65288999955095,0 88.94303954552989,24.65321854484199,0 88.94301514507774,24.65361049134231,0 88.94298691617448,24.65406391093092,0 88.94296611653076,24.65439800480323,0 88.94294824078085,24.65468513458864,0 88.94293119728205,24.65495889923653,0 88.94291555955139,24.65521008357126,0 88.94289999996532,24.65546000024689,0 88.94274999996568,24.65585000035849,0 88.94259999982417,24.65624999987336,0 88.94251000021188,24.65653000014107,0 88.94233000021129,24.6569399995698,0 88.94222431270576,24.65715176772832,0 88.94216000023259,24.65726000020766,0 88.94163999997816,24.65786000032998,0 
					</coordinates>
				</LineString>
			</MultiGeometry>
		</Placemark>
		<Placemark id="ID_00059">
			<name>Atrai</name>
			<snippet></snippet>
			<description><![CDATA[<html xmlns:fo="http://www.w3.org/1999/XSL/Format" xmlns:msxsl="urn:schemas-microsoft-com:xslt">

<head>

<META http-equiv="Content-Type" content="text/html">

<meta http-equiv="content-type" content="text/html; charset=UTF-8">

</head>

<body style="margin:0px 0px 0px 0px;overflow:auto;background:#FFFFFF;">

<table style="font-family:Arial,Verdana,Times;font-size:12px;text-align:left;width:100%;border-collapse:collapse;padding:3px 3px 3px 3px">

<tr style="text-align:center;font-weight:bold;background:#9CBCE2">

<td>Naogaon PBS-1</td>

</tr>

<tr>

<td>

<table style="font-family:Arial,Verdana,Times;font-size:12px;text-align:left;width:100%;border-spacing:0px; padding:3px 3px 3px 3px">

<tr>

<td>PBS_Name</td>

<td>Naogaon PBS-1</td>

</tr>

<tr bgcolor="#D4E4F3">

<td>Surv_Date</td>

<td>2020-11-20</td>

</tr>

<tr>

<td>Proc_Date</td>

<td>2020-12-21</td>

</tr>

<tr bgcolor="#D4E4F3">

<td>Contd_Grid</td>

<td>Naogaon</td>

</tr>

<tr>

<td>Contd_SS</td>

<td>Atrai-1&amp; Atrai-2</td>

</tr>

<tr bgcolor="#D4E4F3">

<td>Feeder_N</td>

<td>Atrai</td>

</tr>

<tr>

<td>Feeder_Typ</td>

<td>Main</td>

</tr>

<tr bgcolor="#D4E4F3">

<td>Circuit</td>

<td>1</td>

</tr>

<tr>

<td>Con_KV</td>

<td>33</td>

</tr>

<tr bgcolor="#D4E4F3">

<td>Con_Size</td>

<td>477 MCM</td>

</tr>

<tr>

<td>Spn_Len_M</td>

<td>0</td>

</tr>

<tr bgcolor="#D4E4F3">

<td>Length_M</td>

<td>416.797346</td>

</tr>

<tr>

<td>Mileage_KM</td>

<td>0.416797</td>

</tr>

<tr bgcolor="#D4E4F3">

<td>Legend</td>

<td>Atrai-1&amp; Atrai-2-Atrai</td>

</tr>

<tr>

<td>Assigned</td>

<td>Mahmuda</td>

</tr>

<tr bgcolor="#D4E4F3">

<td>FY</td>

<td>2020-21</td>

</tr>

<tr>

<td>Remarks</td>

<td></td>

</tr>

<tr bgcolor="#D4E4F3">

<td>Project</td>

<td></td>

</tr>

<tr>

<td>PkDemandMW</td>

<td>21.75</td>

</tr>

</table>

</td>

</tr>

</table>

</body><script type="text/javascript">

				function changeImage(attElement, nameElement) {

				document.getElementById('imageAttachment').src = attElement;

				document.getElementById('imageName').innerHTML = nameElement;}

			</script></html>]]></description>
			<styleUrl>#LineStyle001</styleUrl>
			<MultiGeometry>
				<LineString>
					<tessellate>1</tessellate>
					<coordinates>
						88.94298999966145,24.65146000013629,0 88.94338999977094,24.6511199997806,0 88.94350089747027,24.65098635690056,0 88.94361000015775,24.65082000036544,0 88.94366000034866,24.650689999816,0 88.94358000040721,24.65046999963786,0 88.94342000008864,24.65016999971471,0 88.94319973213589,24.6497927400687,0 88.94307999954613,24.64960000004002,0 88.94294000031988,24.64925999999066,0 88.9427199997731,24.64890000044423,0 88.9426699995678,24.64879000021007,0 88.94240627123364,24.64852557184386,0 88.94229999953467,24.64831000009412,0 88.94229999959208,24.64825000017835,0 
					</coordinates>
				</LineString>
			</MultiGeometry>
		</Placemark>
		<Placemark id="ID_00060">
			<name>Atrai</name>
			<snippet></snippet>
			<description><![CDATA[<html xmlns:fo="http://www.w3.org/1999/XSL/Format" xmlns:msxsl="urn:schemas-microsoft-com:xslt">

<head>

<META http-equiv="Content-Type" content="text/html">

<meta http-equiv="content-type" content="text/html; charset=UTF-8">

</head>

<body style="margin:0px 0px 0px 0px;overflow:auto;background:#FFFFFF;">

<table style="font-family:Arial,Verdana,Times;font-size:12px;text-align:left;width:100%;border-collapse:collapse;padding:3px 3px 3px 3px">

<tr style="text-align:center;font-weight:bold;background:#9CBCE2">

<td>Naogaon PBS-1</td>

</tr>

<tr>

<td>

<table style="font-family:Arial,Verdana,Times;font-size:12px;text-align:left;width:100%;border-spacing:0px; padding:3px 3px 3px 3px">

<tr>

<td>PBS_Name</td>

<td>Naogaon PBS-1</td>

</tr>

<tr bgcolor="#D4E4F3">

<td>Surv_Date</td>

<td>2020-11-21</td>

</tr>

<tr>

<td>Proc_Date</td>

<td>2020-12-21</td>

</tr>

<tr bgcolor="#D4E4F3">

<td>Contd_Grid</td>

<td>Naogaon</td>

</tr>

<tr>

<td>Contd_SS</td>

<td>Atrai-1&amp; Atrai-2</td>

</tr>

<tr bgcolor="#D4E4F3">

<td>Feeder_N</td>

<td>Atrai</td>

</tr>

<tr>

<td>Feeder_Typ</td>

<td>Main</td>

</tr>

<tr bgcolor="#D4E4F3">

<td>Circuit</td>

<td>1</td>

</tr>

<tr>

<td>Con_KV</td>

<td>33</td>

</tr>

<tr bgcolor="#D4E4F3">

<td>Con_Size</td>

<td>477 MCM</td>

</tr>

<tr>

<td>Spn_Len_M</td>

<td>0</td>

</tr>

<tr bgcolor="#D4E4F3">

<td>Length_M</td>

<td>881.672768</td>

</tr>

<tr>

<td>Mileage_KM</td>

<td>0.881673</td>

</tr>

<tr bgcolor="#D4E4F3">

<td>Legend</td>

<td>Atrai-1&amp; Atrai-2-Atrai</td>

</tr>

<tr>

<td>Assigned</td>

<td>Mahmuda</td>

</tr>

<tr bgcolor="#D4E4F3">

<td>FY</td>

<td>2020-21</td>

</tr>

<tr>

<td>Remarks</td>

<td></td>

</tr>

<tr bgcolor="#D4E4F3">

<td>Project</td>

<td></td>

</tr>

<tr>

<td>PkDemandMW</td>

<td>21.75</td>

</tr>

</table>

</td>

</tr>

</table>

</body><script type="text/javascript">

				function changeImage(attElement, nameElement) {

				document.getElementById('imageAttachment').src = attElement;

				document.getElementById('imageName').innerHTML = nameElement;}

			</script></html>]]></description>
			<styleUrl>#LineStyle001</styleUrl>
			<MultiGeometry>
				<LineString>
					<tessellate>1</tessellate>
					<coordinates>
						88.94163999997816,24.65786000032998,0 88.94116999953047,24.65840000018036,0 88.94118999966163,24.65845000027389,0 88.94112999952078,24.65864000014664,0 88.94111999963253,24.65912999963616,0 88.94102999987994,24.65996999972051,0 88.94101000009525,24.66040999983877,0 88.94095000035718,24.66120000002812,0 88.94091999971425,24.66196000033705,0 88.9409399997021,24.66249000010889,0 88.94096999956439,24.66314000029688,0 88.9410300004747,24.66377000005484,0 88.94107000021098,24.6644599998379,0 88.94111999973144,24.66515000029291,0 88.94103999962957,24.66564000044879,0 
					</coordinates>
				</LineString>
			</MultiGeometry>
		</Placemark>
		<Placemark id="ID_00061">
			<name>Atrai</name>
			<snippet></snippet>
			<description><![CDATA[<html xmlns:fo="http://www.w3.org/1999/XSL/Format" xmlns:msxsl="urn:schemas-microsoft-com:xslt">

<head>

<META http-equiv="Content-Type" content="text/html">

<meta http-equiv="content-type" content="text/html; charset=UTF-8">

</head>

<body style="margin:0px 0px 0px 0px;overflow:auto;background:#FFFFFF;">

<table style="font-family:Arial,Verdana,Times;font-size:12px;text-align:left;width:100%;border-collapse:collapse;padding:3px 3px 3px 3px">

<tr style="text-align:center;font-weight:bold;background:#9CBCE2">

<td>Naogaon PBS-1</td>

</tr>

<tr>

<td>

<table style="font-family:Arial,Verdana,Times;font-size:12px;text-align:left;width:100%;border-spacing:0px; padding:3px 3px 3px 3px">

<tr>

<td>PBS_Name</td>

<td>Naogaon PBS-1</td>

</tr>

<tr bgcolor="#D4E4F3">

<td>Surv_Date</td>

<td>2020-12-23</td>

</tr>

<tr>

<td>Proc_Date</td>

<td>2020-12-21</td>

</tr>

<tr bgcolor="#D4E4F3">

<td>Contd_Grid</td>

<td>Naogaon</td>

</tr>

<tr>

<td>Contd_SS</td>

<td>Atrai-1&amp; Atrai-2</td>

</tr>

<tr bgcolor="#D4E4F3">

<td>Feeder_N</td>

<td>Atrai</td>

</tr>

<tr>

<td>Feeder_Typ</td>

<td>Main</td>

</tr>

<tr bgcolor="#D4E4F3">

<td>Circuit</td>

<td>1</td>

</tr>

<tr>

<td>Con_KV</td>

<td>33</td>

</tr>

<tr bgcolor="#D4E4F3">

<td>Con_Size</td>

<td>477 MCM</td>

</tr>

<tr>

<td>Spn_Len_M</td>

<td>0</td>

</tr>

<tr bgcolor="#D4E4F3">

<td>Length_M</td>

<td>3385.583748</td>

</tr>

<tr>

<td>Mileage_KM</td>

<td>3.385584</td>

</tr>

<tr bgcolor="#D4E4F3">

<td>Legend</td>

<td>Atrai-1&amp; Atrai-2-Atrai</td>

</tr>

<tr>

<td>Assigned</td>

<td>Mahmuda</td>

</tr>

<tr bgcolor="#D4E4F3">

<td>FY</td>

<td>2020-21</td>

</tr>

<tr>

<td>Remarks</td>

<td></td>

</tr>

<tr bgcolor="#D4E4F3">

<td>Project</td>

<td></td>

</tr>

<tr>

<td>PkDemandMW</td>

<td>21.75</td>

</tr>

</table>

</td>

</tr>

</table>

</body><script type="text/javascript">

				function changeImage(attElement, nameElement) {

				document.getElementById('imageAttachment').src = attElement;

				document.getElementById('imageName').innerHTML = nameElement;}

			</script></html>]]></description>
			<styleUrl>#LineStyle001</styleUrl>
			<MultiGeometry>
				<LineString>
					<tessellate>1</tessellate>
					<coordinates>
						88.96806000007248,24.6295900001886,0 88.96741999980139,24.62983000005641,0 88.96654999951591,24.63013000003219,0 88.96583000013985,24.63036999976762,0 88.96506999992209,24.6306799997896,0 88.96437999970367,24.63091999976925,0 88.9638400001555,24.63114000019347,0 88.96326999967347,24.63162999983224,0 88.96291999966759,24.63206000007617,0 88.96247999962421,24.63250000034387,0 88.96202999951542,24.63309000021822,0 88.96141000024187,24.63369000018804,0 88.96110999951472,24.63401000007948,0 88.96086999979634,24.63428999978786,0 88.96048000039282,24.63474999968041,0 88.96006000048509,24.63517999960397,0 88.95955000027874,24.63569000027332,0 88.95912999998902,24.63613000005505,0 88.95861999979208,24.63656999968617,0 88.9581899999736,24.63697999983615,0 88.9577399995176,24.63734999961373,0 88.95736000026631,24.6376899999681,0 88.95683999985798,24.63812000023645,0 88.95641000009681,24.63851999987829,0 88.95582000017494,24.63907000003409,0 88.95532000016614,24.63947999987687,0 88.95484999993101,24.63990999971997,0 88.95434000009625,24.64034999964046,0 88.9537399996816,24.64085000032803,0 88.95321999999032,24.64129000037228,0 88.95275999991499,24.64167999990847,0 88.9522499998408,24.64213000007513,0 88.95167999968373,24.6426499997804,0 88.95104999974932,24.64317999956335,0 88.95051000001571,24.64368000035984,0 88.94991999998497,24.64384000036892,0 88.94941999979879,24.64399000031696,0 88.94882000012666,24.64419999973307,0 88.94811000039896,24.64439000008247,0 88.94739000004201,24.64481000014114,0 88.94683999959913,24.64512999962519,0 88.94616000024725,24.64554000003817,0 88.94554999999266,24.64590999963931,0 88.94487999971645,24.64637000002839,0 88.94442000034792,24.64674999987914,0 88.94391000006208,24.64704999991991,0 88.94334999955655,24.64753000006557,0 88.94287999973319,24.64787000038745,0 88.94229999959208,24.64825000017835,0 
					</coordinates>
				</LineString>
			</MultiGeometry>
		</Placemark>
		<Placemark id="ID_00062">
			<name>Atrai</name>
			<snippet></snippet>
			<description><![CDATA[<html xmlns:fo="http://www.w3.org/1999/XSL/Format" xmlns:msxsl="urn:schemas-microsoft-com:xslt">

<head>

<META http-equiv="Content-Type" content="text/html">

<meta http-equiv="content-type" content="text/html; charset=UTF-8">

</head>

<body style="margin:0px 0px 0px 0px;overflow:auto;background:#FFFFFF;">

<table style="font-family:Arial,Verdana,Times;font-size:12px;text-align:left;width:100%;border-collapse:collapse;padding:3px 3px 3px 3px">

<tr style="text-align:center;font-weight:bold;background:#9CBCE2">

<td>Naogaon PBS-1</td>

</tr>

<tr>

<td>

<table style="font-family:Arial,Verdana,Times;font-size:12px;text-align:left;width:100%;border-spacing:0px; padding:3px 3px 3px 3px">

<tr>

<td>PBS_Name</td>

<td>Naogaon PBS-1</td>

</tr>

<tr bgcolor="#D4E4F3">

<td>Surv_Date</td>

<td>2020-12-24</td>

</tr>

<tr>

<td>Proc_Date</td>

<td>2020-12-27</td>

</tr>

<tr bgcolor="#D4E4F3">

<td>Contd_Grid</td>

<td>Naogaon</td>

</tr>

<tr>

<td>Contd_SS</td>

<td>Atrai-1&amp; Atrai-2</td>

</tr>

<tr bgcolor="#D4E4F3">

<td>Feeder_N</td>

<td>Atrai</td>

</tr>

<tr>

<td>Feeder_Typ</td>

<td>Main</td>

</tr>

<tr bgcolor="#D4E4F3">

<td>Circuit</td>

<td>1</td>

</tr>

<tr>

<td>Con_KV</td>

<td>33</td>

</tr>

<tr bgcolor="#D4E4F3">

<td>Con_Size</td>

<td>477 MCM</td>

</tr>

<tr>

<td>Spn_Len_M</td>

<td>0</td>

</tr>

<tr bgcolor="#D4E4F3">

<td>Length_M</td>

<td>1559.058716</td>

</tr>

<tr>

<td>Mileage_KM</td>

<td>1.559059</td>

</tr>

<tr bgcolor="#D4E4F3">

<td>Legend</td>

<td>Atrai-1&amp; Atrai-2-Atrai</td>

</tr>

<tr>

<td>Assigned</td>

<td>Mahmuda</td>

</tr>

<tr bgcolor="#D4E4F3">

<td>FY</td>

<td>2020-21</td>

</tr>

<tr>

<td>Remarks</td>

<td></td>

</tr>

<tr bgcolor="#D4E4F3">

<td>Project</td>

<td></td>

</tr>

<tr>

<td>PkDemandMW</td>

<td>21.75</td>

</tr>

</table>

</td>

</tr>

</table>

</body><script type="text/javascript">

				function changeImage(attElement, nameElement) {

				document.getElementById('imageAttachment').src = attElement;

				document.getElementById('imageName').innerHTML = nameElement;}

			</script></html>]]></description>
			<styleUrl>#LineStyle001</styleUrl>
			<MultiGeometry>
				<LineString>
					<tessellate>1</tessellate>
					<coordinates>
						88.97802000045164,24.6225600001039,0 88.97810000037838,24.62310000002506,0 88.9781599999086,24.62365999997922,0 88.97813999953163,24.62432000016524,0 88.97815000048389,24.62510999984358,0 88.97812000013577,24.62565999973516,0 88.97812000028877,24.62629000021484,0 88.9781199996039,24.62668000015483,0 88.97740999989317,24.62677000008159,0 88.97725999998644,24.62680000017784,0 88.97657000011432,24.62694999967375,0 88.97601999976285,24.62704999989793,0 88.97537000043759,24.62716999996367,0 88.97458000008518,24.62731000032141,0 88.97375000016332,24.62744000044592,0 88.97308000029147,24.62757000000606,0 88.9722599995314,24.6276900004215,0 88.971580000355,24.62783000035199,0 88.97084999972832,24.6279800003384,0 88.97009000009371,24.62814000028784,0 88.96979000003614,24.62858999980152,0 88.96938000039539,24.62908999970445,0 88.96862999978815,24.62936999958208,0 88.96806000007248,24.6295900001886,0 
					</coordinates>
				</LineString>
			</MultiGeometry>
		</Placemark>
		<Placemark id="ID_00063">
			<name>Atrai</name>
			<snippet></snippet>
			<description><![CDATA[<html xmlns:fo="http://www.w3.org/1999/XSL/Format" xmlns:msxsl="urn:schemas-microsoft-com:xslt">

<head>

<META http-equiv="Content-Type" content="text/html">

<meta http-equiv="content-type" content="text/html; charset=UTF-8">

</head>

<body style="margin:0px 0px 0px 0px;overflow:auto;background:#FFFFFF;">

<table style="font-family:Arial,Verdana,Times;font-size:12px;text-align:left;width:100%;border-collapse:collapse;padding:3px 3px 3px 3px">

<tr style="text-align:center;font-weight:bold;background:#9CBCE2">

<td>Naogaon PBS-1</td>

</tr>

<tr>

<td>

<table style="font-family:Arial,Verdana,Times;font-size:12px;text-align:left;width:100%;border-spacing:0px; padding:3px 3px 3px 3px">

<tr>

<td>PBS_Name</td>

<td>Naogaon PBS-1</td>

</tr>

<tr bgcolor="#D4E4F3">

<td>Surv_Date</td>

<td>2020-12-24</td>

</tr>

<tr>

<td>Proc_Date</td>

<td>2020-12-27</td>

</tr>

<tr bgcolor="#D4E4F3">

<td>Contd_Grid</td>

<td>Naogaon</td>

</tr>

<tr>

<td>Contd_SS</td>

<td>Atrai-2</td>

</tr>

<tr bgcolor="#D4E4F3">

<td>Feeder_N</td>

<td>Atrai</td>

</tr>

<tr>

<td>Feeder_Typ</td>

<td>Tap</td>

</tr>

<tr bgcolor="#D4E4F3">

<td>Circuit</td>

<td>1</td>

</tr>

<tr>

<td>Con_KV</td>

<td>33</td>

</tr>

<tr bgcolor="#D4E4F3">

<td>Con_Size</td>

<td>477 MCM</td>

</tr>

<tr>

<td>Spn_Len_M</td>

<td>0</td>

</tr>

<tr bgcolor="#D4E4F3">

<td>Length_M</td>

<td>1127.858167</td>

</tr>

<tr>

<td>Mileage_KM</td>

<td>1.127858</td>

</tr>

<tr bgcolor="#D4E4F3">

<td>Legend</td>

<td></td>

</tr>

<tr>

<td>Assigned</td>

<td>Mahmuda</td>

</tr>

<tr bgcolor="#D4E4F3">

<td>FY</td>

<td>2020-21</td>

</tr>

<tr>

<td>Remarks</td>

<td>Tap to Atrai-2</td>

</tr>

<tr bgcolor="#D4E4F3">

<td>Project</td>

<td></td>

</tr>

<tr>

<td>PkDemandMW</td>

<td>21.75</td>

</tr>

</table>

</td>

</tr>

</table>

</body><script type="text/javascript">

				function changeImage(attElement, nameElement) {

				document.getElementById('imageAttachment').src = attElement;

				document.getElementById('imageName').innerHTML = nameElement;}

			</script></html>]]></description>
			<styleUrl>#LineStyle001</styleUrl>
			<MultiGeometry>
				<LineString>
					<tessellate>1</tessellate>
					<coordinates>
						88.9775099998282,24.61409000024581,0 88.97765999980885,24.61407000004799,0 88.97766999986695,24.61420999969769,0 88.97775000026269,24.6148799996363,0 88.9780199999297,24.61543999973468,0 88.97808999959163,24.61593999960737,0 88.97819000020286,24.61644999966177,0 88.9782699997767,24.61668999998101,0 88.97838999956376,24.61711000006971,0 88.97856000027627,24.61764999982468,0 88.97872000013257,24.61817999962398,0 88.97895000044809,24.61880000007021,0 88.97907999979192,24.61932000007854,0 88.97927000021552,24.61984999959413,0 88.97940000028188,24.62038999978073,0 88.97940000014233,24.62083999992281,0 88.97927999992741,24.6213100002456,0 88.97936000006143,24.62186999998734,0 88.97933999996235,24.62217000027277,0 88.97934000010997,24.62257999994272,0 88.97901999959566,24.62259999983619,0 88.9785200001195,24.62270000019408,0 88.97834000022827,24.62275999958825,0 88.97820000043713,24.62267999975298,0 88.97802000045164,24.6225600001039,0 
					</coordinates>
				</LineString>
			</MultiGeometry>
		</Placemark>
		<Placemark id="ID_00064">
			<name>Naogaon PBS (Raninagar)</name>
			<snippet></snippet>
			<description><![CDATA[<html xmlns:fo="http://www.w3.org/1999/XSL/Format" xmlns:msxsl="urn:schemas-microsoft-com:xslt">

<head>

<META http-equiv="Content-Type" content="text/html">

<meta http-equiv="content-type" content="text/html; charset=UTF-8">

</head>

<body style="margin:0px 0px 0px 0px;overflow:auto;background:#FFFFFF;">

<table style="font-family:Arial,Verdana,Times;font-size:12px;text-align:left;width:100%;border-collapse:collapse;padding:3px 3px 3px 3px">

<tr style="text-align:center;font-weight:bold;background:#9CBCE2">

<td>Naogaon PBS-1</td>

</tr>

<tr>

<td>

<table style="font-family:Arial,Verdana,Times;font-size:12px;text-align:left;width:100%;border-spacing:0px; padding:3px 3px 3px 3px">

<tr>

<td>PBS_Name</td>

<td>Naogaon PBS-1</td>

</tr>

<tr bgcolor="#D4E4F3">

<td>Surv_Date</td>

<td>2019-11-23</td>

</tr>

<tr>

<td>Proc_Date</td>

<td>2020-12-13</td>

</tr>

<tr bgcolor="#D4E4F3">

<td>Contd_Grid</td>

<td>Naogaon</td>

</tr>

<tr>

<td>Contd_SS</td>

<td>Raninagar-2</td>

</tr>

<tr bgcolor="#D4E4F3">

<td>Feeder_N</td>

<td>Naogaon PBS (Raninagar)</td>

</tr>

<tr>

<td>Feeder_Typ</td>

<td>Tap</td>

</tr>

<tr bgcolor="#D4E4F3">

<td>Circuit</td>

<td>1</td>

</tr>

<tr>

<td>Con_KV</td>

<td>33</td>

</tr>

<tr bgcolor="#D4E4F3">

<td>Con_Size</td>

<td>477 MCM</td>

</tr>

<tr>

<td>Spn_Len_M</td>

<td>0</td>

</tr>

<tr bgcolor="#D4E4F3">

<td>Length_M</td>

<td>1451.854776</td>

</tr>

<tr>

<td>Mileage_KM</td>

<td>1.451855</td>

</tr>

<tr bgcolor="#D4E4F3">

<td>Legend</td>

<td></td>

</tr>

<tr>

<td>Assigned</td>

<td>Mahmuda</td>

</tr>

<tr bgcolor="#D4E4F3">

<td>FY</td>

<td>2020-21</td>

</tr>

<tr>

<td>Remarks</td>

<td>Tap to Raninagar-2</td>

</tr>

<tr bgcolor="#D4E4F3">

<td>Project</td>

<td></td>

</tr>

<tr>

<td>PkDemandMW</td>

<td>6.50</td>

</tr>

</table>

</td>

</tr>

</table>

</body><script type="text/javascript">

				function changeImage(attElement, nameElement) {

				document.getElementById('imageAttachment').src = attElement;

				document.getElementById('imageName').innerHTML = nameElement;}

			</script></html>]]></description>
			<styleUrl>#LineStyle001</styleUrl>
			<MultiGeometry>
				<LineString>
					<tessellate>1</tessellate>
					<coordinates>
						88.97933000009211,24.74158000022486,0 88.97969000009306,24.74154999973277,0 88.98015000013366,24.74153999986795,0 88.98015000049841,24.74201000015556,0 88.98013000028958,24.74257000001142,0 88.97982999984855,24.7428800002711,0 88.97949999980246,24.7431699996418,0 88.97905000033532,24.74359999972994,0 88.97869999967025,24.74398000060014,0 88.97850000010548,24.74445999988365,0 88.97840999991244,24.7448100003151,0 88.97821999954212,24.74536000034522,0 88.97810000007877,24.74579999933112,0 88.97794000021733,24.74610000015601,0 88.97777000070862,24.74628000064303,0 88.97751999966354,24.74653999944191,0 88.97720000064086,24.74688000049377,0 88.97677999957442,24.74702000046947,0 88.97634999995752,24.74718999996453,0 88.97591999914472,24.74734999990978,0 88.97544000009235,24.74754000038466,0 88.97492000010705,24.74772999947198,0 88.97460000018818,24.74788000077181,0 88.97420000065593,24.7480799994654,0 88.97375000042814,24.74829000067703,0 88.9731699994616,24.74847999991365,0 88.97281999961059,24.74857999990765,0 88.9723699992242,24.74874999996478,0 88.97205000028812,24.74889999966814,0 88.97185502192249,24.74902818396916,0 88.97163444699441,24.74913098442786,0 88.97152000017026,24.749249999566,0 88.97129999991255,24.74940999999636,0 88.971210000477,24.74952999955528,0 
					</coordinates>
				</LineString>
			</MultiGeometry>
		</Placemark>
		<Placemark id="ID_00065">
			<name>Badolgachi</name>
			<snippet></snippet>
			<description><![CDATA[<html xmlns:fo="http://www.w3.org/1999/XSL/Format" xmlns:msxsl="urn:schemas-microsoft-com:xslt">

<head>

<META http-equiv="Content-Type" content="text/html">

<meta http-equiv="content-type" content="text/html; charset=UTF-8">

</head>

<body style="margin:0px 0px 0px 0px;overflow:auto;background:#FFFFFF;">

<table style="font-family:Arial,Verdana,Times;font-size:12px;text-align:left;width:100%;border-collapse:collapse;padding:3px 3px 3px 3px">

<tr style="text-align:center;font-weight:bold;background:#9CBCE2">

<td>Naogaon PBS-1</td>

</tr>

<tr>

<td>

<table style="font-family:Arial,Verdana,Times;font-size:12px;text-align:left;width:100%;border-spacing:0px; padding:3px 3px 3px 3px">

<tr>

<td>PBS_Name</td>

<td>Naogaon PBS-1</td>

</tr>

<tr bgcolor="#D4E4F3">

<td>Surv_Date</td>

<td>2017-03-21</td>

</tr>

<tr>

<td>Proc_Date</td>

<td>2017-03-23</td>

</tr>

<tr bgcolor="#D4E4F3">

<td>Contd_Grid</td>

<td>Naogaon</td>

</tr>

<tr>

<td>Contd_SS</td>

<td>Naogaon-2 (Hogolbari) &amp; Badolgachi</td>

</tr>

<tr bgcolor="#D4E4F3">

<td>Feeder_N</td>

<td>Badolgachi</td>

</tr>

<tr>

<td>Feeder_Typ</td>

<td>Tap</td>

</tr>

<tr bgcolor="#D4E4F3">

<td>Circuit</td>

<td>1</td>

</tr>

<tr>

<td>Con_KV</td>

<td>33</td>

</tr>

<tr bgcolor="#D4E4F3">

<td>Con_Size</td>

<td>477 MCM</td>

</tr>

<tr>

<td>Spn_Len_M</td>

<td>0</td>

</tr>

<tr bgcolor="#D4E4F3">

<td>Length_M</td>

<td>1164.210645</td>

</tr>

<tr>

<td>Mileage_KM</td>

<td>1.164211</td>

</tr>

<tr bgcolor="#D4E4F3">

<td>Legend</td>

<td></td>

</tr>

<tr>

<td>Assigned</td>

<td>REB GIS</td>

</tr>

<tr bgcolor="#D4E4F3">

<td>FY</td>

<td>2016-17</td>

</tr>

<tr>

<td>Remarks</td>

<td>Tap to Hogolbari &amp; Badolgachi</td>

</tr>

<tr bgcolor="#D4E4F3">

<td>Project</td>

<td></td>

</tr>

<tr>

<td>PkDemandMW</td>

<td>27.9</td>

</tr>

</table>

</td>

</tr>

</table>

</body><script type="text/javascript">

				function changeImage(attElement, nameElement) {

				document.getElementById('imageAttachment').src = attElement;

				document.getElementById('imageName').innerHTML = nameElement;}

			</script></html>]]></description>
			<styleUrl>#LineStyle001</styleUrl>
			<MultiGeometry>
				<LineString>
					<tessellate>1</tessellate>
					<coordinates>
						88.92021981237248,24.88347983114611,0 88.9200099997071,24.88329000032405,0 88.91958000017031,24.88295999931561,0 88.91939999983948,24.88222999993512,0 88.91919999972978,24.88144999974816,0 88.9190499999476,24.88075999937038,0 88.91887999966767,24.88011999984877,0 88.91875999992521,24.87939000034911,0 88.91866999952329,24.87858999955066,0 88.91859999980549,24.87792999963015,0 88.91850000014061,24.87716000051465,0 88.91842000066848,24.8763999998753,0 88.9184000004049,24.87629999977328,0 88.91831999964893,24.87556000038783,0 88.91823999975107,24.87473999964716,0 88.9181099999246,24.87390999913145,0 88.91802999991899,24.87334999946033,0 
					</coordinates>
				</LineString>
			</MultiGeometry>
		</Placemark>
		<Placemark id="ID_00066">
			<name>Chowmashia/Badolgachi</name>
			<snippet></snippet>
			<description><![CDATA[<html xmlns:fo="http://www.w3.org/1999/XSL/Format" xmlns:msxsl="urn:schemas-microsoft-com:xslt">

<head>

<META http-equiv="Content-Type" content="text/html">

<meta http-equiv="content-type" content="text/html; charset=UTF-8">

</head>

<body style="margin:0px 0px 0px 0px;overflow:auto;background:#FFFFFF;">

<table style="font-family:Arial,Verdana,Times;font-size:12px;text-align:left;width:100%;border-collapse:collapse;padding:3px 3px 3px 3px">

<tr style="text-align:center;font-weight:bold;background:#9CBCE2">

<td>Naogaon PBS-1</td>

</tr>

<tr>

<td>

<table style="font-family:Arial,Verdana,Times;font-size:12px;text-align:left;width:100%;border-spacing:0px; padding:3px 3px 3px 3px">

<tr>

<td>PBS_Name</td>

<td>Naogaon PBS-1</td>

</tr>

<tr bgcolor="#D4E4F3">

<td>Surv_Date</td>

<td>2017-02-04</td>

</tr>

<tr>

<td>Proc_Date</td>

<td>2017-02-07</td>

</tr>

<tr bgcolor="#D4E4F3">

<td>Contd_Grid</td>

<td>Naogaon</td>

</tr>

<tr>

<td>Contd_SS</td>

<td>Mohadebpur-2 (Chowmashia), Naogaon-1 (HQ), Naogaon-2 (Hogolbari) &amp; Badolgachi</td>

</tr>

<tr bgcolor="#D4E4F3">

<td>Feeder_N</td>

<td>Chowmashia/Badolgachi</td>

</tr>

<tr>

<td>Feeder_Typ</td>

<td>Main</td>

</tr>

<tr bgcolor="#D4E4F3">

<td>Circuit</td>

<td>2</td>

</tr>

<tr>

<td>Con_KV</td>

<td>33</td>

</tr>

<tr bgcolor="#D4E4F3">

<td>Con_Size</td>

<td>477 MCM</td>

</tr>

<tr>

<td>Spn_Len_M</td>

<td>0</td>

</tr>

<tr bgcolor="#D4E4F3">

<td>Length_M</td>

<td>439.298141</td>

</tr>

<tr>

<td>Mileage_KM</td>

<td>0.878596</td>

</tr>

<tr bgcolor="#D4E4F3">

<td>Legend</td>

<td></td>

</tr>

<tr>

<td>Assigned</td>

<td>REB GIS</td>

</tr>

<tr bgcolor="#D4E4F3">

<td>FY</td>

<td>2016-17</td>

</tr>

<tr>

<td>Remarks</td>

<td>Reported</td>

</tr>

<tr bgcolor="#D4E4F3">

<td>Project</td>

<td></td>

</tr>

<tr>

<td>PkDemandMW</td>

<td>27.9</td>

</tr>

</table>

</td>

</tr>

</table>

</body><script type="text/javascript">

				function changeImage(attElement, nameElement) {

				document.getElementById('imageAttachment').src = attElement;

				document.getElementById('imageName').innerHTML = nameElement;}

			</script></html>]]></description>
			<styleUrl>#LineStyle001</styleUrl>
			<MultiGeometry>
				<LineString>
					<tessellate>1</tessellate>
					<coordinates>
						88.92167000015804,24.8397699992642,0 88.92167000034429,24.83962000032317,0 88.92159999952878,24.83945000011468,0 88.92143000012041,24.83924000002084,0 88.92139000026287,24.83904000029332,0 88.9217899996422,24.83901000010938,0 88.92211999958356,24.83899999987164,0 88.92245000042216,24.83898999979773,0 88.92282000037984,24.83894999978758,0 88.92310000046196,24.83892000018399,0 88.92359000011115,24.83891000016461,0 88.9240999997208,24.83885999986535,0 88.92445999997888,24.83880999973631,0 88.92484000015158,24.83873000027031,0 
					</coordinates>
				</LineString>
			</MultiGeometry>
		</Placemark>
		<Placemark id="ID_00067">
			<name>Badolgachi</name>
			<snippet></snippet>
			<description><![CDATA[<html xmlns:fo="http://www.w3.org/1999/XSL/Format" xmlns:msxsl="urn:schemas-microsoft-com:xslt">

<head>

<META http-equiv="Content-Type" content="text/html">

<meta http-equiv="content-type" content="text/html; charset=UTF-8">

</head>

<body style="margin:0px 0px 0px 0px;overflow:auto;background:#FFFFFF;">

<table style="font-family:Arial,Verdana,Times;font-size:12px;text-align:left;width:100%;border-collapse:collapse;padding:3px 3px 3px 3px">

<tr style="text-align:center;font-weight:bold;background:#9CBCE2">

<td>Naogaon PBS-1</td>

</tr>

<tr>

<td>

<table style="font-family:Arial,Verdana,Times;font-size:12px;text-align:left;width:100%;border-spacing:0px; padding:3px 3px 3px 3px">

<tr>

<td>PBS_Name</td>

<td>Naogaon PBS-1</td>

</tr>

<tr bgcolor="#D4E4F3">

<td>Surv_Date</td>

<td>2017-02-04</td>

</tr>

<tr>

<td>Proc_Date</td>

<td>2017-02-07</td>

</tr>

<tr bgcolor="#D4E4F3">

<td>Contd_Grid</td>

<td>Naogaon</td>

</tr>

<tr>

<td>Contd_SS</td>

<td>Mohadebpur-2 (Chowmashia), Naogaon-1 (HQ), Naogaon-2 (Hogolbari) &amp; Badolgachi</td>

</tr>

<tr bgcolor="#D4E4F3">

<td>Feeder_N</td>

<td>Badolgachi</td>

</tr>

<tr>

<td>Feeder_Typ</td>

<td>Main</td>

</tr>

<tr bgcolor="#D4E4F3">

<td>Circuit</td>

<td>1</td>

</tr>

<tr>

<td>Con_KV</td>

<td>33</td>

</tr>

<tr bgcolor="#D4E4F3">

<td>Con_Size</td>

<td>477 MCM</td>

</tr>

<tr>

<td>Spn_Len_M</td>

<td>0</td>

</tr>

<tr bgcolor="#D4E4F3">

<td>Length_M</td>

<td>21.432789</td>

</tr>

<tr>

<td>Mileage_KM</td>

<td>0.021433</td>

</tr>

<tr bgcolor="#D4E4F3">

<td>Legend</td>

<td></td>

</tr>

<tr>

<td>Assigned</td>

<td>REB GIS</td>

</tr>

<tr bgcolor="#D4E4F3">

<td>FY</td>

<td>2016-17</td>

</tr>

<tr>

<td>Remarks</td>

<td>Reported</td>

</tr>

<tr bgcolor="#D4E4F3">

<td>Project</td>

<td></td>

</tr>

<tr>

<td>PkDemandMW</td>

<td>27.9</td>

</tr>

</table>

</td>

</tr>

</table>

</body><script type="text/javascript">

				function changeImage(attElement, nameElement) {

				document.getElementById('imageAttachment').src = attElement;

				document.getElementById('imageName').innerHTML = nameElement;}

			</script></html>]]></description>
			<styleUrl>#LineStyle001</styleUrl>
			<MultiGeometry>
				<LineString>
					<tessellate>1</tessellate>
					<coordinates>
						88.9217100006784,24.83996000037402,0 88.92167000015804,24.8397699992642,0 
					</coordinates>
				</LineString>
			</MultiGeometry>
		</Placemark>
		<Placemark id="ID_00068">
			<name>Chowmashia</name>
			<snippet></snippet>
			<description><![CDATA[<html xmlns:fo="http://www.w3.org/1999/XSL/Format" xmlns:msxsl="urn:schemas-microsoft-com:xslt">

<head>

<META http-equiv="Content-Type" content="text/html">

<meta http-equiv="content-type" content="text/html; charset=UTF-8">

</head>

<body style="margin:0px 0px 0px 0px;overflow:auto;background:#FFFFFF;">

<table style="font-family:Arial,Verdana,Times;font-size:12px;text-align:left;width:100%;border-collapse:collapse;padding:3px 3px 3px 3px">

<tr style="text-align:center;font-weight:bold;background:#9CBCE2">

<td>Naogaon PBS-1</td>

</tr>

<tr>

<td>

<table style="font-family:Arial,Verdana,Times;font-size:12px;text-align:left;width:100%;border-spacing:0px; padding:3px 3px 3px 3px">

<tr>

<td>PBS_Name</td>

<td>Naogaon PBS-1</td>

</tr>

<tr bgcolor="#D4E4F3">

<td>Surv_Date</td>

<td>2021-01-04</td>

</tr>

<tr>

<td>Proc_Date</td>

<td>2020-01-06</td>

</tr>

<tr bgcolor="#D4E4F3">

<td>Contd_Grid</td>

<td>Naogaon</td>

</tr>

<tr>

<td>Contd_SS</td>

<td>Mohadebpur-2 (Chowmashia)</td>

</tr>

<tr bgcolor="#D4E4F3">

<td>Feeder_N</td>

<td>Chowmashia</td>

</tr>

<tr>

<td>Feeder_Typ</td>

<td>Main</td>

</tr>

<tr bgcolor="#D4E4F3">

<td>Circuit</td>

<td>1</td>

</tr>

<tr>

<td>Con_KV</td>

<td>33</td>

</tr>

<tr bgcolor="#D4E4F3">

<td>Con_Size</td>

<td>477 MCM</td>

</tr>

<tr>

<td>Spn_Len_M</td>

<td>0</td>

</tr>

<tr bgcolor="#D4E4F3">

<td>Length_M</td>

<td>1073.420274</td>

</tr>

<tr>

<td>Mileage_KM</td>

<td>1.07342</td>

</tr>

<tr bgcolor="#D4E4F3">

<td>Legend</td>

<td></td>

</tr>

<tr>

<td>Assigned</td>

<td>Mahmuda</td>

</tr>

<tr bgcolor="#D4E4F3">

<td>FY</td>

<td>2019-20</td>

</tr>

<tr>

<td>Remarks</td>

<td>Tap to Mohadebpur-2 (Chowmashia)</td>

</tr>

<tr bgcolor="#D4E4F3">

<td>Project</td>

<td></td>

</tr>

<tr>

<td>PkDemandMW</td>

<td>27.9</td>

</tr>

</table>

</td>

</tr>

</table>

</body><script type="text/javascript">

				function changeImage(attElement, nameElement) {

				document.getElementById('imageAttachment').src = attElement;

				document.getElementById('imageName').innerHTML = nameElement;}

			</script></html>]]></description>
			<styleUrl>#LineStyle001</styleUrl>
			<MultiGeometry>
				<LineString>
					<tessellate>1</tessellate>
					<coordinates>
						88.83747827667469,24.86793757395885,0 88.83725999988792,24.86809999955744,0 88.83709999966808,24.86813000029343,0 88.83717999990169,24.86834999982752,0 88.83727000030041,24.86851999977182,0 88.83794999979941,24.86837000013336,0 88.83812999994696,24.86832000027585,0 88.83877000008016,24.86820000003831,0 88.8396900002838,24.86798999969709,0 88.84065000020387,24.86778999956973,0 88.84143999980959,24.86752999969584,0 88.84187999951244,24.86739999965849,0 88.84244999982204,24.86720999957212,0 88.84309999997204,24.86699000031964,0 88.8438399995208,24.86677999966638,0 88.84448999961836,24.86655999997393,0 88.84488999956562,24.86655000001618,0 88.84556000025452,24.86651000036762,0 88.84605949779942,24.86740306911227,0 
					</coordinates>
				</LineString>
			</MultiGeometry>
		</Placemark>
		<Placemark id="ID_00069">
			<name>Niamotpur-3 (Hazinagor)</name>
			<snippet></snippet>
			<description><![CDATA[<html xmlns:fo="http://www.w3.org/1999/XSL/Format" xmlns:msxsl="urn:schemas-microsoft-com:xslt">

<head>

<META http-equiv="Content-Type" content="text/html">

<meta http-equiv="content-type" content="text/html; charset=UTF-8">

</head>

<body style="margin:0px 0px 0px 0px;overflow:auto;background:#FFFFFF;">

<table style="font-family:Arial,Verdana,Times;font-size:12px;text-align:left;width:100%;border-collapse:collapse;padding:3px 3px 3px 3px">

<tr style="text-align:center;font-weight:bold;background:#9CBCE2">

<td>Naogaon PBS-1</td>

</tr>

<tr>

<td>

<table style="font-family:Arial,Verdana,Times;font-size:12px;text-align:left;width:100%;border-spacing:0px; padding:3px 3px 3px 3px">

<tr>

<td>PBS_Name</td>

<td>Naogaon PBS-1</td>

</tr>

<tr bgcolor="#D4E4F3">

<td>Surv_Date</td>

<td>2021-01-12</td>

</tr>

<tr>

<td>Proc_Date</td>

<td>2021-01-17</td>

</tr>

<tr bgcolor="#D4E4F3">

<td>Contd_Grid</td>

<td>Niamotpur</td>

</tr>

<tr>

<td>Contd_SS</td>

<td>-</td>

</tr>

<tr bgcolor="#D4E4F3">

<td>Feeder_N</td>

<td>Niamotpur-3 (Hazinagor)</td>

</tr>

<tr>

<td>Feeder_Typ</td>

<td>Main</td>

</tr>

<tr bgcolor="#D4E4F3">

<td>Circuit</td>

<td>1</td>

</tr>

<tr>

<td>Con_KV</td>

<td>33</td>

</tr>

<tr bgcolor="#D4E4F3">

<td>Con_Size</td>

<td>477 MCM</td>

</tr>

<tr>

<td>Spn_Len_M</td>

<td>0</td>

</tr>

<tr bgcolor="#D4E4F3">

<td>Length_M</td>

<td>3200.122177</td>

</tr>

<tr>

<td>Mileage_KM</td>

<td>3.200122</td>

</tr>

<tr bgcolor="#D4E4F3">

<td>Legend</td>

<td>Niamotpur Grid-Niamotpur-3 (Hazinagor)</td>

</tr>

<tr>

<td>Assigned</td>

<td>Mahmuda</td>

</tr>

<tr bgcolor="#D4E4F3">

<td>FY</td>

<td>2020-21</td>

</tr>

<tr>

<td>Remarks</td>

<td>Source from Naogaon PBS-2</td>

</tr>

<tr bgcolor="#D4E4F3">

<td>Project</td>

<td></td>

</tr>

<tr>

<td>PkDemandMW</td>

<td>5</td>

</tr>

</table>

</td>

</tr>

</table>

</body><script type="text/javascript">

				function changeImage(attElement, nameElement) {

				document.getElementById('imageAttachment').src = attElement;

				document.getElementById('imageName').innerHTML = nameElement;}

			</script></html>]]></description>
			<styleUrl>#LineStyle001</styleUrl>
			<MultiGeometry>
				<LineString>
					<tessellate>1</tessellate>
					<coordinates>
						88.60736000044362,24.90550000024838,0 88.60708999999065,24.90553000028821,0 88.60682999996095,24.90556999995077,0 88.60626999992232,24.90561999955427,0 88.60573999986538,24.905659999599,0 88.60516999961445,24.90568999991697,0 88.60456999963354,24.90574999975102,0 88.60394999979057,24.90579999969198,0 88.60329000018982,24.90585000002674,0 88.60270999972165,24.90588999960019,0 88.60226000008156,24.90592999979181,0 88.60172000047265,24.90595999964569,0 88.60119000008964,24.90601000029885,0 88.60054999994266,24.90605000005467,0 88.59990999997434,24.9060800002568,0 88.59929000041912,24.90612000037007,0 88.59869999998955,24.90617000000667,0 88.59823999976189,24.90629000041507,0 88.59773000002264,24.90638000018814,0 88.59721999958464,24.90649000002992,0 88.59668999952943,24.90666000003482,0 88.59609999957928,24.90683999975903,0 88.59556999987532,24.90707000034858,0 88.59502000014281,24.90731000039508,0 88.59456999983547,24.90753999966171,0 88.59414000011246,24.9077499996309,0 88.59373000045727,24.90783999960872,0 88.59329000021162,24.90793000028977,0 88.5927999999851,24.90802999967987,0 88.59215000044517,24.90817000023614,0 88.59145999981226,24.90832000009478,0 88.59101999986461,24.9084099996111,0 88.59050000042376,24.90851000013592,0 88.59002999979377,24.90861999984752,0 88.5895900000928,24.90870000017434,0 88.58915999965863,24.9088000001279,0 88.58877000045803,24.90897000028971,0 88.58838000015254,24.9091400003833,0 88.5879400001015,24.90933999970946,0 88.58752000014169,24.90955000022388,0 88.58712000025048,24.90973000023167,0 88.58675999960118,24.90990000018846,0 88.58637000036369,24.91006999972475,0 88.58586999964646,24.91029000037636,0 88.58540999994139,24.91051000029466,0 88.58505000048567,24.91067999988087,0 88.5846100001755,24.91087999968969,0 88.58422999996948,24.91106000001184,0 88.58378999988454,24.91126000019933,0 88.58335999962893,24.91146000039889,0 88.5829599998799,24.91165999964892,0 88.58260999992294,24.91181999980446,0 88.58224999954975,24.91199000012623,0 88.58188000041696,24.91211999993758,0 88.58151000028914,24.91226000025173,0 88.58118999986787,24.9123699998378,0 88.58079999958328,24.91249999967226,0 88.58037999963875,24.91264999962874,0 88.57988999969747,24.91283000032622,0 88.57940999968945,24.91301000008079,0 88.57885999959588,24.9131999996888,0 88.57827000045293,24.91341999963242,0 88.5779099999213,24.91354999962183,0 88.57764000012259,24.91363999981493,0 88.57738999993035,24.91373000013569,0 
					</coordinates>
				</LineString>
			</MultiGeometry>
		</Placemark>
		<Placemark id="ID_00070">
			<name>Atrai</name>
			<snippet></snippet>
			<description><![CDATA[<html xmlns:fo="http://www.w3.org/1999/XSL/Format" xmlns:msxsl="urn:schemas-microsoft-com:xslt">

<head>

<META http-equiv="Content-Type" content="text/html">

<meta http-equiv="content-type" content="text/html; charset=UTF-8">

</head>

<body style="margin:0px 0px 0px 0px;overflow:auto;background:#FFFFFF;">

<table style="font-family:Arial,Verdana,Times;font-size:12px;text-align:left;width:100%;border-collapse:collapse;padding:3px 3px 3px 3px">

<tr style="text-align:center;font-weight:bold;background:#9CBCE2">

<td>Naogaon PBS-1</td>

</tr>

<tr>

<td>

<table style="font-family:Arial,Verdana,Times;font-size:12px;text-align:left;width:100%;border-spacing:0px; padding:3px 3px 3px 3px">

<tr>

<td>PBS_Name</td>

<td>Naogaon PBS-1</td>

</tr>

<tr bgcolor="#D4E4F3">

<td>Surv_Date</td>

<td>2020-12-24</td>

</tr>

<tr>

<td>Proc_Date</td>

<td>2020-12-27</td>

</tr>

<tr bgcolor="#D4E4F3">

<td>Contd_Grid</td>

<td>Naogaon</td>

</tr>

<tr>

<td>Contd_SS</td>

<td>Atrai-1</td>

</tr>

<tr bgcolor="#D4E4F3">

<td>Feeder_N</td>

<td>Atrai</td>

</tr>

<tr>

<td>Feeder_Typ</td>

<td>Main</td>

</tr>

<tr bgcolor="#D4E4F3">

<td>Circuit</td>

<td>1</td>

</tr>

<tr>

<td>Con_KV</td>

<td>33</td>

</tr>

<tr bgcolor="#D4E4F3">

<td>Con_Size</td>

<td>477 MCM</td>

</tr>

<tr>

<td>Spn_Len_M</td>

<td>0</td>

</tr>

<tr bgcolor="#D4E4F3">

<td>Length_M</td>

<td>38.809058</td>

</tr>

<tr>

<td>Mileage_KM</td>

<td>0.038809</td>

</tr>

<tr bgcolor="#D4E4F3">

<td>Legend</td>

<td></td>

</tr>

<tr>

<td>Assigned</td>

<td>Mahmuda</td>

</tr>

<tr bgcolor="#D4E4F3">

<td>FY</td>

<td>2020-21</td>

</tr>

<tr>

<td>Remarks</td>

<td></td>

</tr>

<tr bgcolor="#D4E4F3">

<td>Project</td>

<td></td>

</tr>

<tr>

<td>PkDemandMW</td>

<td>21.75</td>

</tr>

</table>

</td>

</tr>

</table>

</body><script type="text/javascript">

				function changeImage(attElement, nameElement) {

				document.getElementById('imageAttachment').src = attElement;

				document.getElementById('imageName').innerHTML = nameElement;}

			</script></html>]]></description>
			<styleUrl>#LineStyle001</styleUrl>
			<MultiGeometry>
				<LineString>
					<tessellate>1</tessellate>
					<coordinates>
						88.9779948999179,24.62221079999741,0 88.97800000002228,24.6223900003199,0 88.97800999976616,24.62244999985194,0 88.97802000045164,24.6225600001039,0 
					</coordinates>
				</LineString>
			</MultiGeometry>
		</Placemark>
		<Placemark id="ID_00071">
			<name>Manda-2</name>
			<snippet></snippet>
			<description><![CDATA[<html xmlns:fo="http://www.w3.org/1999/XSL/Format" xmlns:msxsl="urn:schemas-microsoft-com:xslt">

<head>

<META http-equiv="Content-Type" content="text/html">

<meta http-equiv="content-type" content="text/html; charset=UTF-8">

</head>

<body style="margin:0px 0px 0px 0px;overflow:auto;background:#FFFFFF;">

<table style="font-family:Arial,Verdana,Times;font-size:12px;text-align:left;width:100%;border-collapse:collapse;padding:3px 3px 3px 3px">

<tr style="text-align:center;font-weight:bold;background:#9CBCE2">

<td>Naogaon PBS-1</td>

</tr>

<tr>

<td>

<table style="font-family:Arial,Verdana,Times;font-size:12px;text-align:left;width:100%;border-spacing:0px; padding:3px 3px 3px 3px">

<tr>

<td>PBS_Name</td>

<td>Naogaon PBS-1</td>

</tr>

<tr bgcolor="#D4E4F3">

<td>Surv_Date</td>

<td>2021-09-20</td>

</tr>

<tr>

<td>Proc_Date</td>

<td>2021-10-10</td>

</tr>

<tr bgcolor="#D4E4F3">

<td>Contd_Grid</td>

<td>Niamotpur</td>

</tr>

<tr>

<td>Contd_SS</td>

<td>Manda-3 (Sotihat)</td>

</tr>

<tr bgcolor="#D4E4F3">

<td>Feeder_N</td>

<td>Manda-2</td>

</tr>

<tr>

<td>Feeder_Typ</td>

<td>Tap</td>

</tr>

<tr bgcolor="#D4E4F3">

<td>Circuit</td>

<td>1</td>

</tr>

<tr>

<td>Con_KV</td>

<td>33</td>

</tr>

<tr bgcolor="#D4E4F3">

<td>Con_Size</td>

<td>477 MCM</td>

</tr>

<tr>

<td>Spn_Len_M</td>

<td>0</td>

</tr>

<tr bgcolor="#D4E4F3">

<td>Length_M</td>

<td>6345.673718</td>

</tr>

<tr>

<td>Mileage_KM</td>

<td>6.345674</td>

</tr>

<tr bgcolor="#D4E4F3">

<td>Legend</td>

<td></td>

</tr>

<tr>

<td>Assigned</td>

<td>Mahmuda</td>

</tr>

<tr bgcolor="#D4E4F3">

<td>FY</td>

<td>2021-22</td>

</tr>

<tr>

<td>Remarks</td>

<td>Tap to Manda-3 (Sotihat)</td>

</tr>

<tr bgcolor="#D4E4F3">

<td>Project</td>

<td></td>

</tr>

<tr>

<td>PkDemandMW</td>

<td>7</td>

</tr>

</table>

</td>

</tr>

</table>

</body><script type="text/javascript">

				function changeImage(attElement, nameElement) {

				document.getElementById('imageAttachment').src = attElement;

				document.getElementById('imageName').innerHTML = nameElement;}

			</script></html>]]></description>
			<styleUrl>#LineStyle001</styleUrl>
			<MultiGeometry>
				<LineString>
					<tessellate>1</tessellate>
					<coordinates>
						88.75097999971339,24.79892999989375,0 88.75002000041876,24.79839999994327,0 88.74942000026029,24.79832999993986,0 88.74910999964135,24.79830999957746,0 88.74873000011178,24.79829999978994,0 88.74831000023438,24.79825000034334,0 88.74779999979097,24.79823999964611,0 88.74714000006799,24.79856999997775,0 88.74623000031737,24.79872000010021,0 88.74572000037934,24.79883999970204,0 88.74503000006105,24.79901000039998,0 88.74446000027781,24.79913999964048,0 88.74392264405651,24.79924809112561,0 88.74331039224859,24.79937124467676,0 88.74271999973021,24.79948999970199,0 88.74218999958059,24.79962000030534,0 88.74173000016359,24.79930999990394,0 88.74129000000534,24.79903000021559,0 88.74094999992103,24.79885000017369,0 88.74081999961525,24.79873000044287,0 88.74049000011125,24.79851999999712,0 88.74014000004459,24.79826999988818,0 88.73972999978295,24.79799000023135,0 88.73930000022786,24.79769999973406,0 88.73884000017253,24.79740999989274,0 88.7384000001975,24.79714000019186,0 88.73796000031425,24.79682999957922,0 88.7375200003747,24.79654999969736,0 88.73708999971353,24.79627999981087,0 88.73669000046773,24.7960500002068,0 88.73626000030323,24.79577999956384,0 88.73573000033419,24.79546999981203,0 88.73523999992881,24.7952099997186,0 88.73470999991144,24.79493000008729,0 88.73422000042859,24.79464999980562,0 88.73374999970672,24.79436999991897,0 88.7332700001421,24.79415000037725,0 88.73283000011627,24.79387000018174,0 88.73237000006435,24.79362000031908,0 88.73189000042521,24.79337000021571,0 88.73140000031881,24.79309000003776,0 88.73091999956638,24.79280999984831,0 88.73050000006629,24.79256999985676,0 88.72998999967353,24.79228000020824,0 88.72951000014969,24.79199999969306,0 88.72900000032134,24.79175999986857,0 88.7284899999194,24.79142000037158,0 88.72801999952584,24.79117999992484,0 88.72751999964487,24.79090999981316,0 88.72701999987723,24.79062999957959,0 88.72634999997355,24.79027000025533,0 88.72577000006288,24.78994999965979,0 88.72525999997798,24.78968000031717,0 88.72480999950692,24.7894100000808,0 88.72433999980049,24.78915999984477,0 88.723859999621,24.78892999981262,0 88.72339999999441,24.7886600000961,0 88.72292999983762,24.78838000007802,0 88.72247000015798,24.78813999962677,0 88.72194999967262,24.78781999962141,0 88.72140000010771,24.78750999983735,0 88.72094999970811,24.78722000040511,0 88.7204400004766,24.7869600000243,0 88.71998000014003,24.78666000029416,0 88.71961999982645,24.78646000031508,0 88.71923000040098,24.78619999984459,0 88.71876000046112,24.78591000009271,0 88.71828000036901,24.78562999999959,0 88.71788999960614,24.78537999959347,0 88.71751999966618,24.78508999984224,0 88.71715999982132,24.78478999973166,0 88.71668000007908,24.78441000029891,0 88.71627999988712,24.78408000013095,0 88.71585999971651,24.78373000015644,0 88.71542999958214,24.78340000013906,0 88.7150199996062,24.78308000003898,0 88.7146799995232,24.78279000006654,0 88.7142900000751,24.78250999969989,0 88.71388000018585,24.78217000028868,0 88.71361000019945,24.7819199995696,0 88.71346999968041,24.78182000034482,0 88.71313000017052,24.7815000003795,0 88.71271999959023,24.78112000023932,0 88.7122899998384,24.78075000032229,0 88.71193999991434,24.78044000001399,0 88.71179999991693,24.78055000000711,0 88.71132898025408,24.78076087700837,0 88.71078646373505,24.78113207309079,0 88.71027250015329,24.78148423354891,0 88.70980999971329,24.78186999989381,0 88.70924000040505,24.78224999978806,0 88.70881000030086,24.78260999970488,0 88.70857000029307,24.78274999976446,0 88.70809999951491,24.78303999956678,0 88.70760000036783,24.78340999985542,0 88.70720000025786,24.78370000009698,0 88.70673999977006,24.78400999964004,0 88.70638000029899,24.78446999973433,0 88.7061799995339,24.78472000043717,0 88.70573999950878,24.78519999967764,0 88.7051700003064,24.78550000036102,0 88.70471000005223,24.78570999986688,0 88.70426000003492,24.78592999994314,0 88.70378999976329,24.78605000013886,0 88.70323999980359,24.78603999978561,0 88.70274999978547,24.7859399996943,0 88.70230000022868,24.7859300002146,0 88.70087000034509,24.785950000308,0 88.70061000006299,24.78593999959006,0 88.70032999973216,24.7859100003315,0 88.69997000007774,24.78592000016303,0 88.69944999960995,24.78586000044319,0 88.69894999973086,24.78587999959468,0 88.69849548569809,24.7858678458996,0 88.69811184736803,24.78582753943663,0 88.69755999989366,24.78569999993735,0 
					</coordinates>
				</LineString>
			</MultiGeometry>
		</Placemark>
		<Placemark id="ID_00072">
			<name>Manda-2</name>
			<snippet></snippet>
			<description><![CDATA[<html xmlns:fo="http://www.w3.org/1999/XSL/Format" xmlns:msxsl="urn:schemas-microsoft-com:xslt">

<head>

<META http-equiv="Content-Type" content="text/html">

<meta http-equiv="content-type" content="text/html; charset=UTF-8">

</head>

<body style="margin:0px 0px 0px 0px;overflow:auto;background:#FFFFFF;">

<table style="font-family:Arial,Verdana,Times;font-size:12px;text-align:left;width:100%;border-collapse:collapse;padding:3px 3px 3px 3px">

<tr style="text-align:center;font-weight:bold;background:#9CBCE2">

<td>Naogaon PBS-1</td>

</tr>

<tr>

<td>

<table style="font-family:Arial,Verdana,Times;font-size:12px;text-align:left;width:100%;border-spacing:0px; padding:3px 3px 3px 3px">

<tr>

<td>PBS_Name</td>

<td>Naogaon PBS-1</td>

</tr>

<tr bgcolor="#D4E4F3">

<td>Surv_Date</td>

<td>2018-04-04</td>

</tr>

<tr>

<td>Proc_Date</td>

<td>2018-04-09</td>

</tr>

<tr bgcolor="#D4E4F3">

<td>Contd_Grid</td>

<td>Niamotpur</td>

</tr>

<tr>

<td>Contd_SS</td>

<td>Manda-2</td>

</tr>

<tr bgcolor="#D4E4F3">

<td>Feeder_N</td>

<td>Manda-2</td>

</tr>

<tr>

<td>Feeder_Typ</td>

<td>Main</td>

</tr>

<tr bgcolor="#D4E4F3">

<td>Circuit</td>

<td>1</td>

</tr>

<tr>

<td>Con_KV</td>

<td>33</td>

</tr>

<tr bgcolor="#D4E4F3">

<td>Con_Size</td>

<td>477 MCM</td>

</tr>

<tr>

<td>Spn_Len_M</td>

<td>0</td>

</tr>

<tr bgcolor="#D4E4F3">

<td>Length_M</td>

<td>444.948551</td>

</tr>

<tr>

<td>Mileage_KM</td>

<td>0.444949</td>

</tr>

<tr bgcolor="#D4E4F3">

<td>Legend</td>

<td></td>

</tr>

<tr>

<td>Assigned</td>

<td>REB GIS</td>

</tr>

<tr bgcolor="#D4E4F3">

<td>FY</td>

<td>2017-18</td>

</tr>

<tr>

<td>Remarks</td>

<td>Reported</td>

</tr>

<tr bgcolor="#D4E4F3">

<td>Project</td>

<td></td>

</tr>

<tr>

<td>PkDemandMW</td>

<td>10.5</td>

</tr>

</table>

</td>

</tr>

</table>

</body><script type="text/javascript">

				function changeImage(attElement, nameElement) {

				document.getElementById('imageAttachment').src = attElement;

				document.getElementById('imageName').innerHTML = nameElement;}

			</script></html>]]></description>
			<styleUrl>#LineStyle001</styleUrl>
			<MultiGeometry>
				<LineString>
					<tessellate>1</tessellate>
					<coordinates>
						88.69826999958367,24.78181000018647,0 88.69842999967084,24.7826700001638,0 88.69822999947323,24.78342000017529,0 88.6981046318696,24.78407710676868,0 88.69786000034276,24.78459999939114,0 88.69775096369348,24.78518746398769,0 88.69755999989366,24.78569999993735,0 88.69755999989366,24.78569999993735,0 
					</coordinates>
				</LineString>
			</MultiGeometry>
		</Placemark>
		<Placemark id="ID_00073">
			<name>Niamotpur-1</name>
			<snippet></snippet>
			<description><![CDATA[<html xmlns:fo="http://www.w3.org/1999/XSL/Format" xmlns:msxsl="urn:schemas-microsoft-com:xslt">

<head>

<META http-equiv="Content-Type" content="text/html">

<meta http-equiv="content-type" content="text/html; charset=UTF-8">

</head>

<body style="margin:0px 0px 0px 0px;overflow:auto;background:#FFFFFF;">

<table style="font-family:Arial,Verdana,Times;font-size:12px;text-align:left;width:100%;border-collapse:collapse;padding:3px 3px 3px 3px">

<tr style="text-align:center;font-weight:bold;background:#9CBCE2">

<td>Naogaon PBS-1</td>

</tr>

<tr>

<td>

<table style="font-family:Arial,Verdana,Times;font-size:12px;text-align:left;width:100%;border-spacing:0px; padding:3px 3px 3px 3px">

<tr>

<td>PBS_Name</td>

<td>Naogaon PBS-1</td>

</tr>

<tr bgcolor="#D4E4F3">

<td>Surv_Date</td>

<td>2018-03-08</td>

</tr>

<tr>

<td>Proc_Date</td>

<td>2018-03-11</td>

</tr>

<tr bgcolor="#D4E4F3">

<td>Contd_Grid</td>

<td>Niamotpur</td>

</tr>

<tr>

<td>Contd_SS</td>

<td>Niamotpur-1</td>

</tr>

<tr bgcolor="#D4E4F3">

<td>Feeder_N</td>

<td>Niamotpur-1</td>

</tr>

<tr>

<td>Feeder_Typ</td>

<td>Main</td>

</tr>

<tr bgcolor="#D4E4F3">

<td>Circuit</td>

<td>1</td>

</tr>

<tr>

<td>Con_KV</td>

<td>33</td>

</tr>

<tr bgcolor="#D4E4F3">

<td>Con_Size</td>

<td>477 MCM</td>

</tr>

<tr>

<td>Spn_Len_M</td>

<td>0</td>

</tr>

<tr bgcolor="#D4E4F3">

<td>Length_M</td>

<td>75.757867</td>

</tr>

<tr>

<td>Mileage_KM</td>

<td>0.075758</td>

</tr>

<tr bgcolor="#D4E4F3">

<td>Legend</td>

<td></td>

</tr>

<tr>

<td>Assigned</td>

<td>REB GIS</td>

</tr>

<tr bgcolor="#D4E4F3">

<td>FY</td>

<td>2017-18</td>

</tr>

<tr>

<td>Remarks</td>

<td>Tie Line to Manda-2</td>

</tr>

<tr bgcolor="#D4E4F3">

<td>Project</td>

<td></td>

</tr>

<tr>

<td>PkDemandMW</td>

<td>12.15</td>

</tr>

</table>

</td>

</tr>

</table>

</body><script type="text/javascript">

				function changeImage(attElement, nameElement) {

				document.getElementById('imageAttachment').src = attElement;

				document.getElementById('imageName').innerHTML = nameElement;}

			</script></html>]]></description>
			<styleUrl>#LineStyle001</styleUrl>
			<MultiGeometry>
				<LineString>
					<tessellate>1</tessellate>
					<coordinates>
						88.58772000075665,24.83259999998048,0 88.58843999968468,24.83241000019731,0 
					</coordinates>
				</LineString>
			</MultiGeometry>
		</Placemark>
		<Placemark id="ID_00074">
			<name>Niamotpur-1</name>
			<snippet></snippet>
			<description><![CDATA[<html xmlns:fo="http://www.w3.org/1999/XSL/Format" xmlns:msxsl="urn:schemas-microsoft-com:xslt">

<head>

<META http-equiv="Content-Type" content="text/html">

<meta http-equiv="content-type" content="text/html; charset=UTF-8">

</head>

<body style="margin:0px 0px 0px 0px;overflow:auto;background:#FFFFFF;">

<table style="font-family:Arial,Verdana,Times;font-size:12px;text-align:left;width:100%;border-collapse:collapse;padding:3px 3px 3px 3px">

<tr style="text-align:center;font-weight:bold;background:#9CBCE2">

<td>Naogaon PBS-1</td>

</tr>

<tr>

<td>

<table style="font-family:Arial,Verdana,Times;font-size:12px;text-align:left;width:100%;border-spacing:0px; padding:3px 3px 3px 3px">

<tr>

<td>PBS_Name</td>

<td>Naogaon PBS-1</td>

</tr>

<tr bgcolor="#D4E4F3">

<td>Surv_Date</td>

<td>2018-03-08</td>

</tr>

<tr>

<td>Proc_Date</td>

<td>2018-03-11</td>

</tr>

<tr bgcolor="#D4E4F3">

<td>Contd_Grid</td>

<td>Niamotpur</td>

</tr>

<tr>

<td>Contd_SS</td>

<td>Niamotpur-1</td>

</tr>

<tr bgcolor="#D4E4F3">

<td>Feeder_N</td>

<td>Niamotpur-1</td>

</tr>

<tr>

<td>Feeder_Typ</td>

<td>Main</td>

</tr>

<tr bgcolor="#D4E4F3">

<td>Circuit</td>

<td>1</td>

</tr>

<tr>

<td>Con_KV</td>

<td>33</td>

</tr>

<tr bgcolor="#D4E4F3">

<td>Con_Size</td>

<td>477 MCM</td>

</tr>

<tr>

<td>Spn_Len_M</td>

<td>0</td>

</tr>

<tr bgcolor="#D4E4F3">

<td>Length_M</td>

<td>563.125014</td>

</tr>

<tr>

<td>Mileage_KM</td>

<td>0.563125</td>

</tr>

<tr bgcolor="#D4E4F3">

<td>Legend</td>

<td></td>

</tr>

<tr>

<td>Assigned</td>

<td>REB GIS</td>

</tr>

<tr bgcolor="#D4E4F3">

<td>FY</td>

<td>2017-18</td>

</tr>

<tr>

<td>Remarks</td>

<td>Reported</td>

</tr>

<tr bgcolor="#D4E4F3">

<td>Project</td>

<td></td>

</tr>

<tr>

<td>PkDemandMW</td>

<td>12.15</td>

</tr>

</table>

</td>

</tr>

</table>

</body><script type="text/javascript">

				function changeImage(attElement, nameElement) {

				document.getElementById('imageAttachment').src = attElement;

				document.getElementById('imageName').innerHTML = nameElement;}

			</script></html>]]></description>
			<styleUrl>#LineStyle001</styleUrl>
			<MultiGeometry>
				<LineString>
					<tessellate>1</tessellate>
					<coordinates>
						88.58579319769402,24.8330941990308,0 88.58592000048776,24.83291999981386,0 88.58622999978422,24.83279999979081,0 88.58687000034591,24.83282999932263,0 88.58772000075665,24.83259999998048,0 88.58774999981658,24.8326800008825,0 88.58781462451157,24.83329619964641,0 88.58783518308339,24.83366782393402,0 88.58785709809634,24.83388517636379,0 88.58746375345049,24.83397916308596,0 88.58703000009201,24.83406000003239,0 88.5864900001601,24.83419999955935,0 88.58584999963431,24.83430000058047,0 
					</coordinates>
				</LineString>
			</MultiGeometry>
		</Placemark>
		<Placemark id="ID_00075">
			<name>Badolgachi</name>
			<snippet></snippet>
			<description><![CDATA[<html xmlns:fo="http://www.w3.org/1999/XSL/Format" xmlns:msxsl="urn:schemas-microsoft-com:xslt">

<head>

<META http-equiv="Content-Type" content="text/html">

<meta http-equiv="content-type" content="text/html; charset=UTF-8">

</head>

<body style="margin:0px 0px 0px 0px;overflow:auto;background:#FFFFFF;">

<table style="font-family:Arial,Verdana,Times;font-size:12px;text-align:left;width:100%;border-collapse:collapse;padding:3px 3px 3px 3px">

<tr style="text-align:center;font-weight:bold;background:#9CBCE2">

<td>Naogaon PBS-1</td>

</tr>

<tr>

<td>

<table style="font-family:Arial,Verdana,Times;font-size:12px;text-align:left;width:100%;border-spacing:0px; padding:3px 3px 3px 3px">

<tr>

<td>PBS_Name</td>

<td>Naogaon PBS-1</td>

</tr>

<tr bgcolor="#D4E4F3">

<td>Surv_Date</td>

<td>2017-02-04</td>

</tr>

<tr>

<td>Proc_Date</td>

<td>2017-02-07</td>

</tr>

<tr bgcolor="#D4E4F3">

<td>Contd_Grid</td>

<td>Naogaon</td>

</tr>

<tr>

<td>Contd_SS</td>

<td>Naogaon-1 (HQ)</td>

</tr>

<tr bgcolor="#D4E4F3">

<td>Feeder_N</td>

<td>Badolgachi</td>

</tr>

<tr>

<td>Feeder_Typ</td>

<td>Tap</td>

</tr>

<tr bgcolor="#D4E4F3">

<td>Circuit</td>

<td>1</td>

</tr>

<tr>

<td>Con_KV</td>

<td>33</td>

</tr>

<tr bgcolor="#D4E4F3">

<td>Con_Size</td>

<td>477 MCM</td>

</tr>

<tr>

<td>Spn_Len_M</td>

<td>0</td>

</tr>

<tr bgcolor="#D4E4F3">

<td>Length_M</td>

<td>539.190635</td>

</tr>

<tr>

<td>Mileage_KM</td>

<td>0.539191</td>

</tr>

<tr bgcolor="#D4E4F3">

<td>Legend</td>

<td></td>

</tr>

<tr>

<td>Assigned</td>

<td>REB GIS</td>

</tr>

<tr bgcolor="#D4E4F3">

<td>FY</td>

<td>2016-17</td>

</tr>

<tr>

<td>Remarks</td>

<td>Tap to Naogaon (HQ)</td>

</tr>

<tr bgcolor="#D4E4F3">

<td>Project</td>

<td></td>

</tr>

<tr>

<td>PkDemandMW</td>

<td>27.9</td>

</tr>

</table>

</td>

</tr>

</table>

</body><script type="text/javascript">

				function changeImage(attElement, nameElement) {

				document.getElementById('imageAttachment').src = attElement;

				document.getElementById('imageName').innerHTML = nameElement;}

			</script></html>]]></description>
			<styleUrl>#LineStyle001</styleUrl>
			<MultiGeometry>
				<LineString>
					<tessellate>1</tessellate>
					<coordinates>
						88.91687999972943,24.84143999975338,0 88.91705000047156,24.8416699994732,0 88.91765000010598,24.84143000018688,0 88.91832999981288,24.84117000000719,0 88.91903999991085,24.84088000062836,0 88.91974999947288,24.8406000001264,0 88.92039000037066,24.84032999993802,0 88.92105999979371,24.8401299998596,0 88.9217100006784,24.83996000037402,0 
					</coordinates>
				</LineString>
			</MultiGeometry>
		</Placemark>
		<Placemark id="ID_00076">
			<name>Naogaon(HQ)</name>
			<snippet></snippet>
			<description><![CDATA[<html xmlns:fo="http://www.w3.org/1999/XSL/Format" xmlns:msxsl="urn:schemas-microsoft-com:xslt">

<head>

<META http-equiv="Content-Type" content="text/html">

<meta http-equiv="content-type" content="text/html; charset=UTF-8">

</head>

<body style="margin:0px 0px 0px 0px;overflow:auto;background:#FFFFFF;">

<table style="font-family:Arial,Verdana,Times;font-size:12px;text-align:left;width:100%;border-collapse:collapse;padding:3px 3px 3px 3px">

<tr style="text-align:center;font-weight:bold;background:#9CBCE2">

<td>Naogaon PBS-1</td>

</tr>

<tr>

<td>

<table style="font-family:Arial,Verdana,Times;font-size:12px;text-align:left;width:100%;border-spacing:0px; padding:3px 3px 3px 3px">

<tr>

<td>PBS_Name</td>

<td>Naogaon PBS-1</td>

</tr>

<tr bgcolor="#D4E4F3">

<td>Surv_Date</td>

<td>2020-12-17</td>

</tr>

<tr>

<td>Proc_Date</td>

<td>2020-12-20</td>

</tr>

<tr bgcolor="#D4E4F3">

<td>Contd_Grid</td>

<td>Naogaon</td>

</tr>

<tr>

<td>Contd_SS</td>

<td>Naogaon-1 (HQ)</td>

</tr>

<tr bgcolor="#D4E4F3">

<td>Feeder_N</td>

<td>Naogaon(HQ)</td>

</tr>

<tr>

<td>Feeder_Typ</td>

<td>Main</td>

</tr>

<tr bgcolor="#D4E4F3">

<td>Circuit</td>

<td>1</td>

</tr>

<tr>

<td>Con_KV</td>

<td>33</td>

</tr>

<tr bgcolor="#D4E4F3">

<td>Con_Size</td>

<td>477 MCM</td>

</tr>

<tr>

<td>Spn_Len_M</td>

<td>0</td>

</tr>

<tr bgcolor="#D4E4F3">

<td>Length_M</td>

<td>39.608324</td>

</tr>

<tr>

<td>Mileage_KM</td>

<td>0.039608</td>

</tr>

<tr bgcolor="#D4E4F3">

<td>Legend</td>

<td></td>

</tr>

<tr>

<td>Assigned</td>

<td>Mahmuda</td>

</tr>

<tr bgcolor="#D4E4F3">

<td>FY</td>

<td>2020-21</td>

</tr>

<tr>

<td>Remarks</td>

<td></td>

</tr>

<tr bgcolor="#D4E4F3">

<td>Project</td>

<td></td>

</tr>

<tr>

<td>PkDemandMW</td>

<td>8.85</td>

</tr>

</table>

</td>

</tr>

</table>

</body><script type="text/javascript">

				function changeImage(attElement, nameElement) {

				document.getElementById('imageAttachment').src = attElement;

				document.getElementById('imageName').innerHTML = nameElement;}

			</script></html>]]></description>
			<styleUrl>#LineStyle001</styleUrl>
			<MultiGeometry>
				<LineString>
					<tessellate>1</tessellate>
					<coordinates>
						88.91398000031695,24.835257900456,0 88.91404012683437,24.8354857330193,0 88.91407999127777,24.83560344234632,0 
					</coordinates>
				</LineString>
			</MultiGeometry>
		</Placemark>
		<Placemark id="ID_00077">
			<name>Naogaon(HQ)</name>
			<snippet></snippet>
			<description><![CDATA[<html xmlns:fo="http://www.w3.org/1999/XSL/Format" xmlns:msxsl="urn:schemas-microsoft-com:xslt">

<head>

<META http-equiv="Content-Type" content="text/html">

<meta http-equiv="content-type" content="text/html; charset=UTF-8">

</head>

<body style="margin:0px 0px 0px 0px;overflow:auto;background:#FFFFFF;">

<table style="font-family:Arial,Verdana,Times;font-size:12px;text-align:left;width:100%;border-collapse:collapse;padding:3px 3px 3px 3px">

<tr style="text-align:center;font-weight:bold;background:#9CBCE2">

<td>Naogaon PBS-1</td>

</tr>

<tr>

<td>

<table style="font-family:Arial,Verdana,Times;font-size:12px;text-align:left;width:100%;border-spacing:0px; padding:3px 3px 3px 3px">

<tr>

<td>PBS_Name</td>

<td>Naogaon PBS-1</td>

</tr>

<tr bgcolor="#D4E4F3">

<td>Surv_Date</td>

<td>2020-12-17</td>

</tr>

<tr>

<td>Proc_Date</td>

<td>2020-12-20</td>

</tr>

<tr bgcolor="#D4E4F3">

<td>Contd_Grid</td>

<td>Naogaon</td>

</tr>

<tr>

<td>Contd_SS</td>

<td>Naogaon-1 (HQ)</td>

</tr>

<tr bgcolor="#D4E4F3">

<td>Feeder_N</td>

<td>Naogaon(HQ)</td>

</tr>

<tr>

<td>Feeder_Typ</td>

<td>Main</td>

</tr>

<tr bgcolor="#D4E4F3">

<td>Circuit</td>

<td>1</td>

</tr>

<tr>

<td>Con_KV</td>

<td>33</td>

</tr>

<tr bgcolor="#D4E4F3">

<td>Con_Size</td>

<td>477 MCM</td>

</tr>

<tr>

<td>Spn_Len_M</td>

<td>0</td>

</tr>

<tr bgcolor="#D4E4F3">

<td>Length_M</td>

<td>4263.787024</td>

</tr>

<tr>

<td>Mileage_KM</td>

<td>4.263787</td>

</tr>

<tr bgcolor="#D4E4F3">

<td>Legend</td>

<td></td>

</tr>

<tr>

<td>Assigned</td>

<td>Mahmuda</td>

</tr>

<tr bgcolor="#D4E4F3">

<td>FY</td>

<td>2020-21</td>

</tr>

<tr>

<td>Remarks</td>

<td></td>

</tr>

<tr bgcolor="#D4E4F3">

<td>Project</td>

<td></td>

</tr>

<tr>

<td>PkDemandMW</td>

<td>8.85</td>

</tr>

</table>

</td>

</tr>

</table>

</body><script type="text/javascript">

				function changeImage(attElement, nameElement) {

				document.getElementById('imageAttachment').src = attElement;

				document.getElementById('imageName').innerHTML = nameElement;}

			</script></html>]]></description>
			<styleUrl>#LineStyle001</styleUrl>
			<MultiGeometry>
				<LineString>
					<tessellate>1</tessellate>
					<coordinates>
						88.92782766503055,24.80168430310813,0 88.92787000009869,24.80238999955105,0 88.92787999994228,24.80313999957207,0 88.92791999958351,24.80384999979644,0 88.92794999985657,24.80458999974532,0 88.92794000044182,24.8052000002527,0 88.92802000041357,24.80607999987167,0 88.92804000024621,24.8068200002777,0 88.92807000015355,24.80769000021855,0 88.928030145638,24.80840815520934,0 88.92782999917937,24.80905000012361,0 88.9275799996571,24.80957999958536,0 88.92718999980404,24.8104499996198,0 88.92689999983038,24.81114999969286,0 88.92668000036154,24.81173000014328,0 88.92637000021205,24.81244000006479,0 88.92607999961565,24.81313999973155,0 88.92577999970503,24.81377000009086,0 88.92567999997755,24.81409999984889,0 88.92531999988628,24.81485000031917,0 88.92508377846798,24.81560477746755,0 88.92467999977715,24.81646000001486,0 88.9243800004612,24.81708000042514,0 88.92420999987716,24.81767000012739,0 88.92392000036247,24.81818999980739,0 88.92373000010886,24.81870999969091,0 88.9234500003371,24.81939000034349,0 88.92320000018658,24.82002999980173,0 88.92297000006468,24.82057999978926,0 88.92264000047437,24.82134999960295,0 88.92246000042876,24.82172000033251,0 88.92201999993472,24.82238000000807,0 88.92158999955025,24.82287999955587,0 88.92127000013902,24.82340999983803,0 88.9207699998714,24.82402000031398,0 88.920279999966,24.82461000020859,0 88.91982000042108,24.8252299997974,0 88.91931999963946,24.82586000021778,0 88.91890999998991,24.82641999980708,0 88.91862999999697,24.82688000034286,0 88.91832000039072,24.82724000039846,0 88.91814000006363,24.8275099998144,0 88.91770999961405,24.82812999961152,0 88.91718000007347,24.82878000008096,0 88.91682000048414,24.82922999973589,0 88.91614300669291,24.82974749207457,0 88.91538377506288,24.83041649545406,0 88.9151722132333,24.83112625238461,0 88.91489724325091,24.83162781231151,0 88.91444000044636,24.83240000040619,0 88.91415999982908,24.83282999989718,0 88.91376999997564,24.83331000002891,0 88.91330999968201,24.83391999970665,0 88.91319736813342,24.83422445163121,0 88.9131396763444,24.83464320706596,0 88.91314807623395,24.83501931392617,0 88.91316064990596,24.83541149135729,0 88.91368492194654,24.83584465975497,0 88.91407999127777,24.83560344234632,0 
					</coordinates>
				</LineString>
			</MultiGeometry>
		</Placemark>
		<Placemark id="ID_00078">
			<name>Naogaon(HQ)</name>
			<snippet></snippet>
			<description><![CDATA[<html xmlns:fo="http://www.w3.org/1999/XSL/Format" xmlns:msxsl="urn:schemas-microsoft-com:xslt">

<head>

<META http-equiv="Content-Type" content="text/html">

<meta http-equiv="content-type" content="text/html; charset=UTF-8">

</head>

<body style="margin:0px 0px 0px 0px;overflow:auto;background:#FFFFFF;">

<table style="font-family:Arial,Verdana,Times;font-size:12px;text-align:left;width:100%;border-collapse:collapse;padding:3px 3px 3px 3px">

<tr style="text-align:center;font-weight:bold;background:#9CBCE2">

<td>Naogaon PBS-1</td>

</tr>

<tr>

<td>

<table style="font-family:Arial,Verdana,Times;font-size:12px;text-align:left;width:100%;border-spacing:0px; padding:3px 3px 3px 3px">

<tr>

<td>PBS_Name</td>

<td>Naogaon PBS-1</td>

</tr>

<tr bgcolor="#D4E4F3">

<td>Surv_Date</td>

<td>2020-12-17</td>

</tr>

<tr>

<td>Proc_Date</td>

<td>2020-12-20</td>

</tr>

<tr bgcolor="#D4E4F3">

<td>Contd_Grid</td>

<td>Naogaon</td>

</tr>

<tr>

<td>Contd_SS</td>

<td>Naogaon-1 (HQ)</td>

</tr>

<tr bgcolor="#D4E4F3">

<td>Feeder_N</td>

<td>Naogaon(HQ)</td>

</tr>

<tr>

<td>Feeder_Typ</td>

<td>Main</td>

</tr>

<tr bgcolor="#D4E4F3">

<td>Circuit</td>

<td>1</td>

</tr>

<tr>

<td>Con_KV</td>

<td>33</td>

</tr>

<tr bgcolor="#D4E4F3">

<td>Con_Size</td>

<td>477 MCM</td>

</tr>

<tr>

<td>Spn_Len_M</td>

<td>0</td>

</tr>

<tr bgcolor="#D4E4F3">

<td>Length_M</td>

<td>15.749942</td>

</tr>

<tr>

<td>Mileage_KM</td>

<td>0.01575</td>

</tr>

<tr bgcolor="#D4E4F3">

<td>Legend</td>

<td></td>

</tr>

<tr>

<td>Assigned</td>

<td>Mahmuda</td>

</tr>

<tr bgcolor="#D4E4F3">

<td>FY</td>

<td>2020-21</td>

</tr>

<tr>

<td>Remarks</td>

<td></td>

</tr>

<tr bgcolor="#D4E4F3">

<td>Project</td>

<td></td>

</tr>

<tr>

<td>PkDemandMW</td>

<td>8.85</td>

</tr>

</table>

</td>

</tr>

</table>

</body><script type="text/javascript">

				function changeImage(attElement, nameElement) {

				document.getElementById('imageAttachment').src = attElement;

				document.getElementById('imageName').innerHTML = nameElement;}

			</script></html>]]></description>
			<styleUrl>#LineStyle001</styleUrl>
			<MultiGeometry>
				<LineString>
					<tessellate>1</tessellate>
					<coordinates>
						88.91407999127777,24.83560344234632,0 88.91414215667588,24.83556047892292,0 88.91419702889176,24.8355101237808,0 
					</coordinates>
				</LineString>
			</MultiGeometry>
		</Placemark>
		<Placemark id="ID_00079">
			<name>Naogaon(HQ)</name>
			<snippet></snippet>
			<description><![CDATA[<html xmlns:fo="http://www.w3.org/1999/XSL/Format" xmlns:msxsl="urn:schemas-microsoft-com:xslt">

<head>

<META http-equiv="Content-Type" content="text/html">

<meta http-equiv="content-type" content="text/html; charset=UTF-8">

</head>

<body style="margin:0px 0px 0px 0px;overflow:auto;background:#FFFFFF;">

<table style="font-family:Arial,Verdana,Times;font-size:12px;text-align:left;width:100%;border-collapse:collapse;padding:3px 3px 3px 3px">

<tr style="text-align:center;font-weight:bold;background:#9CBCE2">

<td>Naogaon PBS-1</td>

</tr>

<tr>

<td>

<table style="font-family:Arial,Verdana,Times;font-size:12px;text-align:left;width:100%;border-spacing:0px; padding:3px 3px 3px 3px">

<tr>

<td>PBS_Name</td>

<td>Naogaon PBS-1</td>

</tr>

<tr bgcolor="#D4E4F3">

<td>Surv_Date</td>

<td>2020-12-17</td>

</tr>

<tr>

<td>Proc_Date</td>

<td>2020-12-20</td>

</tr>

<tr bgcolor="#D4E4F3">

<td>Contd_Grid</td>

<td>Naogaon</td>

</tr>

<tr>

<td>Contd_SS</td>

<td>Naogaon-1 (HQ)</td>

</tr>

<tr bgcolor="#D4E4F3">

<td>Feeder_N</td>

<td>Naogaon(HQ)</td>

</tr>

<tr>

<td>Feeder_Typ</td>

<td>Main</td>

</tr>

<tr bgcolor="#D4E4F3">

<td>Circuit</td>

<td>1</td>

</tr>

<tr>

<td>Con_KV</td>

<td>33</td>

</tr>

<tr bgcolor="#D4E4F3">

<td>Con_Size</td>

<td>477 MCM</td>

</tr>

<tr>

<td>Spn_Len_M</td>

<td>0</td>

</tr>

<tr bgcolor="#D4E4F3">

<td>Length_M</td>

<td>35.524933</td>

</tr>

<tr>

<td>Mileage_KM</td>

<td>0.035525</td>

</tr>

<tr bgcolor="#D4E4F3">

<td>Legend</td>

<td></td>

</tr>

<tr>

<td>Assigned</td>

<td>Mahmuda</td>

</tr>

<tr bgcolor="#D4E4F3">

<td>FY</td>

<td>2020-21</td>

</tr>

<tr>

<td>Remarks</td>

<td></td>

</tr>

<tr bgcolor="#D4E4F3">

<td>Project</td>

<td></td>

</tr>

<tr>

<td>PkDemandMW</td>

<td>8.85</td>

</tr>

</table>

</td>

</tr>

</table>

</body><script type="text/javascript">

				function changeImage(attElement, nameElement) {

				document.getElementById('imageAttachment').src = attElement;

				document.getElementById('imageName').innerHTML = nameElement;}

			</script></html>]]></description>
			<styleUrl>#LineStyle001</styleUrl>
			<MultiGeometry>
				<LineString>
					<tessellate>1</tessellate>
					<coordinates>
						88.91419702889176,24.8355101237808,0 88.91398000031695,24.835257900456,0 
					</coordinates>
				</LineString>
			</MultiGeometry>
		</Placemark>
		<Placemark id="ID_00080">
			<name>Niamotpur-3 (Hazinagor)</name>
			<snippet></snippet>
			<description><![CDATA[<html xmlns:fo="http://www.w3.org/1999/XSL/Format" xmlns:msxsl="urn:schemas-microsoft-com:xslt">

<head>

<META http-equiv="Content-Type" content="text/html">

<meta http-equiv="content-type" content="text/html; charset=UTF-8">

</head>

<body style="margin:0px 0px 0px 0px;overflow:auto;background:#FFFFFF;">

<table style="font-family:Arial,Verdana,Times;font-size:12px;text-align:left;width:100%;border-collapse:collapse;padding:3px 3px 3px 3px">

<tr style="text-align:center;font-weight:bold;background:#9CBCE2">

<td>Naogaon PBS-1</td>

</tr>

<tr>

<td>

<table style="font-family:Arial,Verdana,Times;font-size:12px;text-align:left;width:100%;border-spacing:0px; padding:3px 3px 3px 3px">

<tr>

<td>PBS_Name</td>

<td>Naogaon PBS-1</td>

</tr>

<tr bgcolor="#D4E4F3">

<td>Surv_Date</td>

<td>2021-01-13</td>

</tr>

<tr>

<td>Proc_Date</td>

<td>2021-01-17</td>

</tr>

<tr bgcolor="#D4E4F3">

<td>Contd_Grid</td>

<td>Niamotpur</td>

</tr>

<tr>

<td>Contd_SS</td>

<td>-</td>

</tr>

<tr bgcolor="#D4E4F3">

<td>Feeder_N</td>

<td>Niamotpur-3 (Hazinagor)</td>

</tr>

<tr>

<td>Feeder_Typ</td>

<td>Main</td>

</tr>

<tr bgcolor="#D4E4F3">

<td>Circuit</td>

<td>1</td>

</tr>

<tr>

<td>Con_KV</td>

<td>33</td>

</tr>

<tr bgcolor="#D4E4F3">

<td>Con_Size</td>

<td>477 MCM</td>

</tr>

<tr>

<td>Spn_Len_M</td>

<td>0</td>

</tr>

<tr bgcolor="#D4E4F3">

<td>Length_M</td>

<td>945.489823</td>

</tr>

<tr>

<td>Mileage_KM</td>

<td>0.94549</td>

</tr>

<tr bgcolor="#D4E4F3">

<td>Legend</td>

<td>Niamotpur Grid-Niamotpur-3 (Hazinagor)</td>

</tr>

<tr>

<td>Assigned</td>

<td>Mahmuda</td>

</tr>

<tr bgcolor="#D4E4F3">

<td>FY</td>

<td>2020-21</td>

</tr>

<tr>

<td>Remarks</td>

<td>Source from Naogaon PBS-2</td>

</tr>

<tr bgcolor="#D4E4F3">

<td>Project</td>

<td></td>

</tr>

<tr>

<td>PkDemandMW</td>

<td>5</td>

</tr>

</table>

</td>

</tr>

</table>

</body><script type="text/javascript">

				function changeImage(attElement, nameElement) {

				document.getElementById('imageAttachment').src = attElement;

				document.getElementById('imageName').innerHTML = nameElement;}

			</script></html>]]></description>
			<styleUrl>#LineStyle001</styleUrl>
			<MultiGeometry>
				<LineString>
					<tessellate>1</tessellate>
					<coordinates>
						88.57738999993035,24.91373000013569,0 88.57693999956889,24.91390000026336,0 88.5766099996071,24.9139799997814,0 88.57627000025819,24.91404999996777,0 88.57580999966778,24.9141400001173,0 88.57536000019923,24.91424000024152,0 88.57496000019721,24.9143199998988,0 88.57456000014083,24.91442000040333,0 88.57421000039005,24.9144799999582,0 88.57379999952998,24.91458000021897,0 88.5734799996616,24.91464000014926,0 88.57317000018531,24.91471000003068,0 88.57279999979679,24.91478999979609,0 88.57245999965058,24.91485999958202,0 88.57209999989016,24.91493999961532,0 88.57177000048731,24.91500999985208,0 88.57139000048704,24.9150899995682,0 88.57100000031245,24.9151699998692,0 88.57060999958873,24.91525000007632,0 88.57023000008206,24.91541999968185,0 88.5699099999688,24.91555999980041,0 88.56956999972246,24.91570000033321,0 88.56925000006729,24.91583999998357,0 88.56889000038721,24.91600000016976,0 88.56849999990416,24.91623000002668,0 
					</coordinates>
				</LineString>
			</MultiGeometry>
		</Placemark>
		<Placemark id="ID_00081">
			<name>Niamotpur-3 (Hazinagor)</name>
			<snippet></snippet>
			<description><![CDATA[<html xmlns:fo="http://www.w3.org/1999/XSL/Format" xmlns:msxsl="urn:schemas-microsoft-com:xslt">

<head>

<META http-equiv="Content-Type" content="text/html">

<meta http-equiv="content-type" content="text/html; charset=UTF-8">

</head>

<body style="margin:0px 0px 0px 0px;overflow:auto;background:#FFFFFF;">

<table style="font-family:Arial,Verdana,Times;font-size:12px;text-align:left;width:100%;border-collapse:collapse;padding:3px 3px 3px 3px">

<tr style="text-align:center;font-weight:bold;background:#9CBCE2">

<td>Naogaon PBS-1</td>

</tr>

<tr>

<td>

<table style="font-family:Arial,Verdana,Times;font-size:12px;text-align:left;width:100%;border-spacing:0px; padding:3px 3px 3px 3px">

<tr>

<td>PBS_Name</td>

<td>Naogaon PBS-1</td>

</tr>

<tr bgcolor="#D4E4F3">

<td>Surv_Date</td>

<td>2025-02-18</td>

</tr>

<tr>

<td>Proc_Date</td>

<td>2025-07-20</td>

</tr>

<tr bgcolor="#D4E4F3">

<td>Contd_Grid</td>

<td>Niamotpur</td>

</tr>

<tr>

<td>Contd_SS</td>

<td>Niamotpur-3 (Hazinagor)</td>

</tr>

<tr bgcolor="#D4E4F3">

<td>Feeder_N</td>

<td>Niamotpur-3 (Hazinagor)</td>

</tr>

<tr>

<td>Feeder_Typ</td>

<td>Main</td>

</tr>

<tr bgcolor="#D4E4F3">

<td>Circuit</td>

<td>1</td>

</tr>

<tr>

<td>Con_KV</td>

<td>33</td>

</tr>

<tr bgcolor="#D4E4F3">

<td>Con_Size</td>

<td>477 MCM</td>

</tr>

<tr>

<td>Spn_Len_M</td>

<td>&lt;Null&gt;</td>

</tr>

<tr bgcolor="#D4E4F3">

<td>Length_M</td>

<td>83.085599</td>

</tr>

<tr>

<td>Mileage_KM</td>

<td>0.083086</td>

</tr>

<tr bgcolor="#D4E4F3">

<td>Legend</td>

<td>Niamotpur Grid-Niamotpur-3 (Hazinagor)</td>

</tr>

<tr>

<td>Assigned</td>

<td>REB GIS</td>

</tr>

<tr bgcolor="#D4E4F3">

<td>FY</td>

<td>2024-25</td>

</tr>

<tr>

<td>Remarks</td>

<td>&lt;Null&gt;</td>

</tr>

<tr bgcolor="#D4E4F3">

<td>Project</td>

<td>&lt;Null&gt;</td>

</tr>

<tr>

<td>PkDemandMW</td>

<td>&lt;Null&gt;</td>

</tr>

</table>

</td>

</tr>

</table>

</body><script type="text/javascript">

				function changeImage(attElement, nameElement) {

				document.getElementById('imageAttachment').src = attElement;

				document.getElementById('imageName').innerHTML = nameElement;}

			</script></html>]]></description>
			<styleUrl>#LineStyle001</styleUrl>
			<MultiGeometry>
				<LineString>
					<tessellate>1</tessellate>
					<coordinates>
						88.58347559736816,24.83457490924896,0 88.58405299970518,24.83404100035811,0 
					</coordinates>
				</LineString>
			</MultiGeometry>
		</Placemark>
		<Placemark id="ID_00082">
			<name>Niamotpur-1</name>
			<snippet></snippet>
			<description><![CDATA[<html xmlns:fo="http://www.w3.org/1999/XSL/Format" xmlns:msxsl="urn:schemas-microsoft-com:xslt">

<head>

<META http-equiv="Content-Type" content="text/html">

<meta http-equiv="content-type" content="text/html; charset=UTF-8">

</head>

<body style="margin:0px 0px 0px 0px;overflow:auto;background:#FFFFFF;">

<table style="font-family:Arial,Verdana,Times;font-size:12px;text-align:left;width:100%;border-collapse:collapse;padding:3px 3px 3px 3px">

<tr style="text-align:center;font-weight:bold;background:#9CBCE2">

<td>Naogaon PBS-1</td>

</tr>

<tr>

<td>

<table style="font-family:Arial,Verdana,Times;font-size:12px;text-align:left;width:100%;border-spacing:0px; padding:3px 3px 3px 3px">

<tr>

<td>PBS_Name</td>

<td>Naogaon PBS-1</td>

</tr>

<tr bgcolor="#D4E4F3">

<td>Surv_Date</td>

<td>2018-05-15</td>

</tr>

<tr>

<td>Proc_Date</td>

<td>2018-06-11</td>

</tr>

<tr bgcolor="#D4E4F3">

<td>Contd_Grid</td>

<td>Niamotpur</td>

</tr>

<tr>

<td>Contd_SS</td>

<td>Niamotpur-1</td>

</tr>

<tr bgcolor="#D4E4F3">

<td>Feeder_N</td>

<td>Niamotpur-1</td>

</tr>

<tr>

<td>Feeder_Typ</td>

<td>Main</td>

</tr>

<tr bgcolor="#D4E4F3">

<td>Circuit</td>

<td>1</td>

</tr>

<tr>

<td>Con_KV</td>

<td>33</td>

</tr>

<tr bgcolor="#D4E4F3">

<td>Con_Size</td>

<td>477 MCM</td>

</tr>

<tr>

<td>Spn_Len_M</td>

<td>0</td>

</tr>

<tr bgcolor="#D4E4F3">

<td>Length_M</td>

<td>107.928524</td>

</tr>

<tr>

<td>Mileage_KM</td>

<td>0.107929</td>

</tr>

<tr bgcolor="#D4E4F3">

<td>Legend</td>

<td></td>

</tr>

<tr>

<td>Assigned</td>

<td>REB GIS</td>

</tr>

<tr bgcolor="#D4E4F3">

<td>FY</td>

<td>2017-18</td>

</tr>

<tr>

<td>Remarks</td>

<td>Reported</td>

</tr>

<tr bgcolor="#D4E4F3">

<td>Project</td>

<td></td>

</tr>

<tr>

<td>PkDemandMW</td>

<td>12.15</td>

</tr>

</table>

</td>

</tr>

</table>

</body><script type="text/javascript">

				function changeImage(attElement, nameElement) {

				document.getElementById('imageAttachment').src = attElement;

				document.getElementById('imageName').innerHTML = nameElement;}

			</script></html>]]></description>
			<styleUrl>#LineStyle001</styleUrl>
			<MultiGeometry>
				<LineString>
					<tessellate>1</tessellate>
					<coordinates>
						88.58347559736816,24.83457490924896,0 88.58338655180434,24.83425558431552,0 88.58356000043247,24.83419999940295,0 88.58405300069447,24.83404100034762,0 
					</coordinates>
				</LineString>
			</MultiGeometry>
		</Placemark>
		<Placemark id="ID_00083">
			<name>Niamotpur-1/Niamotpur-3 (Hazinagor)</name>
			<snippet></snippet>
			<description><![CDATA[<html xmlns:fo="http://www.w3.org/1999/XSL/Format" xmlns:msxsl="urn:schemas-microsoft-com:xslt">

<head>

<META http-equiv="Content-Type" content="text/html">

<meta http-equiv="content-type" content="text/html; charset=UTF-8">

</head>

<body style="margin:0px 0px 0px 0px;overflow:auto;background:#FFFFFF;">

<table style="font-family:Arial,Verdana,Times;font-size:12px;text-align:left;width:100%;border-collapse:collapse;padding:3px 3px 3px 3px">

<tr style="text-align:center;font-weight:bold;background:#9CBCE2">

<td>Naogaon PBS-1</td>

</tr>

<tr>

<td>

<table style="font-family:Arial,Verdana,Times;font-size:12px;text-align:left;width:100%;border-spacing:0px; padding:3px 3px 3px 3px">

<tr>

<td>PBS_Name</td>

<td>Naogaon PBS-1</td>

</tr>

<tr bgcolor="#D4E4F3">

<td>Surv_Date</td>

<td>2018-05-15</td>

</tr>

<tr>

<td>Proc_Date</td>

<td>2018-06-11</td>

</tr>

<tr bgcolor="#D4E4F3">

<td>Contd_Grid</td>

<td>Niamotpur</td>

</tr>

<tr>

<td>Contd_SS</td>

<td>Niamotpur-1/Niamotpur-3 (Hazinagor)</td>

</tr>

<tr bgcolor="#D4E4F3">

<td>Feeder_N</td>

<td>Niamotpur-1/Niamotpur-3 (Hazinagor)</td>

</tr>

<tr>

<td>Feeder_Typ</td>

<td>Main</td>

</tr>

<tr bgcolor="#D4E4F3">

<td>Circuit</td>

<td>2</td>

</tr>

<tr>

<td>Con_KV</td>

<td>33</td>

</tr>

<tr bgcolor="#D4E4F3">

<td>Con_Size</td>

<td>477 MCM</td>

</tr>

<tr>

<td>Spn_Len_M</td>

<td>0</td>

</tr>

<tr bgcolor="#D4E4F3">

<td>Length_M</td>

<td>25.305057</td>

</tr>

<tr>

<td>Mileage_KM</td>

<td>0.05061</td>

</tr>

<tr bgcolor="#D4E4F3">

<td>Legend</td>

<td>Niamotpur Grid-Niamotpur-1/Niamotpur-3 (Hazinagor)</td>

</tr>

<tr>

<td>Assigned</td>

<td>REB GIS</td>

</tr>

<tr bgcolor="#D4E4F3">

<td>FY</td>

<td>2017-18</td>

</tr>

<tr>

<td>Remarks</td>

<td>Reported</td>

</tr>

<tr bgcolor="#D4E4F3">

<td>Project</td>

<td></td>

</tr>

<tr>

<td>PkDemandMW</td>

<td>12.15</td>

</tr>

</table>

</td>

</tr>

</table>

</body><script type="text/javascript">

				function changeImage(attElement, nameElement) {

				document.getElementById('imageAttachment').src = attElement;

				document.getElementById('imageName').innerHTML = nameElement;}

			</script></html>]]></description>
			<styleUrl>#LineStyle001</styleUrl>
			<MultiGeometry>
				<LineString>
					<tessellate>1</tessellate>
					<coordinates>
						88.58355999965188,24.83478999964061,0 88.58347559736816,24.83457490924896,0 
					</coordinates>
				</LineString>
			</MultiGeometry>
		</Placemark>
		<Placemark id="ID_00084">
			<name>Niamotpur-3 (Hazinagor)</name>
			<snippet></snippet>
			<description><![CDATA[<html xmlns:fo="http://www.w3.org/1999/XSL/Format" xmlns:msxsl="urn:schemas-microsoft-com:xslt">

<head>

<META http-equiv="Content-Type" content="text/html">

<meta http-equiv="content-type" content="text/html; charset=UTF-8">

</head>

<body style="margin:0px 0px 0px 0px;overflow:auto;background:#FFFFFF;">

<table style="font-family:Arial,Verdana,Times;font-size:12px;text-align:left;width:100%;border-collapse:collapse;padding:3px 3px 3px 3px">

<tr style="text-align:center;font-weight:bold;background:#9CBCE2">

<td>Naogaon PBS-1</td>

</tr>

<tr>

<td>

<table style="font-family:Arial,Verdana,Times;font-size:12px;text-align:left;width:100%;border-spacing:0px; padding:3px 3px 3px 3px">

<tr>

<td>PBS_Name</td>

<td>Naogaon PBS-1</td>

</tr>

<tr bgcolor="#D4E4F3">

<td>Surv_Date</td>

<td>2025-02-18</td>

</tr>

<tr>

<td>Proc_Date</td>

<td>2025-07-20</td>

</tr>

<tr bgcolor="#D4E4F3">

<td>Contd_Grid</td>

<td>Niamotpur</td>

</tr>

<tr>

<td>Contd_SS</td>

<td>Niamotpur-3 (Hazinagor)</td>

</tr>

<tr bgcolor="#D4E4F3">

<td>Feeder_N</td>

<td>Niamotpur-3 (Hazinagor)</td>

</tr>

<tr>

<td>Feeder_Typ</td>

<td>Main</td>

</tr>

<tr bgcolor="#D4E4F3">

<td>Circuit</td>

<td>1</td>

</tr>

<tr>

<td>Con_KV</td>

<td>33</td>

</tr>

<tr bgcolor="#D4E4F3">

<td>Con_Size</td>

<td>477 MCM</td>

</tr>

<tr>

<td>Spn_Len_M</td>

<td>&lt;Null&gt;</td>

</tr>

<tr bgcolor="#D4E4F3">

<td>Length_M</td>

<td>86.12235</td>

</tr>

<tr>

<td>Mileage_KM</td>

<td>0.086122</td>

</tr>

<tr bgcolor="#D4E4F3">

<td>Legend</td>

<td>Niamotpur Grid-Niamotpur-3 (Hazinagor)</td>

</tr>

<tr>

<td>Assigned</td>

<td>REB GIS</td>

</tr>

<tr bgcolor="#D4E4F3">

<td>FY</td>

<td>2024-25</td>

</tr>

<tr>

<td>Remarks</td>

<td>&lt;Null&gt;</td>

</tr>

<tr bgcolor="#D4E4F3">

<td>Project</td>

<td>&lt;Null&gt;</td>

</tr>

<tr>

<td>PkDemandMW</td>

<td>&lt;Null&gt;</td>

</tr>

</table>

</td>

</tr>

</table>

</body><script type="text/javascript">

				function changeImage(attElement, nameElement) {

				document.getElementById('imageAttachment').src = attElement;

				document.getElementById('imageName').innerHTML = nameElement;}

			</script></html>]]></description>
			<styleUrl>#LineStyle001</styleUrl>
			<MultiGeometry>
				<LineString>
					<tessellate>1</tessellate>
					<coordinates>
						88.58283000010076,24.83518000011529,0 88.58316000020858,24.83495000023547,0 88.58340000016766,24.83484999995211,0 88.58355999965188,24.83478999964061,0 
					</coordinates>
				</LineString>
			</MultiGeometry>
		</Placemark>
		<Placemark id="ID_00085">
			<name>Niamotpur-2/Niamotpur-3 (Hazinagor)</name>
			<snippet></snippet>
			<description><![CDATA[<html xmlns:fo="http://www.w3.org/1999/XSL/Format" xmlns:msxsl="urn:schemas-microsoft-com:xslt">

<head>

<META http-equiv="Content-Type" content="text/html">

<meta http-equiv="content-type" content="text/html; charset=UTF-8">

</head>

<body style="margin:0px 0px 0px 0px;overflow:auto;background:#FFFFFF;">

<table style="font-family:Arial,Verdana,Times;font-size:12px;text-align:left;width:100%;border-collapse:collapse;padding:3px 3px 3px 3px">

<tr style="text-align:center;font-weight:bold;background:#9CBCE2">

<td>Naogaon PBS-1</td>

</tr>

<tr>

<td>

<table style="font-family:Arial,Verdana,Times;font-size:12px;text-align:left;width:100%;border-spacing:0px; padding:3px 3px 3px 3px">

<tr>

<td>PBS_Name</td>

<td>Naogaon PBS-1</td>

</tr>

<tr bgcolor="#D4E4F3">

<td>Surv_Date</td>

<td>2025-02-18</td>

</tr>

<tr>

<td>Proc_Date</td>

<td>2025-07-20</td>

</tr>

<tr bgcolor="#D4E4F3">

<td>Contd_Grid</td>

<td>Niamotpur</td>

</tr>

<tr>

<td>Contd_SS</td>

<td>Niamotpur-2/Niamotpur-3 (Hazinagor)</td>

</tr>

<tr bgcolor="#D4E4F3">

<td>Feeder_N</td>

<td>Niamotpur-2/Niamotpur-3 (Hazinagor)</td>

</tr>

<tr>

<td>Feeder_Typ</td>

<td>Main</td>

</tr>

<tr bgcolor="#D4E4F3">

<td>Circuit</td>

<td>2</td>

</tr>

<tr>

<td>Con_KV</td>

<td>33</td>

</tr>

<tr bgcolor="#D4E4F3">

<td>Con_Size</td>

<td>477 MCM</td>

</tr>

<tr>

<td>Spn_Len_M</td>

<td>&lt;Null&gt;</td>

</tr>

<tr bgcolor="#D4E4F3">

<td>Length_M</td>

<td>1287.532004</td>

</tr>

<tr>

<td>Mileage_KM</td>

<td>2.575064</td>

</tr>

<tr bgcolor="#D4E4F3">

<td>Legend</td>

<td>Niamotpur Grid-Niamotpur-2/Niamotpur-3 (Hazinagor)</td>

</tr>

<tr>

<td>Assigned</td>

<td>REB GIS</td>

</tr>

<tr bgcolor="#D4E4F3">

<td>FY</td>

<td>2024-25</td>

</tr>

<tr>

<td>Remarks</td>

<td>&lt;Null&gt;</td>

</tr>

<tr bgcolor="#D4E4F3">

<td>Project</td>

<td>&lt;Null&gt;</td>

</tr>

<tr>

<td>PkDemandMW</td>

<td>&lt;Null&gt;</td>

</tr>

</table>

</td>

</tr>

</table>

</body><script type="text/javascript">

				function changeImage(attElement, nameElement) {

				document.getElementById('imageAttachment').src = attElement;

				document.getElementById('imageName').innerHTML = nameElement;}

			</script></html>]]></description>
			<styleUrl>#LineStyle001</styleUrl>
			<MultiGeometry>
				<LineString>
					<tessellate>1</tessellate>
					<coordinates>
						88.57228000041256,24.83797999958346,0 88.57276999966706,24.83794999982114,0 88.57334999981505,24.83786999958444,0 88.57399000039904,24.83785799962615,0 88.57451999990336,24.83779000017937,0 88.57513000044968,24.83775999959398,0 88.57561000039321,24.83771999966674,0 88.57622000005932,24.8376399998402,0 88.57688999987455,24.83759000003623,0 88.57751000011018,24.83750999962144,0 88.57812999962496,24.83749999985114,0 88.57883000046182,24.83741000000308,0 88.57931999971721,24.83730000043376,0 88.57981000013498,24.83725999971418,0 88.58066999963822,24.83717999966104,0 88.58129999974227,24.83712000004219,0 88.58178999957737,24.83705999986273,0 88.5823199998396,24.83699999983012,0 88.58302000042582,24.83692000009063,0 88.58297000032228,24.83659999957085,0 88.58297999952033,24.83617000008197,0 88.58292999980307,24.83562999958766,0 88.58283000010076,24.83518000011529,0 
					</coordinates>
				</LineString>
			</MultiGeometry>
		</Placemark>
		<Placemark id="ID_00086">
			<name>Niamotpur-2</name>
			<snippet></snippet>
			<description><![CDATA[<html xmlns:fo="http://www.w3.org/1999/XSL/Format" xmlns:msxsl="urn:schemas-microsoft-com:xslt">

<head>

<META http-equiv="Content-Type" content="text/html">

<meta http-equiv="content-type" content="text/html; charset=UTF-8">

</head>

<body style="margin:0px 0px 0px 0px;overflow:auto;background:#FFFFFF;">

<table style="font-family:Arial,Verdana,Times;font-size:12px;text-align:left;width:100%;border-collapse:collapse;padding:3px 3px 3px 3px">

<tr style="text-align:center;font-weight:bold;background:#9CBCE2">

<td>Naogaon PBS-1</td>

</tr>

<tr>

<td>

<table style="font-family:Arial,Verdana,Times;font-size:12px;text-align:left;width:100%;border-spacing:0px; padding:3px 3px 3px 3px">

<tr>

<td>PBS_Name</td>

<td>Naogaon PBS-1</td>

</tr>

<tr bgcolor="#D4E4F3">

<td>Surv_Date</td>

<td>2018-01-09</td>

</tr>

<tr>

<td>Proc_Date</td>

<td>2018-02-26</td>

</tr>

<tr bgcolor="#D4E4F3">

<td>Contd_Grid</td>

<td>Niamotpur</td>

</tr>

<tr>

<td>Contd_SS</td>

<td>Niamotpur-2</td>

</tr>

<tr bgcolor="#D4E4F3">

<td>Feeder_N</td>

<td>Niamotpur-2</td>

</tr>

<tr>

<td>Feeder_Typ</td>

<td>Main</td>

</tr>

<tr bgcolor="#D4E4F3">

<td>Circuit</td>

<td>1</td>

</tr>

<tr>

<td>Con_KV</td>

<td>33</td>

</tr>

<tr bgcolor="#D4E4F3">

<td>Con_Size</td>

<td>477 MCM</td>

</tr>

<tr>

<td>Spn_Len_M</td>

<td>0</td>

</tr>

<tr bgcolor="#D4E4F3">

<td>Length_M</td>

<td>231.221082</td>

</tr>

<tr>

<td>Mileage_KM</td>

<td>0.231221</td>

</tr>

<tr bgcolor="#D4E4F3">

<td>Legend</td>

<td></td>

</tr>

<tr>

<td>Assigned</td>

<td>REB GIS</td>

</tr>

<tr bgcolor="#D4E4F3">

<td>FY</td>

<td>2017-18</td>

</tr>

<tr>

<td>Remarks</td>

<td>Reported</td>

</tr>

<tr bgcolor="#D4E4F3">

<td>Project</td>

<td></td>

</tr>

<tr>

<td>PkDemandMW</td>

<td>12.10</td>

</tr>

</table>

</td>

</tr>

</table>

</body><script type="text/javascript">

				function changeImage(attElement, nameElement) {

				document.getElementById('imageAttachment').src = attElement;

				document.getElementById('imageName').innerHTML = nameElement;}

			</script></html>]]></description>
			<styleUrl>#LineStyle001</styleUrl>
			<MultiGeometry>
				<LineString>
					<tessellate>1</tessellate>
					<coordinates>
						88.58283000010076,24.83518000011529,0 88.58278999958125,24.83472999984151,0 88.58279900025431,24.83427999974447,0 88.58286399913278,24.83425800009006,0 88.58321600003079,24.83422600076008,0 88.58325199974927,24.83421300040064,0 88.58349999987567,24.83409000044033,0 88.58405300069447,24.83404100034762,0 
					</coordinates>
				</LineString>
			</MultiGeometry>
		</Placemark>
		<Placemark id="ID_00087">
			<name>Niamotpur-2</name>
			<snippet></snippet>
			<description><![CDATA[<html xmlns:fo="http://www.w3.org/1999/XSL/Format" xmlns:msxsl="urn:schemas-microsoft-com:xslt">

<head>

<META http-equiv="Content-Type" content="text/html">

<meta http-equiv="content-type" content="text/html; charset=UTF-8">

</head>

<body style="margin:0px 0px 0px 0px;overflow:auto;background:#FFFFFF;">

<table style="font-family:Arial,Verdana,Times;font-size:12px;text-align:left;width:100%;border-collapse:collapse;padding:3px 3px 3px 3px">

<tr style="text-align:center;font-weight:bold;background:#9CBCE2">

<td>Naogaon PBS-1</td>

</tr>

<tr>

<td>

<table style="font-family:Arial,Verdana,Times;font-size:12px;text-align:left;width:100%;border-spacing:0px; padding:3px 3px 3px 3px">

<tr>

<td>PBS_Name</td>

<td>Naogaon PBS-1</td>

</tr>

<tr bgcolor="#D4E4F3">

<td>Surv_Date</td>

<td>2018-01-09</td>

</tr>

<tr>

<td>Proc_Date</td>

<td>2018-02-26</td>

</tr>

<tr bgcolor="#D4E4F3">

<td>Contd_Grid</td>

<td>Niamotpur</td>

</tr>

<tr>

<td>Contd_SS</td>

<td>Niamotpur-2</td>

</tr>

<tr bgcolor="#D4E4F3">

<td>Feeder_N</td>

<td>Niamotpur-2</td>

</tr>

<tr>

<td>Feeder_Typ</td>

<td>Main</td>

</tr>

<tr bgcolor="#D4E4F3">

<td>Circuit</td>

<td>1</td>

</tr>

<tr>

<td>Con_KV</td>

<td>33</td>

</tr>

<tr bgcolor="#D4E4F3">

<td>Con_Size</td>

<td>477 MCM</td>

</tr>

<tr>

<td>Spn_Len_M</td>

<td>0</td>

</tr>

<tr bgcolor="#D4E4F3">

<td>Length_M</td>

<td>406.755555</td>

</tr>

<tr>

<td>Mileage_KM</td>

<td>0.406756</td>

</tr>

<tr bgcolor="#D4E4F3">

<td>Legend</td>

<td></td>

</tr>

<tr>

<td>Assigned</td>

<td>REB GIS</td>

</tr>

<tr bgcolor="#D4E4F3">

<td>FY</td>

<td>2017-18</td>

</tr>

<tr>

<td>Remarks</td>

<td>Reported</td>

</tr>

<tr bgcolor="#D4E4F3">

<td>Project</td>

<td></td>

</tr>

<tr>

<td>PkDemandMW</td>

<td>12.10</td>

</tr>

</table>

</td>

</tr>

</table>

</body><script type="text/javascript">

				function changeImage(attElement, nameElement) {

				document.getElementById('imageAttachment').src = attElement;

				document.getElementById('imageName').innerHTML = nameElement;}

			</script></html>]]></description>
			<styleUrl>#LineStyle001</styleUrl>
			<MultiGeometry>
				<LineString>
					<tessellate>1</tessellate>
					<coordinates>
						88.56851000037415,24.83822999978902,0 88.56860999987808,24.83817000015916,0 88.56925000111028,24.83792000030908,0 88.56990999940906,24.83788999976403,0 88.57027999946328,24.83784999957298,0 88.5706499999802,24.83776999965485,0 88.57108000035574,24.83813000052539,0 88.57161999958554,24.83806999980107,0 88.57228000041256,24.83797999958346,0 
					</coordinates>
				</LineString>
			</MultiGeometry>
		</Placemark>
		<Placemark id="ID_00088">
			<name>Niamotpur-3 (Hazinagor)</name>
			<snippet></snippet>
			<description><![CDATA[<html xmlns:fo="http://www.w3.org/1999/XSL/Format" xmlns:msxsl="urn:schemas-microsoft-com:xslt">

<head>

<META http-equiv="Content-Type" content="text/html">

<meta http-equiv="content-type" content="text/html; charset=UTF-8">

</head>

<body style="margin:0px 0px 0px 0px;overflow:auto;background:#FFFFFF;">

<table style="font-family:Arial,Verdana,Times;font-size:12px;text-align:left;width:100%;border-collapse:collapse;padding:3px 3px 3px 3px">

<tr style="text-align:center;font-weight:bold;background:#9CBCE2">

<td>Naogaon PBS-1</td>

</tr>

<tr>

<td>

<table style="font-family:Arial,Verdana,Times;font-size:12px;text-align:left;width:100%;border-spacing:0px; padding:3px 3px 3px 3px">

<tr>

<td>PBS_Name</td>

<td>Naogaon PBS-1</td>

</tr>

<tr bgcolor="#D4E4F3">

<td>Surv_Date</td>

<td>2025-02-18</td>

</tr>

<tr>

<td>Proc_Date</td>

<td>2025-07-20</td>

</tr>

<tr bgcolor="#D4E4F3">

<td>Contd_Grid</td>

<td>Niamotpur</td>

</tr>

<tr>

<td>Contd_SS</td>

<td>Niamotpur-3 (Hazinagor)</td>

</tr>

<tr bgcolor="#D4E4F3">

<td>Feeder_N</td>

<td>Niamotpur-3 (Hazinagor)</td>

</tr>

<tr>

<td>Feeder_Typ</td>

<td>Main</td>

</tr>

<tr bgcolor="#D4E4F3">

<td>Circuit</td>

<td>1</td>

</tr>

<tr>

<td>Con_KV</td>

<td>33</td>

</tr>

<tr bgcolor="#D4E4F3">

<td>Con_Size</td>

<td>477 MCM</td>

</tr>

<tr>

<td>Spn_Len_M</td>

<td>&lt;Null&gt;</td>

</tr>

<tr bgcolor="#D4E4F3">

<td>Length_M</td>

<td>9470.725559</td>

</tr>

<tr>

<td>Mileage_KM</td>

<td>9.470726</td>

</tr>

<tr bgcolor="#D4E4F3">

<td>Legend</td>

<td>Niamotpur Grid-Niamotpur-3 (Hazinagor)</td>

</tr>

<tr>

<td>Assigned</td>

<td>REB GIS</td>

</tr>

<tr bgcolor="#D4E4F3">

<td>FY</td>

<td>2024-25</td>

</tr>

<tr>

<td>Remarks</td>

<td>&lt;Null&gt;</td>

</tr>

<tr bgcolor="#D4E4F3">

<td>Project</td>

<td>&lt;Null&gt;</td>

</tr>

<tr>

<td>PkDemandMW</td>

<td>&lt;Null&gt;</td>

</tr>

</table>

</td>

</tr>

</table>

</body><script type="text/javascript">

				function changeImage(attElement, nameElement) {

				document.getElementById('imageAttachment').src = attElement;

				document.getElementById('imageName').innerHTML = nameElement;}

			</script></html>]]></description>
			<styleUrl>#LineStyle001</styleUrl>
			<MultiGeometry>
				<LineString>
					<tessellate>1</tessellate>
					<coordinates>
						88.56849999990416,24.91623000002668,0 88.56849999993412,24.91592999989071,0 88.56846999984874,24.91554999970974,0 88.56841085715232,24.91518946649787,0 88.56837999983567,24.91482000036677,0 88.56834000018753,24.91454999991544,0 88.56826000027688,24.91421000029785,0 88.56829000022536,24.91401000031525,0 88.56823999962057,24.91374000024684,0 88.56818000029106,24.91345000042976,0 88.56816000001271,24.91305999995699,0 88.56814999969902,24.91290999980072,0 88.56813170025548,24.91265894946856,0 88.56810000037221,24.91231000044228,0 88.56805000009133,24.91204000020747,0 88.56802000040159,24.91174999985229,0 88.56797999985902,24.91145000028082,0 88.56795999996793,24.9112899999563,0 88.56786000013059,24.91094999978828,0 88.56769999951028,24.91056999980883,0 88.56760999966376,24.91030999959584,0 88.56754020911185,24.9100885799905,0 88.56746000016638,24.90980999976587,0 88.56736000021139,24.90958000039403,0 88.56731000000887,24.90930999971426,0 88.56718000018927,24.90903000043116,0 88.56708000047163,24.90867000023692,0 88.56697000011853,24.90834000006927,0 88.5668099998033,24.90804000031604,0 88.56672000012843,24.907610000226,0 88.56671000020756,24.90737000040888,0 88.56655000015857,24.90710999968997,0 88.56641999990684,24.90677999955525,0 88.56634000012984,24.90656000008471,0 88.56618000020825,24.90602000012457,0 88.56607999963856,24.90580000011952,0 88.56601336948191,24.90548177240063,0 88.5659699997378,24.90516999992551,0 88.56598000039685,24.90491000012268,0 88.56597000045078,24.90467000011235,0 88.56618000037562,24.90444000017819,0 88.56633999997067,24.90414000035011,0 88.56654999968376,24.9038800001363,0 88.56668713453982,24.90366398153766,0 88.56685446312046,24.90344334150276,0 88.56705000026363,24.9032099999617,0 88.56728999952901,24.90291000017992,0 88.56745999982209,24.90262000035968,0 88.56763000008216,24.90231000019705,0 88.56798000046911,24.90186999957773,0 88.56808000032881,24.90153999967943,0 88.56832000033081,24.90126000036221,0 88.56837999952795,24.90090999994744,0 88.56864000021855,24.9007100000043,0 88.56880305797935,24.9004381632533,0 88.56891999998801,24.90022000041298,0 88.56915999973944,24.89978000035246,0 88.56930196175787,24.89959028900904,0 88.56951999994969,24.89922000043396,0 88.56963000049434,24.89901000012783,0 88.56989000030808,24.89861000016989,0 88.56998000037028,24.89844000007244,0 88.5701600003049,24.89818000038867,0 88.57016000018733,24.89780999961383,0 88.57014999990217,24.89739000028379,0 88.57005999964088,24.89700999995835,0 88.57019999997144,24.89664000002778,0 88.57017999961008,24.89627999985813,0 88.57012000010798,24.89596999987647,0 88.57011000005505,24.89561999967611,0 88.57010999995336,24.89528000038888,0 88.57013999987323,24.89504000041623,0 88.57010999985935,24.8946499999446,0 88.57012999997626,24.89434999994621,0 88.57012000013962,24.8939600002246,0 88.57015999956825,24.89373000025987,0 88.57012000012872,24.89339000020544,0 88.57011999950909,24.89309000028068,0 88.5701192070469,24.89281786139183,0 88.57009999977384,24.89248999957788,0 88.57010999976465,24.89216000019807,0 88.57009000005591,24.89184999976944,0 88.57018999974683,24.89155999983736,0 88.57018000046432,24.89116999997767,0 88.57006999998447,24.89089999984439,0 88.57007999999924,24.89048999967132,0 88.57006682395027,24.89024409389943,0 88.57006999991697,24.8899900000854,0 88.57006000020219,24.88960999976817,0 88.57006000044696,24.88925999967422,0 88.57009000017075,24.88900000030329,0 88.57008000046645,24.8886699999576,0 88.57005999962924,24.88829000007258,0 88.57005000020376,24.88800000006655,0 88.57001999978449,24.88763999990151,0 88.57010000024565,24.88730000002303,0 88.56982000045437,24.88696999974445,0 88.5697599995388,24.8867800002331,0 88.56956000005195,24.88653000006744,0 88.56937000031004,24.88625999987066,0 88.56918999974097,24.88601999973189,0 88.56904300400242,24.88572675123698,0 88.56892000040904,24.88540999966471,0 88.56886000001849,24.88510000024927,0 88.56868999961017,24.88472000024188,0 88.56872999967834,24.88440999957776,0 88.56862999953835,24.88411000026492,0 88.5685999995074,24.88375999999725,0 88.5685400002788,24.88338999968534,0 88.56849999970024,24.88321999981578,0 88.56845999980199,24.88291000024408,0 88.56840999957011,24.88254000036278,0 88.56838000032143,24.88229999975896,0 88.56835999960958,24.88205000004915,0 88.56830000040675,24.88169999971847,0 88.56830999974386,24.88144999983732,0 88.56821999990487,24.88116000022024,0 88.56815999981194,24.88090000030563,0 88.56810999983956,24.88064000001799,0 88.5680499996276,24.88035000014535,0 88.56841999998697,24.88025000010875,0 88.56869000031904,24.88015999983084,0 88.56905000046288,24.8800400002297,0 88.56942000030828,24.87992999993049,0 88.5698200004577,24.87982999977347,0 88.56988999981692,24.8797300001299,0 88.57014000030198,24.87945999991813,0 88.57052000025693,24.87914000020482,0 88.57078297117306,24.87886444238748,0 88.57111000004349,24.87854999991676,0 88.57136999961891,24.87820000007314,0 88.57166999955774,24.87795000040689,0 88.57186942943682,24.87769430378954,0 88.57224000044256,24.8773299999515,0 88.57233000034614,24.8772500000694,0 88.57250769774679,24.8770618637721,0 88.57269999988117,24.87686000006256,0 88.57306000006572,24.87656999994382,0 88.57333000032123,24.8762799996173,0 88.57353000024847,24.87596999980349,0 88.57364999979337,24.87573000008347,0 88.57385000008412,24.87544000007766,0 88.57402000033376,24.87515000015448,0 88.57418999996889,24.87491000010318,0 88.57439000045261,24.87455999975778,0 88.57457000020464,24.87437000042386,0 88.57451999986436,24.87403999955303,0 88.57445999964911,24.87371999992492,0 88.57444000006053,24.87347999991769,0 88.57440000025261,24.87301000042264,0 88.57437999976719,24.87270999978607,0 88.57437000043853,24.87236999979947,0 88.57421999963093,24.87207000033068,0 88.57416000033425,24.87166999961065,0 88.57409999957595,24.87134999966925,0 88.57403000012278,24.87109000007942,0 88.57397000011402,24.87069999975528,0 88.57400000047451,24.87021000024476,0 88.57388000021946,24.8699699996686,0 88.57371999956767,24.86977999994097,0 88.57371999993511,24.86936999965013,0 88.57370000033944,24.86903999972541,0 88.57381000010788,24.86866999967036,0 88.57394999953641,24.86840000037474,0 88.57408000046964,24.86820000012782,0 88.5741299996569,24.86800999961038,0 88.57447000006124,24.86771000042762,0 88.5746200001508,24.86756999986774,0 88.57468348922021,24.86730139281893,0 88.57474999983297,24.86702000036695,0 88.57474000012365,24.86674999958203,0 88.57468999969227,24.86642999981777,0 88.57468000027151,24.86616999955796,0 88.57464999954156,24.86584000044477,0 88.57457999972412,24.8655599997442,0 88.57451000029172,24.86530000010553,0 88.57453999963604,24.86497999990414,0 88.57454999985421,24.8646800004223,0 88.57458000006153,24.86439000006711,0 88.57461999965061,24.86409999989577,0 88.57466999950631,24.86378999967304,0 88.57470999973704,24.86348000014673,0 88.57474999984308,24.86318999992554,0 88.57480999951287,24.86287999983251,0 88.57487000002682,24.86261000015077,0 88.57490999959717,24.86231999988647,0 88.57499000016587,24.86201000005881,0 88.57499999960542,24.86175000004053,0 88.57503368503657,24.86143720841424,0 88.5750700001681,24.86109999979804,0 88.57507000013294,24.86080000003325,0 88.57512000025422,24.86055999996446,0 88.57514999976708,24.86028999967058,0 88.57525000015836,24.86001999958059,0 88.57528000005854,24.85969000037975,0 88.57535999952687,24.85941000025523,0 88.57542000035228,24.85909999988958,0 88.57548999986729,24.85877000033499,0 88.57552000012038,24.85846000039318,0 88.57551999984683,24.85806999999458,0 88.57547999995793,24.85770000011035,0 88.57548000015697,24.85735000012827,0 88.57543000030859,24.85708000029063,0 88.57536999979412,24.85679999969744,0 88.57520999996916,24.85649000017213,0 88.57510000012861,24.85618000044083,0 88.57503999988694,24.85585000039484,0 88.57506000020658,24.85551999999108,0 88.57506999980248,24.85528999969091,0 88.57509999981689,24.85500999960258,0 88.57504000032269,24.85463999990015,0 88.575040000293,24.85428999973984,0 88.57502000002077,24.85397999966789,0 88.57497999970452,24.85361000026089,0 88.57510999971871,24.85341000032764,0 88.57529999977136,24.85316999997407,0 88.57551999969512,24.85289999998023,0 88.57573999976803,24.85264999993008,0 88.57590000022054,24.85246000038362,0 88.5761300004161,24.85223000018268,0 88.57621000016995,24.8520799998082,0 88.57630999960676,24.85180999999258,0 88.57631999979054,24.85156000026073,0 88.57624999994599,24.85124000010249,0 88.57612000034392,24.8509499999388,0 88.57591999976283,24.85065999955745,0 88.57573000018684,24.85055000032727,0 88.57545999998358,24.85039000020613,0 88.57530000023965,24.8501699999916,0 88.57515000040587,24.84994999977551,0 88.57480999971524,24.84989000007225,0 88.57471999957619,24.84974000022133,0 88.5747000002101,24.84948999972769,0 88.57464999974572,24.84913999996238,0 88.57459000013701,24.84883000042405,0 88.57452999979833,24.84852999962103,0 88.57445999962883,24.84823000032759,0 88.57444999977908,24.84792999977643,0 88.57417000009853,24.8475599998292,0 88.57402999982105,24.84734000029703,0 88.57384000048816,24.8470499995597,0 88.57363000006359,24.84681999964188,0 88.5734000004695,24.84663999986459,0 88.57329000006264,24.84634999999185,0 88.57313999996919,24.84607000012709,0 88.573039999703,24.84587999991937,0 88.57292000022692,24.8455300003021,0 88.57296999974884,24.84511999958207,0 88.57308871214882,24.84484992290349,0 88.57323000024802,24.84453999973276,0 88.57329999971927,24.84420999980118,0 88.57348999956172,24.84383999963833,0 88.57354999989383,24.84353000044623,0 88.57364999957203,24.84324999977142,0 88.57372000007015,24.84299999986021,0 88.57385000028933,24.8426500003826,0 88.57368999992578,24.84227000001685,0 88.57352999952492,24.84195000026963,0 88.57342000023306,24.84163000019007,0 88.57328000047765,24.84131999954969,0 88.57302999992301,24.84113999978075,0 88.57291000046578,24.84084999973373,0 88.57267999989313,24.84058000010885,0 88.57261000030788,24.84014999966018,0 88.5725899999603,24.83990000017875,0 88.57252999976986,24.8395399997112,0 88.57244999966922,24.83922999955765,0 88.57240000031089,24.83891999967229,0 88.57227000039576,24.83863000028499,0 88.57226000048125,24.83824999960728,0 88.57228000041256,24.83797999958346,0 
					</coordinates>
				</LineString>
			</MultiGeometry>
		</Placemark>
		<Placemark id="ID_00089">
			<name>Niamotpur-3 (Hazinagor)</name>
			<snippet></snippet>
			<description><![CDATA[<html xmlns:fo="http://www.w3.org/1999/XSL/Format" xmlns:msxsl="urn:schemas-microsoft-com:xslt">

<head>

<META http-equiv="Content-Type" content="text/html">

<meta http-equiv="content-type" content="text/html; charset=UTF-8">

</head>

<body style="margin:0px 0px 0px 0px;overflow:auto;background:#FFFFFF;">

<table style="font-family:Arial,Verdana,Times;font-size:12px;text-align:left;width:100%;border-collapse:collapse;padding:3px 3px 3px 3px">

<tr style="text-align:center;font-weight:bold;background:#9CBCE2">

<td>Naogaon PBS-1</td>

</tr>

<tr>

<td>

<table style="font-family:Arial,Verdana,Times;font-size:12px;text-align:left;width:100%;border-spacing:0px; padding:3px 3px 3px 3px">

<tr>

<td>PBS_Name</td>

<td>Naogaon PBS-1</td>

</tr>

<tr bgcolor="#D4E4F3">

<td>Surv_Date</td>

<td>2025-02-18</td>

</tr>

<tr>

<td>Proc_Date</td>

<td>2025-07-20</td>

</tr>

<tr bgcolor="#D4E4F3">

<td>Contd_Grid</td>

<td>Niamotpur</td>

</tr>

<tr>

<td>Contd_SS</td>

<td>Niamotpur-3 (Hazinagor)</td>

</tr>

<tr bgcolor="#D4E4F3">

<td>Feeder_N</td>

<td>Niamotpur-3 (Hazinagor)</td>

</tr>

<tr>

<td>Feeder_Typ</td>

<td>Main</td>

</tr>

<tr bgcolor="#D4E4F3">

<td>Circuit</td>

<td>1</td>

</tr>

<tr>

<td>Con_KV</td>

<td>33</td>

</tr>

<tr bgcolor="#D4E4F3">

<td>Con_Size</td>

<td>477 MCM</td>

</tr>

<tr>

<td>Spn_Len_M</td>

<td>&lt;Null&gt;</td>

</tr>

<tr bgcolor="#D4E4F3">

<td>Length_M</td>

<td>3273.462093</td>

</tr>

<tr>

<td>Mileage_KM</td>

<td>3.273462</td>

</tr>

<tr bgcolor="#D4E4F3">

<td>Legend</td>

<td>Niamotpur Grid-Niamotpur-3 (Hazinagor)</td>

</tr>

<tr>

<td>Assigned</td>

<td>REB GIS</td>

</tr>

<tr bgcolor="#D4E4F3">

<td>FY</td>

<td>2024-25</td>

</tr>

<tr>

<td>Remarks</td>

<td>&lt;Null&gt;</td>

</tr>

<tr bgcolor="#D4E4F3">

<td>Project</td>

<td>&lt;Null&gt;</td>

</tr>

<tr>

<td>PkDemandMW</td>

<td>&lt;Null&gt;</td>

</tr>

</table>

</td>

</tr>

</table>

</body><script type="text/javascript">

				function changeImage(attElement, nameElement) {

				document.getElementById('imageAttachment').src = attElement;

				document.getElementById('imageName').innerHTML = nameElement;}

			</script></html>]]></description>
			<styleUrl>#LineStyle001</styleUrl>
			<MultiGeometry>
				<LineString>
					<tessellate>1</tessellate>
					<coordinates>
						88.53924000022884,24.91738999978919,0 88.53950000002632,24.91731000017919,0 88.53955999965157,24.91740999971983,0 88.5396300000199,24.91767000040886,0 88.53982999978852,24.91801000043565,0 88.54032000044812,24.91823999974473,0 88.54080999988008,24.91844999979405,0 88.54136999961693,24.91873999973888,0 88.54193999954289,24.91899000000969,0 88.54240000032482,24.91922999965413,0 88.54312000004001,24.91953999977551,0 88.54353059674737,24.91973993052206,0 88.54413999977605,24.92004000000936,0 88.54475000032963,24.92031000024755,0 88.54528000036557,24.92055999984554,0 88.54585000013427,24.92083000008849,0 88.54642000035174,24.92109000017278,0 88.5469799997387,24.92136000030748,0 88.54743999954481,24.92156000028579,0 88.5479500001875,24.92177000022332,0 88.54808999982775,24.92193000018817,0 88.5487899996992,24.92225999991834,0 88.54909999989491,24.9223599996596,0 88.54938000013262,24.92248000018704,0 88.54972999960147,24.92242999959691,0 88.55011000045852,24.9223399999763,0 88.550749999739,24.92217999963245,0 88.55126000011445,24.9220800002936,0 88.55182000001683,24.92196000040614,0 88.55225000003564,24.92182999998731,0 88.55267000037173,24.92176999987709,0 88.55338000001791,24.92162000027393,0 88.55381999998255,24.92157000039417,0 88.55422999960641,24.92142000039916,0 88.55470000002028,24.92119000027023,0 88.55530999983004,24.92093000009046,0 88.5557399996799,24.92066000021594,0 88.55610000008096,24.92050999967837,0 88.55655999985635,24.92030000008339,0 88.55704000017687,24.92008999969915,0 88.55732999956643,24.91995000021868,0 88.5577900001839,24.9197200003851,0 88.55793999998687,24.91960000011339,0 88.55844999993791,24.91945000021967,0 88.55883000036349,24.91922000021349,0 88.55919000045806,24.9190399998908,0 88.55957999990062,24.918950000367,0 88.56009517485862,24.91886606938611,0 88.56054999977566,24.91880000026493,0 88.56107000048846,24.91869000014676,0 88.56147999953608,24.918619999569,0 88.56209999972424,24.91849999984298,0 88.56260999991537,24.91840000044242,0 88.56295000041594,24.91833000000888,0 88.56333000025572,24.91828999991093,0 88.56369999973762,24.91822000013088,0 88.56406000007786,24.91818000029198,0 88.56454999989002,24.91793999998295,0 88.56488000011352,24.91779000026625,0 88.5651700000513,24.91768000023353,0 88.56544999954079,24.91754999978075,0 88.56592000010977,24.9173600000845,0 88.5660700001238,24.91728000040749,0 88.56664000008098,24.91703000042225,0 88.56699000032485,24.91692000030274,0 88.56736999955078,24.91674000000505,0 88.56786999985192,24.91656000002986,0 88.56818000009763,24.91635000004773,0 88.56849999990416,24.91623000002668,0 
					</coordinates>
				</LineString>
			</MultiGeometry>
		</Placemark>
		<Placemark id="ID_00090">
			<name>Naogaon PBS (Raninagar)</name>
			<snippet></snippet>
			<description><![CDATA[<html xmlns:fo="http://www.w3.org/1999/XSL/Format" xmlns:msxsl="urn:schemas-microsoft-com:xslt">

<head>

<META http-equiv="Content-Type" content="text/html">

<meta http-equiv="content-type" content="text/html; charset=UTF-8">

</head>

<body style="margin:0px 0px 0px 0px;overflow:auto;background:#FFFFFF;">

<table style="font-family:Arial,Verdana,Times;font-size:12px;text-align:left;width:100%;border-collapse:collapse;padding:3px 3px 3px 3px">

<tr style="text-align:center;font-weight:bold;background:#9CBCE2">

<td>Naogaon PBS-1</td>

</tr>

<tr>

<td>

<table style="font-family:Arial,Verdana,Times;font-size:12px;text-align:left;width:100%;border-spacing:0px; padding:3px 3px 3px 3px">

<tr>

<td>PBS_Name</td>

<td>Naogaon PBS-1</td>

</tr>

<tr bgcolor="#D4E4F3">

<td>Surv_Date</td>

<td>2025-07-21</td>

</tr>

<tr>

<td>Proc_Date</td>

<td>2025-07-30</td>

</tr>

<tr bgcolor="#D4E4F3">

<td>Contd_Grid</td>

<td>Naogaon</td>

</tr>

<tr>

<td>Contd_SS</td>

<td>Raninagar-1,Atrai-1, Atrai-2 &amp; Atrai-3</td>

</tr>

<tr bgcolor="#D4E4F3">

<td>Feeder_N</td>

<td>Naogaon PBS (Raninagar)</td>

</tr>

<tr>

<td>Feeder_Typ</td>

<td>Tap</td>

</tr>

<tr bgcolor="#D4E4F3">

<td>Circuit</td>

<td>1</td>

</tr>

<tr>

<td>Con_KV</td>

<td>33</td>

</tr>

<tr bgcolor="#D4E4F3">

<td>Con_Size</td>

<td>477 MCM</td>

</tr>

<tr>

<td>Spn_Len_M</td>

<td>&lt;Null&gt;</td>

</tr>

<tr bgcolor="#D4E4F3">

<td>Length_M</td>

<td>398.672662</td>

</tr>

<tr>

<td>Mileage_KM</td>

<td>0.398673</td>

</tr>

<tr bgcolor="#D4E4F3">

<td>Legend</td>

<td>&lt;Null&gt;</td>

</tr>

<tr>

<td>Assigned</td>

<td>JE (GIS)</td>

</tr>

<tr bgcolor="#D4E4F3">

<td>FY</td>

<td>2024-25</td>

</tr>

<tr>

<td>Remarks</td>

<td>Tie Line</td>

</tr>

<tr bgcolor="#D4E4F3">

<td>Project</td>

<td>&lt;Null&gt;</td>

</tr>

<tr>

<td>PkDemandMW</td>

<td>&lt;Null&gt;</td>

</tr>

</table>

</td>

</tr>

</table>

</body><script type="text/javascript">

				function changeImage(attElement, nameElement) {

				document.getElementById('imageAttachment').src = attElement;

				document.getElementById('imageName').innerHTML = nameElement;}

			</script></html>]]></description>
			<styleUrl>#LineStyle001</styleUrl>
			<MultiGeometry>
				<LineString>
					<tessellate>1</tessellate>
					<coordinates>
						88.9479799998674,24.7353999997541,0 88.94852000036772,24.73566000014049,0 88.94910000047877,24.73593999978762,0 88.94973000008503,24.73625999962199,0 88.95037000049551,24.73659000040016,0 88.95094999971333,24.73680000028233,0 88.95142999981647,24.73711999960002,0 
					</coordinates>
				</LineString>
			</MultiGeometry>
		</Placemark>
		<Placemark id="ID_00091">
			<name>Chowmashia/Badolgachi</name>
			<snippet></snippet>
			<description><![CDATA[<html xmlns:fo="http://www.w3.org/1999/XSL/Format" xmlns:msxsl="urn:schemas-microsoft-com:xslt">

<head>

<META http-equiv="Content-Type" content="text/html">

<meta http-equiv="content-type" content="text/html; charset=UTF-8">

</head>

<body style="margin:0px 0px 0px 0px;overflow:auto;background:#FFFFFF;">

<table style="font-family:Arial,Verdana,Times;font-size:12px;text-align:left;width:100%;border-collapse:collapse;padding:3px 3px 3px 3px">

<tr style="text-align:center;font-weight:bold;background:#9CBCE2">

<td>Naogaon PBS-1</td>

</tr>

<tr>

<td>

<table style="font-family:Arial,Verdana,Times;font-size:12px;text-align:left;width:100%;border-spacing:0px; padding:3px 3px 3px 3px">

<tr>

<td>PBS_Name</td>

<td>Naogaon PBS-1</td>

</tr>

<tr bgcolor="#D4E4F3">

<td>Surv_Date</td>

<td>2024-07-25</td>

</tr>

<tr>

<td>Proc_Date</td>

<td>2025-08-11</td>

</tr>

<tr bgcolor="#D4E4F3">

<td>Contd_Grid</td>

<td>Naogaon</td>

</tr>

<tr>

<td>Contd_SS</td>

<td>Mohadebpur-2 (Chowmashia), Naogaon-1 (HQ), Naogaon-2 (Hogolbari) &amp; Badolgachi</td>

</tr>

<tr bgcolor="#D4E4F3">

<td>Feeder_N</td>

<td>Chowmashia/Badolgachi</td>

</tr>

<tr>

<td>Feeder_Typ</td>

<td>Main</td>

</tr>

<tr bgcolor="#D4E4F3">

<td>Circuit</td>

<td>2</td>

</tr>

<tr>

<td>Con_KV</td>

<td>33</td>

</tr>

<tr bgcolor="#D4E4F3">

<td>Con_Size</td>

<td>477 MCM</td>

</tr>

<tr>

<td>Spn_Len_M</td>

<td>&lt;Null&gt;</td>

</tr>

<tr bgcolor="#D4E4F3">

<td>Length_M</td>

<td>251.011675</td>

</tr>

<tr>

<td>Mileage_KM</td>

<td>0.502023</td>

</tr>

<tr bgcolor="#D4E4F3">

<td>Legend</td>

<td>&lt;Null&gt;</td>

</tr>

<tr>

<td>Assigned</td>

<td>REB GIS</td>

</tr>

<tr bgcolor="#D4E4F3">

<td>FY</td>

<td>2024-25</td>

</tr>

<tr>

<td>Remarks</td>

<td>Tap to Naogaon-2 &amp; Badolgachi</td>

</tr>

<tr bgcolor="#D4E4F3">

<td>Project</td>

<td>&lt;Null&gt;</td>

</tr>

<tr>

<td>PkDemandMW</td>

<td>&lt;Null&gt;</td>

</tr>

</table>

</td>

</tr>

</table>

</body><script type="text/javascript">

				function changeImage(attElement, nameElement) {

				document.getElementById('imageAttachment').src = attElement;

				document.getElementById('imageName').innerHTML = nameElement;}

			</script></html>]]></description>
			<styleUrl>#LineStyle001</styleUrl>
			<MultiGeometry>
				<LineString>
					<tessellate>1</tessellate>
					<coordinates>
						88.93113000030331,24.83771999992138,0 88.93146999981651,24.83783000017901,0 88.93176999992498,24.83787999975767,0 88.93198999984072,24.8378699997449,0 88.93224999980409,24.83793999965141,0 88.93284999987424,24.83786000043894,0 88.93288999971739,24.83765999982063,0 88.93292000042928,24.83746999969448,0 88.93294999990789,24.8372099996331,0 
					</coordinates>
				</LineString>
			</MultiGeometry>
		</Placemark>
	</Folder>
</Document>
</kml>
