<?xml version="1.0" encoding="UTF-8"?>
<kml xmlns="http://www.opengis.net/kml/2.2" xmlns:gx="http://www.google.com/kml/ext/2.2" xmlns:kml="http://www.opengis.net/kml/2.2" xmlns:atom="http://www.w3.org/2005/Atom">
<Document id="Layers" xsi:schemaLocation="http://www.opengis.net/kml/2.2 http://schemas.opengis.net/kml/2.2.0/ogckml22.xsd http://www.google.com/kml/ext/2.2 http://code.google.com/apis/kml/schema/kml22gx.xsd">
	<name>Layers</name>
	<visibility>0</visibility>
	<open>1</open>
	<Snippet maxLines="0"></Snippet>
	<atom:link rel="app" href="https://www.google.com/earth/about/versions/#earth-pro" title="Google Earth Pro 7.3.7.1155"></atom:link>
	<Style id="IconStyle280">
		<IconStyle>
			<scale>1.0625</scale>
			<Icon>
				<href>Layer28_Symbol_16246828_0.png</href>
			</Icon>
		</IconStyle>
		<LabelStyle>
			<color>ff000000</color>
		</LabelStyle>
		<PolyStyle>
			<color>ff000000</color>
			<outline>0</outline>
		</PolyStyle>
	</Style>
	<Style id="IconStyle281">
		<IconStyle>
			<scale>1.0625</scale>
			<Icon>
				<href>Layer28_Symbol_16245af0_0.png</href>
			</Icon>
		</IconStyle>
		<LabelStyle>
			<color>ff000000</color>
		</LabelStyle>
		<PolyStyle>
			<color>ff000000</color>
			<outline>0</outline>
		</PolyStyle>
	</Style>
	<Style id="IconStyle290">
		<IconStyle>
			<scale>0.9375</scale>
			<Icon>
				<href>Layer29_Symbol_16244f30_0.png</href>
			</Icon>
		</IconStyle>
		<LabelStyle>
			<color>ff000000</color>
			<scale>0.916667</scale>
		</LabelStyle>
		<PolyStyle>
			<color>ff000000</color>
			<outline>0</outline>
		</PolyStyle>
	</Style>
	<Style id="IconStyle300">
		<IconStyle>
			<scale>0.9375</scale>
			<Icon>
				<href>Layer30_Symbol_162444e8_0.png</href>
			</Icon>
		</IconStyle>
		<LabelStyle>
			<color>ff343434</color>
			<scale>0.416667</scale>
		</LabelStyle>
		<PolyStyle>
			<color>ff000000</color>
			<outline>0</outline>
		</PolyStyle>
	</Style>
	<Style id="IconStyle302">
		<IconStyle>
			<scale>0.9375</scale>
			<Icon>
				<href>Layer30_Symbol_16244c40_0.png</href>
			</Icon>
		</IconStyle>
		<LabelStyle>
			<color>ff343434</color>
			<scale>0.416667</scale>
		</LabelStyle>
		<PolyStyle>
			<color>ff000000</color>
			<outline>0</outline>
		</PolyStyle>
	</Style>
	<Style id="LegendRadioFolder0">
		<IconStyle>
			<scale>0</scale>
		</IconStyle>
		<ListStyle>
			<listItemType>radioFolder</listItemType>
		</ListStyle>
	</Style>
	<Style id="PolyStyle360">
		<LabelStyle>
			<color>00000000</color>
			<scale>0</scale>
		</LabelStyle>
		<LineStyle>
			<color>ff000000</color>
			<width>0.4</width>
		</LineStyle>
		<PolyStyle>
			<color>00ffffff</color>
		</PolyStyle>
	</Style>
	<Folder id="legend0">
		<name>Legend</name>
		<visibility>0</visibility>
		<open>1</open>
		<Style id="LegendRadioFolder0">
			<IconStyle>
				<scale>0</scale>
			</IconStyle>
			<ListStyle>
				<listItemType>radioFolder</listItemType>
				<bgColor>00ffffff</bgColor>
				<maxSnippetLines>2</maxSnippetLines>
			</ListStyle>
		</Style>
		<ScreenOverlay id="A0">
			<name>Upper Left</name>
			<visibility>0</visibility>
			<color>b0ffffff</color>
			<Icon>
				<href>legend0.png</href>
			</Icon>
			<overlayXY x="0.01" y="0.99" xunits="fraction" yunits="fraction"/>
			<screenXY x="0.01" y="0.99" xunits="fraction" yunits="fraction"/>
			<rotationXY x="0.5" y="0.5" xunits="fraction" yunits="fraction"/>
			<size x="-1" y="-1" xunits="pixels" yunits="pixels"/>
		</ScreenOverlay>
		<ScreenOverlay id="B0">
			<name>Upper Center</name>
			<visibility>0</visibility>
			<color>b0ffffff</color>
			<Icon>
				<href>legend0.png</href>
			</Icon>
			<overlayXY x="0.5" y="0.99" xunits="fraction" yunits="fraction"/>
			<screenXY x="0.5" y="0.99" xunits="fraction" yunits="fraction"/>
			<rotationXY x="0.5" y="0.5" xunits="fraction" yunits="fraction"/>
			<size x="-1" y="-1" xunits="pixels" yunits="pixels"/>
		</ScreenOverlay>
		<ScreenOverlay id="C0">
			<name>Upper Right</name>
			<visibility>0</visibility>
			<color>b0ffffff</color>
			<Icon>
				<href>legend0.png</href>
			</Icon>
			<overlayXY x="0.99" y="0.99" xunits="fraction" yunits="fraction"/>
			<screenXY x="0.99" y="0.99" xunits="fraction" yunits="fraction"/>
			<rotationXY x="0.5" y="0.5" xunits="fraction" yunits="fraction"/>
			<size x="-1" y="-1" xunits="pixels" yunits="pixels"/>
		</ScreenOverlay>
		<ScreenOverlay id="D0">
			<name>Center Left</name>
			<visibility>0</visibility>
			<color>b0ffffff</color>
			<Icon>
				<href>legend0.png</href>
			</Icon>
			<overlayXY x="0.01" y="0.5" xunits="fraction" yunits="fraction"/>
			<screenXY x="0.01" y="0.5" xunits="fraction" yunits="fraction"/>
			<rotationXY x="0.5" y="0.5" xunits="fraction" yunits="fraction"/>
			<size x="-1" y="-1" xunits="pixels" yunits="pixels"/>
		</ScreenOverlay>
		<ScreenOverlay id="E0">
			<name>Center</name>
			<visibility>0</visibility>
			<color>b0ffffff</color>
			<Icon>
				<href>legend0.png</href>
			</Icon>
			<overlayXY x="0.5" y="0.5" xunits="fraction" yunits="fraction"/>
			<screenXY x="0.5" y="0.5" xunits="fraction" yunits="fraction"/>
			<rotationXY x="0.5" y="0.5" xunits="fraction" yunits="fraction"/>
			<size x="-1" y="-1" xunits="pixels" yunits="pixels"/>
		</ScreenOverlay>
		<ScreenOverlay id="F0">
			<name>Center Right</name>
			<visibility>0</visibility>
			<color>b0ffffff</color>
			<Icon>
				<href>legend0.png</href>
			</Icon>
			<overlayXY x="0.99" y="0.5" xunits="fraction" yunits="fraction"/>
			<screenXY x="0.99" y="0.5" xunits="fraction" yunits="fraction"/>
			<rotationXY x="0.5" y="0.5" xunits="fraction" yunits="fraction"/>
			<size x="-1" y="-1" xunits="pixels" yunits="pixels"/>
		</ScreenOverlay>
		<ScreenOverlay id="G0">
			<name>Lower Left</name>
			<visibility>0</visibility>
			<color>b0ffffff</color>
			<Icon>
				<href>legend0.png</href>
			</Icon>
			<overlayXY x="0.01" y="0.01" xunits="fraction" yunits="fraction"/>
			<screenXY x="0.01" y="0.01" xunits="fraction" yunits="fraction"/>
			<rotationXY x="0.5" y="0.5" xunits="fraction" yunits="fraction"/>
			<size x="-1" y="-1" xunits="pixels" yunits="pixels"/>
		</ScreenOverlay>
		<ScreenOverlay id="H0">
			<name>Lower Center</name>
			<visibility>0</visibility>
			<color>b0ffffff</color>
			<Icon>
				<href>legend0.png</href>
			</Icon>
			<overlayXY x="0.5" y="0.01" xunits="fraction" yunits="fraction"/>
			<screenXY x="0.5" y="0.01" xunits="fraction" yunits="fraction"/>
			<rotationXY x="0.5" y="0.5" xunits="fraction" yunits="fraction"/>
			<size x="-1" y="-1" xunits="pixels" yunits="pixels"/>
		</ScreenOverlay>
		<ScreenOverlay id="I0">
			<name>Lower Right</name>
			<visibility>0</visibility>
			<color>b0ffffff</color>
			<Icon>
				<href>legend0.png</href>
			</Icon>
			<overlayXY x="0.99" y="0.01" xunits="fraction" yunits="fraction"/>
			<screenXY x="0.99" y="0.01" xunits="fraction" yunits="fraction"/>
			<rotationXY x="0.5" y="0.5" xunits="fraction" yunits="fraction"/>
			<size x="-1" y="-1" xunits="pixels" yunits="pixels"/>
		</ScreenOverlay>
		<Placemark id="ID_0">
			<name>None</name>
			<visibility>0</visibility>
			<styleUrl>#LegendRadioFolder0</styleUrl>
		</Placemark>
	</Folder>
	<Folder id="GroupLayer27">
		<name>Grid &amp; Sub Station</name>
		<visibility>0</visibility>
		<open>1</open>
		<Snippet maxLines="0"></Snippet>
		<Folder id="FeatureLayer28">
			<name>NGO1_132_33KV_GridSS_20230824</name>
			<visibility>0</visibility>
			<open>1</open>
			<Snippet maxLines="0"></Snippet>
			<Placemark id="ID_280000">
				<name>Bagmara Grid S/S</name>
				<visibility>0</visibility>
				<Snippet maxLines="0"></Snippet>
				<description><![CDATA[<html xmlns:fo="http://www.w3.org/1999/XSL/Format" xmlns:msxsl="urn:schemas-microsoft-com:xslt">

<head>

<META http-equiv="Content-Type" content="text/html">

<meta http-equiv="content-type" content="text/html; charset=UTF-8">

</head>

<body style="margin:0px 0px 0px 0px;overflow:auto;background:#FFFFFF;">

<table style="font-family:Arial,Verdana,Times;font-size:12px;text-align:left;width:100%;border-collapse:collapse;padding:3px 3px 3px 3px">

<tr style="text-align:center;font-weight:bold;background:#9CBCE2">

<td></td>

</tr>

<tr>

<td>

<table style="font-family:Arial,Verdana,Times;font-size:12px;text-align:left;width:100%;border-spacing:0px; padding:3px 3px 3px 3px">

<tr>

<td>PBS_Name</td>

<td></td>

</tr>

<tr bgcolor="#D4E4F3">

<td>SE_Zone</td>

<td>Rajshahi Zone</td>

</tr>

<tr>

<td>Grid_Name</td>

<td>Bagmara</td>

</tr>

<tr bgcolor="#D4E4F3">

<td>Grid_Type</td>

<td>AIS</td>

</tr>

<tr>

<td>NoF_Feeder</td>

<td>0</td>

</tr>

<tr bgcolor="#D4E4F3">

<td>Tra_CapMVA</td>

<td>2x50/75</td>

</tr>

<tr>

<td>Cap_G</td>

<td>150</td>

</tr>

<tr bgcolor="#D4E4F3">

<td>Cap_F</td>

<td>150</td>

</tr>

<tr>

<td>Status</td>

<td>UC</td>

</tr>

<tr bgcolor="#D4E4F3">

<td>Con_SS</td>

<td></td>

</tr>

<tr>

<td>Vol_Level</td>

<td>132/33 kV</td>

</tr>

<tr bgcolor="#D4E4F3">

<td>Longitude</td>

<td>88.853692</td>

</tr>

<tr>

<td>Latitude</td>

<td>24.599909</td>

</tr>

<tr bgcolor="#D4E4F3">

<td>Legend</td>

<td>Under-Construction Grid S/S</td>

</tr>

<tr>

<td>Project_Name</td>

<td>Power Grid Network Strengthening Project under PGCB</td>

</tr>

<tr bgcolor="#D4E4F3">

<td>Division</td>

<td>Rajshahi</td>

</tr>

<tr>

<td>District</td>

<td>Rajshahi</td>

</tr>

<tr bgcolor="#D4E4F3">

<td>Upazila</td>

<td>Baghmara</td>

</tr>

<tr>

<td>Create Date</td>

<td>01/09/2016</td>

</tr>

<tr bgcolor="#D4E4F3">

<td>Update Date</td>

<td>23/08/2023</td>

</tr>

<tr>

<td>Remarks-1</td>

<td>PGCB New Grid</td>

</tr>

<tr bgcolor="#D4E4F3">

<td>Remarks-2</td>

<td>UC, Commision Year-2024</td>

</tr>

</table>

</td>

</tr>

</table>

</body>

</html>]]></description>
				<styleUrl>#IconStyle280</styleUrl>
				<Point>
					<coordinates>88.85369226700004,24.59990913700005,0</coordinates>
				</Point>
			</Placemark>
			<Placemark id="ID_280001">
				<name>Naogaon Grid S/S</name>
				<visibility>0</visibility>
				<Snippet maxLines="0"></Snippet>
				<description><![CDATA[<html xmlns:fo="http://www.w3.org/1999/XSL/Format" xmlns:msxsl="urn:schemas-microsoft-com:xslt">

<head>

<META http-equiv="Content-Type" content="text/html">

<meta http-equiv="content-type" content="text/html; charset=UTF-8">

</head>

<body style="margin:0px 0px 0px 0px;overflow:auto;background:#FFFFFF;">

<table style="font-family:Arial,Verdana,Times;font-size:12px;text-align:left;width:100%;border-collapse:collapse;padding:3px 3px 3px 3px">

<tr style="text-align:center;font-weight:bold;background:#9CBCE2">

<td>Naogaon-1/Naogaon-2/Joypurhat</td>

</tr>

<tr>

<td>

<table style="font-family:Arial,Verdana,Times;font-size:12px;text-align:left;width:100%;border-spacing:0px; padding:3px 3px 3px 3px">

<tr>

<td>PBS_Name</td>

<td>Naogaon-1/Naogaon-2/Joypurhat</td>

</tr>

<tr bgcolor="#D4E4F3">

<td>SE_Zone</td>

<td>Bogra Zone</td>

</tr>

<tr>

<td>Grid_Name</td>

<td>Naogaon</td>

</tr>

<tr bgcolor="#D4E4F3">

<td>Grid_Type</td>

<td></td>

</tr>

<tr>

<td>NoF_Feeder</td>

<td>5</td>

</tr>

<tr bgcolor="#D4E4F3">

<td>Tra_CapMVA</td>

<td>2x50/75, 1x25/41</td>

</tr>

<tr>

<td>Cap_G</td>

<td>125</td>

</tr>

<tr bgcolor="#D4E4F3">

<td>Cap_F</td>

<td>191</td>

</tr>

<tr>

<td>Status</td>

<td>Existing</td>

</tr>

<tr bgcolor="#D4E4F3">

<td>Con_SS</td>

<td>PBS S/S</td>

</tr>

<tr>

<td>Vol_Level</td>

<td>132/33 KV</td>

</tr>

<tr bgcolor="#D4E4F3">

<td>Longitude</td>

<td>88.963872</td>

</tr>

<tr>

<td>Latitude</td>

<td>24.802677</td>

</tr>

<tr bgcolor="#D4E4F3">

<td>Legend</td>

<td>Existing Grid S/S</td>

</tr>

<tr>

<td>Project_Name</td>

<td></td>

</tr>

<tr bgcolor="#D4E4F3">

<td>Division</td>

<td>Rajshahi</td>

</tr>

<tr>

<td>District</td>

<td>Naogaon</td>

</tr>

<tr bgcolor="#D4E4F3">

<td>Upazila</td>

<td>Naogaon Sadar</td>

</tr>

<tr>

<td>Create Date</td>

<td>01/09/2016</td>

</tr>

<tr bgcolor="#D4E4F3">

<td>Update Date</td>

<td>23/08/2023</td>

</tr>

<tr>

<td>Remarks-1</td>

<td></td>

</tr>

<tr bgcolor="#D4E4F3">

<td>Remarks-2</td>

<td></td>

</tr>

</table>

</td>

</tr>

</table>

</body>

</html>]]></description>
				<styleUrl>#IconStyle281</styleUrl>
				<Point>
					<coordinates>88.96387200000004,24.80267700000007,0</coordinates>
				</Point>
			</Placemark>
		</Folder>
		<Folder id="FeatureLayer29">
			<name>NGO1_PBS_SwitchingStation_20230824</name>
			<visibility>0</visibility>
			<open>1</open>
			<Snippet maxLines="0"></Snippet>
			<Placemark id="ID_290000">
				<name>33 KV Switching Station</name>
				<visibility>0</visibility>
				<Snippet maxLines="0"></Snippet>
				<description><![CDATA[<html xmlns:fo="http://www.w3.org/1999/XSL/Format" xmlns:msxsl="urn:schemas-microsoft-com:xslt">

<head>

<META http-equiv="Content-Type" content="text/html">

<meta http-equiv="content-type" content="text/html; charset=UTF-8">

</head>

<body style="margin:0px 0px 0px 0px;overflow:auto;background:#FFFFFF;">

<table style="font-family:Arial,Verdana,Times;font-size:12px;text-align:left;width:100%;border-collapse:collapse;padding:3px 3px 3px 3px">

<tr style="text-align:center;font-weight:bold;background:#9CBCE2">

<td>Naogaon PBS-1</td>

</tr>

<tr>

<td>

<table style="font-family:Arial,Verdana,Times;font-size:12px;text-align:left;width:100%;border-spacing:0px; padding:3px 3px 3px 3px">

<tr>

<td>PBS Name</td>

<td>Naogaon PBS-1</td>

</tr>

<tr bgcolor="#D4E4F3">

<td>Alphabetic Code</td>

<td>NGO-1</td>

</tr>

<tr>

<td>SE Zone</td>

<td>Bogra Zone</td>

</tr>

<tr bgcolor="#D4E4F3">

<td>Source Grid</td>

<td>Bogra Zone</td>

</tr>

<tr>

<td>Switching Station Name</td>

<td>33 KV Switching Station</td>

</tr>

<tr bgcolor="#D4E4F3">

<td>Code</td>

<td>N/A</td>

</tr>

<tr>

<td>Latitude</td>

<td>24.83371</td>

</tr>

<tr bgcolor="#D4E4F3">

<td>Longitude</td>

<td>88.58359</td>

</tr>

<tr>

<td>Type</td>

<td>Existing Switching Station</td>

</tr>

<tr bgcolor="#D4E4F3">

<td>Address</td>

<td>Niamotpur, Naogaon.</td>

</tr>

<tr>

<td>L_Purchase</td>

<td>N/A</td>

</tr>

<tr bgcolor="#D4E4F3">

<td>Remarks</td>

<td></td>

</tr>

<tr>

<td>Create Date</td>

<td>25/01/2016</td>

</tr>

<tr bgcolor="#D4E4F3">

<td>Update Date</td>

<td>24/08/2023</td>

</tr>

</table>

</td>

</tr>

</table>

</body>

</html>]]></description>
				<styleUrl>#IconStyle290</styleUrl>
				<Point>
					<coordinates>88.58359000000007,24.83371000000005,0</coordinates>
				</Point>
			</Placemark>
		</Folder>
		<Folder id="FeatureLayer30">
			<name>NGO1_33_11KV_SubStation_20231212</name>
			<visibility>0</visibility>
			<open>1</open>
			<Snippet maxLines="0"></Snippet>
			<Placemark id="ID_300000">
				<name>Atrai-2  S/S Cap: 10 MVA</name>
				<visibility>0</visibility>
				<Snippet maxLines="0"></Snippet>
				<description><![CDATA[<html xmlns:fo="http://www.w3.org/1999/XSL/Format" xmlns:msxsl="urn:schemas-microsoft-com:xslt">

<head>

<META http-equiv="Content-Type" content="text/html">

<meta http-equiv="content-type" content="text/html; charset=UTF-8">

</head>

<body style="margin:0px 0px 0px 0px;overflow:auto;background:#FFFFFF;">

<table style="font-family:Arial,Verdana,Times;font-size:12px;text-align:left;width:100%;border-collapse:collapse;padding:3px 3px 3px 3px">

<tr style="text-align:center;font-weight:bold;background:#9CBCE2">

<td>Naogaon PBS-1</td>

</tr>

<tr>

<td>

<table style="font-family:Arial,Verdana,Times;font-size:12px;text-align:left;width:100%;border-spacing:0px; padding:3px 3px 3px 3px">

<tr>

<td>PBS_Name</td>

<td>Naogaon PBS-1</td>

</tr>

<tr bgcolor="#D4E4F3">

<td>ALP_Code</td>

<td>NGO-1</td>

</tr>

<tr>

<td>SE_Zone</td>

<td>Bogra Zone</td>

</tr>

<tr bgcolor="#D4E4F3">

<td>Sourc_Grid</td>

<td>Naogaon Grid</td>

</tr>

<tr>

<td>Grid_Cap</td>

<td>150/225</td>

</tr>

<tr bgcolor="#D4E4F3">

<td>NoF_GTX</td>

<td>3x50/75</td>

</tr>

<tr>

<td>SS_ID</td>

<td>0</td>

</tr>

<tr bgcolor="#D4E4F3">

<td>SS_Name</td>

<td>Atrai-2</td>

</tr>

<tr>

<td>SSL_Name</td>

<td></td>

</tr>

<tr bgcolor="#D4E4F3">

<td>SS_Cap</td>

<td>10</td>

</tr>

<tr>

<td>NoF_Feeder</td>

<td>4</td>

</tr>

<tr bgcolor="#D4E4F3">

<td>NoF_SSTX</td>

<td>1</td>

</tr>

<tr>

<td>TX_Cap</td>

<td>10x1</td>

</tr>

<tr bgcolor="#D4E4F3">

<td>PeaK_Load</td>

<td>5</td>

</tr>

<tr>

<td>Opeak_Load</td>

<td>4</td>

</tr>

<tr bgcolor="#D4E4F3">

<td>SS_Type</td>

<td>Indoor</td>

</tr>

<tr>

<td>SS_MaterL</td>

<td>Steel Structure</td>

</tr>

<tr bgcolor="#D4E4F3">

<td>Financed</td>

<td>RRDP-II</td>

</tr>

<tr>

<td>ConsN_Date</td>

<td></td>

</tr>

<tr bgcolor="#D4E4F3">

<td>EnerZ_Date</td>

<td>02-04-2019</td>

</tr>

<tr>

<td>UpgN_ProjT</td>

<td></td>

</tr>

<tr bgcolor="#D4E4F3">

<td>UpgN_Date</td>

<td></td>

</tr>

<tr>

<td>Owner</td>

<td>PBS</td>

</tr>

<tr bgcolor="#D4E4F3">

<td>Status</td>

<td>Existing</td>

</tr>

<tr>

<td>Longitude</td>

<td>88.97733</td>

</tr>

<tr bgcolor="#D4E4F3">

<td>Latitude</td>

<td>24.6141</td>

</tr>

<tr>

<td>Address</td>

<td>Vortetulia, Vopara,Atrai, Naogaon</td>

</tr>

<tr bgcolor="#D4E4F3">

<td>Remarks</td>

<td></td>

</tr>

<tr>

<td>Legend</td>

<td>Existing 33/11 KV S/S</td>

</tr>

<tr bgcolor="#D4E4F3">

<td>Create Date</td>

<td>30/01/2017</td>

</tr>

<tr>

<td>Update Date</td>

<td>17/08/2023</td>

</tr>

</table>

</td>

</tr>

</table>

</body>

</html>]]></description>
				<styleUrl>#IconStyle300</styleUrl>
				<Point>
					<coordinates>88.97733000000005,24.61410000100005,0</coordinates>
				</Point>
			</Placemark>
			<Placemark id="ID_300001">
				<name>Atrai-1  S/S Cap: 10 MVA</name>
				<visibility>0</visibility>
				<Snippet maxLines="0"></Snippet>
				<description><![CDATA[<html xmlns:fo="http://www.w3.org/1999/XSL/Format" xmlns:msxsl="urn:schemas-microsoft-com:xslt">

<head>

<META http-equiv="Content-Type" content="text/html">

<meta http-equiv="content-type" content="text/html; charset=UTF-8">

</head>

<body style="margin:0px 0px 0px 0px;overflow:auto;background:#FFFFFF;">

<table style="font-family:Arial,Verdana,Times;font-size:12px;text-align:left;width:100%;border-collapse:collapse;padding:3px 3px 3px 3px">

<tr style="text-align:center;font-weight:bold;background:#9CBCE2">

<td>Naogaon PBS-1</td>

</tr>

<tr>

<td>

<table style="font-family:Arial,Verdana,Times;font-size:12px;text-align:left;width:100%;border-spacing:0px; padding:3px 3px 3px 3px">

<tr>

<td>PBS_Name</td>

<td>Naogaon PBS-1</td>

</tr>

<tr bgcolor="#D4E4F3">

<td>ALP_Code</td>

<td>NGO-1</td>

</tr>

<tr>

<td>SE_Zone</td>

<td>Bogra Zone</td>

</tr>

<tr bgcolor="#D4E4F3">

<td>Sourc_Grid</td>

<td>Naogaon Grid</td>

</tr>

<tr>

<td>Grid_Cap</td>

<td>150/225</td>

</tr>

<tr bgcolor="#D4E4F3">

<td>NoF_GTX</td>

<td>3x50/75</td>

</tr>

<tr>

<td>SS_ID</td>

<td>0</td>

</tr>

<tr bgcolor="#D4E4F3">

<td>SS_Name</td>

<td>Atrai-1</td>

</tr>

<tr>

<td>SSL_Name</td>

<td></td>

</tr>

<tr bgcolor="#D4E4F3">

<td>SS_Cap</td>

<td>10</td>

</tr>

<tr>

<td>NoF_Feeder</td>

<td>4</td>

</tr>

<tr bgcolor="#D4E4F3">

<td>NoF_SSTX</td>

<td>3</td>

</tr>

<tr>

<td>TX_Cap</td>

<td>3.33x3</td>

</tr>

<tr bgcolor="#D4E4F3">

<td>PeaK_Load</td>

<td>6.5</td>

</tr>

<tr>

<td>Opeak_Load</td>

<td>4.5</td>

</tr>

<tr bgcolor="#D4E4F3">

<td>SS_Type</td>

<td>Outdoor</td>

</tr>

<tr>

<td>SS_MaterL</td>

<td>Wooden Pole Mounted</td>

</tr>

<tr bgcolor="#D4E4F3">

<td>Financed</td>

<td>12 PBS</td>

</tr>

<tr>

<td>ConsN_Date</td>

<td></td>

</tr>

<tr bgcolor="#D4E4F3">

<td>EnerZ_Date</td>

<td>10-09-2003</td>

</tr>

<tr>

<td>UpgN_ProjT</td>

<td></td>

</tr>

<tr bgcolor="#D4E4F3">

<td>UpgN_Date</td>

<td></td>

</tr>

<tr>

<td>Owner</td>

<td>PBS</td>

</tr>

<tr bgcolor="#D4E4F3">

<td>Status</td>

<td>Existing</td>

</tr>

<tr>

<td>Longitude</td>

<td>88.977995</td>

</tr>

<tr bgcolor="#D4E4F3">

<td>Latitude</td>

<td>24.622211</td>

</tr>

<tr>

<td>Address</td>

<td>Vortetulia, Vopara,Atrai, Naogaon</td>

</tr>

<tr bgcolor="#D4E4F3">

<td>Remarks</td>

<td></td>

</tr>

<tr>

<td>Legend</td>

<td>Existing 33/11 KV S/S</td>

</tr>

<tr bgcolor="#D4E4F3">

<td>Create Date</td>

<td>30/01/2017</td>

</tr>

<tr>

<td>Update Date</td>

<td>17/08/2023</td>

</tr>

</table>

</td>

</tr>

</table>

</body>

</html>]]></description>
				<styleUrl>#IconStyle300</styleUrl>
				<Point>
					<coordinates>88.97799490000006,24.62221080000006,0</coordinates>
				</Point>
			</Placemark>
			<Placemark id="ID_300002">
				<name>Naogaon-4  S/S Cap: 10 MVA</name>
				<visibility>0</visibility>
				<Snippet maxLines="0"></Snippet>
				<description><![CDATA[<html xmlns:fo="http://www.w3.org/1999/XSL/Format" xmlns:msxsl="urn:schemas-microsoft-com:xslt">

<head>

<META http-equiv="Content-Type" content="text/html">

<meta http-equiv="content-type" content="text/html; charset=UTF-8">

</head>

<body style="margin:0px 0px 0px 0px;overflow:auto;background:#FFFFFF;">

<table style="font-family:Arial,Verdana,Times;font-size:12px;text-align:left;width:100%;border-collapse:collapse;padding:3px 3px 3px 3px">

<tr style="text-align:center;font-weight:bold;background:#9CBCE2">

<td>Naogaon PBS-1</td>

</tr>

<tr>

<td>

<table style="font-family:Arial,Verdana,Times;font-size:12px;text-align:left;width:100%;border-spacing:0px; padding:3px 3px 3px 3px">

<tr>

<td>PBS_Name</td>

<td>Naogaon PBS-1</td>

</tr>

<tr bgcolor="#D4E4F3">

<td>ALP_Code</td>

<td>NGO-1</td>

</tr>

<tr>

<td>SE_Zone</td>

<td>Bogra Zone</td>

</tr>

<tr bgcolor="#D4E4F3">

<td>Sourc_Grid</td>

<td>Naogaon Grid</td>

</tr>

<tr>

<td>Grid_Cap</td>

<td>150/225</td>

</tr>

<tr bgcolor="#D4E4F3">

<td>NoF_GTX</td>

<td>3x50/75</td>

</tr>

<tr>

<td>SS_ID</td>

<td>0</td>

</tr>

<tr bgcolor="#D4E4F3">

<td>SS_Name</td>

<td>Naogaon-4</td>

</tr>

<tr>

<td>SSL_Name</td>

<td></td>

</tr>

<tr bgcolor="#D4E4F3">

<td>SS_Cap</td>

<td>10</td>

</tr>

<tr>

<td>NoF_Feeder</td>

<td>0</td>

</tr>

<tr bgcolor="#D4E4F3">

<td>NoF_SSTX</td>

<td>0</td>

</tr>

<tr>

<td>TX_Cap</td>

<td></td>

</tr>

<tr bgcolor="#D4E4F3">

<td>PeaK_Load</td>

<td>0</td>

</tr>

<tr>

<td>Opeak_Load</td>

<td>0</td>

</tr>

<tr bgcolor="#D4E4F3">

<td>SS_Type</td>

<td></td>

</tr>

<tr>

<td>SS_MaterL</td>

<td></td>

</tr>

<tr bgcolor="#D4E4F3">

<td>Financed</td>

<td>Need to Finance</td>

</tr>

<tr>

<td>ConsN_Date</td>

<td></td>

</tr>

<tr bgcolor="#D4E4F3">

<td>EnerZ_Date</td>

<td></td>

</tr>

<tr>

<td>UpgN_ProjT</td>

<td></td>

</tr>

<tr bgcolor="#D4E4F3">

<td>UpgN_Date</td>

<td></td>

</tr>

<tr>

<td>Owner</td>

<td>PBS</td>

</tr>

<tr bgcolor="#D4E4F3">

<td>Status</td>

<td>Proposed</td>

</tr>

<tr>

<td>Longitude</td>

<td>88.856586</td>

</tr>

<tr bgcolor="#D4E4F3">

<td>Latitude</td>

<td>24.69969</td>

</tr>

<tr>

<td>Address</td>

<td>Hapania,Hapania,Naogaon</td>

</tr>

<tr bgcolor="#D4E4F3">

<td>Remarks</td>

<td></td>

</tr>

<tr>

<td>Legend</td>

<td>Proposed 33/11 KV S/S</td>

</tr>

<tr bgcolor="#D4E4F3">

<td>Create Date</td>

<td>30/01/2017</td>

</tr>

<tr>

<td>Update Date</td>

<td>17/08/2023</td>

</tr>

</table>

</td>

</tr>

</table>

</body>

</html>]]></description>
				<styleUrl>#IconStyle302</styleUrl>
				<Point>
					<coordinates>88.85658609200004,24.69969041200005,0</coordinates>
				</Point>
			</Placemark>
			<Placemark id="ID_300003">
				<name>Manda-2  S/S Cap: 15 MVA</name>
				<visibility>0</visibility>
				<Snippet maxLines="0"></Snippet>
				<description><![CDATA[<html xmlns:fo="http://www.w3.org/1999/XSL/Format" xmlns:msxsl="urn:schemas-microsoft-com:xslt">

<head>

<META http-equiv="Content-Type" content="text/html">

<meta http-equiv="content-type" content="text/html; charset=UTF-8">

</head>

<body style="margin:0px 0px 0px 0px;overflow:auto;background:#FFFFFF;">

<table style="font-family:Arial,Verdana,Times;font-size:12px;text-align:left;width:100%;border-collapse:collapse;padding:3px 3px 3px 3px">

<tr style="text-align:center;font-weight:bold;background:#9CBCE2">

<td>Naogaon PBS-1</td>

</tr>

<tr>

<td>

<table style="font-family:Arial,Verdana,Times;font-size:12px;text-align:left;width:100%;border-spacing:0px; padding:3px 3px 3px 3px">

<tr>

<td>PBS_Name</td>

<td>Naogaon PBS-1</td>

</tr>

<tr bgcolor="#D4E4F3">

<td>ALP_Code</td>

<td>NGO-1</td>

</tr>

<tr>

<td>SE_Zone</td>

<td>Bogra Zone</td>

</tr>

<tr bgcolor="#D4E4F3">

<td>Sourc_Grid</td>

<td>Niamatpur</td>

</tr>

<tr>

<td>Grid_Cap</td>

<td>120/182</td>

</tr>

<tr bgcolor="#D4E4F3">

<td>NoF_GTX</td>

<td>2x35/50, 2x25/41</td>

</tr>

<tr>

<td>SS_ID</td>

<td>0</td>

</tr>

<tr bgcolor="#D4E4F3">

<td>SS_Name</td>

<td>Manda-2</td>

</tr>

<tr>

<td>SSL_Name</td>

<td>Deluabari</td>

</tr>

<tr bgcolor="#D4E4F3">

<td>SS_Cap</td>

<td>15</td>

</tr>

<tr>

<td>NoF_Feeder</td>

<td>6</td>

</tr>

<tr bgcolor="#D4E4F3">

<td>NoF_SSTX</td>

<td>2</td>

</tr>

<tr>

<td>TX_Cap</td>

<td>10x1,5x1</td>

</tr>

<tr bgcolor="#D4E4F3">

<td>PeaK_Load</td>

<td>8</td>

</tr>

<tr>

<td>Opeak_Load</td>

<td>6</td>

</tr>

<tr bgcolor="#D4E4F3">

<td>SS_Type</td>

<td>Outdoor</td>

</tr>

<tr>

<td>SS_MaterL</td>

<td>SPC Pole Mounted</td>

</tr>

<tr bgcolor="#D4E4F3">

<td>Financed</td>

<td>1.8 MCCP</td>

</tr>

<tr>

<td>ConsN_Date</td>

<td></td>

</tr>

<tr bgcolor="#D4E4F3">

<td>EnerZ_Date</td>

<td>04-04-2014</td>

</tr>

<tr>

<td>UpgN_ProjT</td>

<td>PBS Own</td>

</tr>

<tr bgcolor="#D4E4F3">

<td>UpgN_Date</td>

<td>02-03-2021</td>

</tr>

<tr>

<td>Owner</td>

<td>PBS</td>

</tr>

<tr bgcolor="#D4E4F3">

<td>Status</td>

<td>Existing</td>

</tr>

<tr>

<td>Longitude</td>

<td>88.677979</td>

</tr>

<tr bgcolor="#D4E4F3">

<td>Latitude</td>

<td>24.716154</td>

</tr>

<tr>

<td>Address</td>

<td>Kittoli (Deluabari), Kusumba, Manda, Naogaon</td>

</tr>

<tr bgcolor="#D4E4F3">

<td>Remarks</td>

<td></td>

</tr>

<tr>

<td>Legend</td>

<td>Existing 33/11 KV S/S</td>

</tr>

<tr bgcolor="#D4E4F3">

<td>Create Date</td>

<td>30/01/2017</td>

</tr>

<tr>

<td>Update Date</td>

<td>17/08/2023</td>

</tr>

</table>

</td>

</tr>

</table>

</body>

</html>]]></description>
				<styleUrl>#IconStyle300</styleUrl>
				<Point>
					<coordinates>88.67797850000005,24.71615410200008,0</coordinates>
				</Point>
			</Placemark>
			<Placemark id="ID_300004">
				<name>Raninagor-2  S/S Cap: 10 MVA</name>
				<visibility>0</visibility>
				<Snippet maxLines="0"></Snippet>
				<description><![CDATA[<html xmlns:fo="http://www.w3.org/1999/XSL/Format" xmlns:msxsl="urn:schemas-microsoft-com:xslt">

<head>

<META http-equiv="Content-Type" content="text/html">

<meta http-equiv="content-type" content="text/html; charset=UTF-8">

</head>

<body style="margin:0px 0px 0px 0px;overflow:auto;background:#FFFFFF;">

<table style="font-family:Arial,Verdana,Times;font-size:12px;text-align:left;width:100%;border-collapse:collapse;padding:3px 3px 3px 3px">

<tr style="text-align:center;font-weight:bold;background:#9CBCE2">

<td>Naogaon PBS-1</td>

</tr>

<tr>

<td>

<table style="font-family:Arial,Verdana,Times;font-size:12px;text-align:left;width:100%;border-spacing:0px; padding:3px 3px 3px 3px">

<tr>

<td>PBS_Name</td>

<td>Naogaon PBS-1</td>

</tr>

<tr bgcolor="#D4E4F3">

<td>ALP_Code</td>

<td>NGO-1</td>

</tr>

<tr>

<td>SE_Zone</td>

<td>Bogra Zone</td>

</tr>

<tr bgcolor="#D4E4F3">

<td>Sourc_Grid</td>

<td>Naogaon Grid</td>

</tr>

<tr>

<td>Grid_Cap</td>

<td>150/225</td>

</tr>

<tr bgcolor="#D4E4F3">

<td>NoF_GTX</td>

<td>3x50/75</td>

</tr>

<tr>

<td>SS_ID</td>

<td>0</td>

</tr>

<tr bgcolor="#D4E4F3">

<td>SS_Name</td>

<td>Raninagor-2</td>

</tr>

<tr>

<td>SSL_Name</td>

<td>Abadpukur</td>

</tr>

<tr bgcolor="#D4E4F3">

<td>SS_Cap</td>

<td>10</td>

</tr>

<tr>

<td>NoF_Feeder</td>

<td>5</td>

</tr>

<tr bgcolor="#D4E4F3">

<td>NoF_SSTX</td>

<td>1</td>

</tr>

<tr>

<td>TX_Cap</td>

<td>10x1</td>

</tr>

<tr bgcolor="#D4E4F3">

<td>PeaK_Load</td>

<td>7</td>

</tr>

<tr>

<td>Opeak_Load</td>

<td>5</td>

</tr>

<tr bgcolor="#D4E4F3">

<td>SS_Type</td>

<td>Indoor</td>

</tr>

<tr>

<td>SS_MaterL</td>

<td>Steel Structure</td>

</tr>

<tr bgcolor="#D4E4F3">

<td>Financed</td>

<td>RRDP-II</td>

</tr>

<tr>

<td>ConsN_Date</td>

<td></td>

</tr>

<tr bgcolor="#D4E4F3">

<td>EnerZ_Date</td>

<td>16-02-2019</td>

</tr>

<tr>

<td>UpgN_ProjT</td>

<td></td>

</tr>

<tr bgcolor="#D4E4F3">

<td>UpgN_Date</td>

<td></td>

</tr>

<tr>

<td>Owner</td>

<td>PBS</td>

</tr>

<tr bgcolor="#D4E4F3">

<td>Status</td>

<td>Existing</td>

</tr>

<tr>

<td>Longitude</td>

<td>89.07906</td>

</tr>

<tr bgcolor="#D4E4F3">

<td>Latitude</td>

<td>24.71502</td>

</tr>

<tr>

<td>Address</td>

<td>Abadpukur,Kaligram, Raninagar, Naogaon</td>

</tr>

<tr bgcolor="#D4E4F3">

<td>Remarks</td>

<td></td>

</tr>

<tr>

<td>Legend</td>

<td>Existing 33/11 KV S/S</td>

</tr>

<tr bgcolor="#D4E4F3">

<td>Create Date</td>

<td>30/01/2017</td>

</tr>

<tr>

<td>Update Date</td>

<td>17/08/2023</td>

</tr>

</table>

</td>

</tr>

</table>

</body>

</html>]]></description>
				<styleUrl>#IconStyle300</styleUrl>
				<Point>
					<coordinates>89.07906000000008,24.71502000000005,0</coordinates>
				</Point>
			</Placemark>
			<Placemark id="ID_300005">
				<name>Manda-4  S/S Cap: 10 MVA</name>
				<visibility>0</visibility>
				<Snippet maxLines="0"></Snippet>
				<description><![CDATA[<html xmlns:fo="http://www.w3.org/1999/XSL/Format" xmlns:msxsl="urn:schemas-microsoft-com:xslt">

<head>

<META http-equiv="Content-Type" content="text/html">

<meta http-equiv="content-type" content="text/html; charset=UTF-8">

</head>

<body style="margin:0px 0px 0px 0px;overflow:auto;background:#FFFFFF;">

<table style="font-family:Arial,Verdana,Times;font-size:12px;text-align:left;width:100%;border-collapse:collapse;padding:3px 3px 3px 3px">

<tr style="text-align:center;font-weight:bold;background:#9CBCE2">

<td>Naogaon PBS-1</td>

</tr>

<tr>

<td>

<table style="font-family:Arial,Verdana,Times;font-size:12px;text-align:left;width:100%;border-spacing:0px; padding:3px 3px 3px 3px">

<tr>

<td>PBS_Name</td>

<td>Naogaon PBS-1</td>

</tr>

<tr bgcolor="#D4E4F3">

<td>ALP_Code</td>

<td>NGO-1</td>

</tr>

<tr>

<td>SE_Zone</td>

<td>Bogra Zone</td>

</tr>

<tr bgcolor="#D4E4F3">

<td>Sourc_Grid</td>

<td>Baghmara (UC) Grid</td>

</tr>

<tr>

<td>Grid_Cap</td>

<td>UC</td>

</tr>

<tr bgcolor="#D4E4F3">

<td>NoF_GTX</td>

<td>UC</td>

</tr>

<tr>

<td>SS_ID</td>

<td>0</td>

</tr>

<tr bgcolor="#D4E4F3">

<td>SS_Name</td>

<td>Manda-4</td>

</tr>

<tr>

<td>SSL_Name</td>

<td>Jotbazar</td>

</tr>

<tr bgcolor="#D4E4F3">

<td>SS_Cap</td>

<td>10</td>

</tr>

<tr>

<td>NoF_Feeder</td>

<td>0</td>

</tr>

<tr bgcolor="#D4E4F3">

<td>NoF_SSTX</td>

<td>0</td>

</tr>

<tr>

<td>TX_Cap</td>

<td></td>

</tr>

<tr bgcolor="#D4E4F3">

<td>PeaK_Load</td>

<td>0</td>

</tr>

<tr>

<td>Opeak_Load</td>

<td>0</td>

</tr>

<tr bgcolor="#D4E4F3">

<td>SS_Type</td>

<td></td>

</tr>

<tr>

<td>SS_MaterL</td>

<td></td>

</tr>

<tr bgcolor="#D4E4F3">

<td>Financed</td>

<td>Need to Finance</td>

</tr>

<tr>

<td>ConsN_Date</td>

<td></td>

</tr>

<tr bgcolor="#D4E4F3">

<td>EnerZ_Date</td>

<td></td>

</tr>

<tr>

<td>UpgN_ProjT</td>

<td></td>

</tr>

<tr bgcolor="#D4E4F3">

<td>UpgN_Date</td>

<td></td>

</tr>

<tr>

<td>Owner</td>

<td>PBS</td>

</tr>

<tr bgcolor="#D4E4F3">

<td>Status</td>

<td>Proposed</td>

</tr>

<tr>

<td>Longitude</td>

<td>88.743421</td>

</tr>

<tr bgcolor="#D4E4F3">

<td>Latitude</td>

<td>24.723752</td>

</tr>

<tr>

<td>Address</td>

<td>Jotbazar,Nurullahbad,Manda, Naogaon</td>

</tr>

<tr bgcolor="#D4E4F3">

<td>Remarks</td>

<td>Location Not Decided</td>

</tr>

<tr>

<td>Legend</td>

<td>Proposed 33/11 KV S/S</td>

</tr>

<tr bgcolor="#D4E4F3">

<td>Create Date</td>

<td>30/01/2017</td>

</tr>

<tr>

<td>Update Date</td>

<td>17/08/2023</td>

</tr>

</table>

</td>

</tr>

</table>

</body>

</html>]]></description>
				<styleUrl>#IconStyle302</styleUrl>
				<Point>
					<coordinates>88.74342086400009,24.72375232900004,0</coordinates>
				</Point>
			</Placemark>
			<Placemark id="ID_300006">
				<name>Raninagor-1  S/S Cap: 10 MVA</name>
				<visibility>0</visibility>
				<Snippet maxLines="0"></Snippet>
				<description><![CDATA[<html xmlns:fo="http://www.w3.org/1999/XSL/Format" xmlns:msxsl="urn:schemas-microsoft-com:xslt">

<head>

<META http-equiv="Content-Type" content="text/html">

<meta http-equiv="content-type" content="text/html; charset=UTF-8">

</head>

<body style="margin:0px 0px 0px 0px;overflow:auto;background:#FFFFFF;">

<table style="font-family:Arial,Verdana,Times;font-size:12px;text-align:left;width:100%;border-collapse:collapse;padding:3px 3px 3px 3px">

<tr style="text-align:center;font-weight:bold;background:#9CBCE2">

<td>Naogaon PBS-1</td>

</tr>

<tr>

<td>

<table style="font-family:Arial,Verdana,Times;font-size:12px;text-align:left;width:100%;border-spacing:0px; padding:3px 3px 3px 3px">

<tr>

<td>PBS_Name</td>

<td>Naogaon PBS-1</td>

</tr>

<tr bgcolor="#D4E4F3">

<td>ALP_Code</td>

<td>NGO-1</td>

</tr>

<tr>

<td>SE_Zone</td>

<td>Bogra Zone</td>

</tr>

<tr bgcolor="#D4E4F3">

<td>Sourc_Grid</td>

<td>Naogaon Grid</td>

</tr>

<tr>

<td>Grid_Cap</td>

<td>150/225</td>

</tr>

<tr bgcolor="#D4E4F3">

<td>NoF_GTX</td>

<td>3x50/75</td>

</tr>

<tr>

<td>SS_ID</td>

<td>0</td>

</tr>

<tr bgcolor="#D4E4F3">

<td>SS_Name</td>

<td>Raninagor-1</td>

</tr>

<tr>

<td>SSL_Name</td>

<td>Raninagar</td>

</tr>

<tr bgcolor="#D4E4F3">

<td>SS_Cap</td>

<td>10</td>

</tr>

<tr>

<td>NoF_Feeder</td>

<td>5</td>

</tr>

<tr bgcolor="#D4E4F3">

<td>NoF_SSTX</td>

<td>1</td>

</tr>

<tr>

<td>TX_Cap</td>

<td>10x1</td>

</tr>

<tr bgcolor="#D4E4F3">

<td>PeaK_Load</td>

<td>7.5</td>

</tr>

<tr>

<td>Opeak_Load</td>

<td>5</td>

</tr>

<tr bgcolor="#D4E4F3">

<td>SS_Type</td>

<td>Outdoor</td>

</tr>

<tr>

<td>SS_MaterL</td>

<td>SPC Pole Mounted</td>

</tr>

<tr bgcolor="#D4E4F3">

<td>Financed</td>

<td>Taken Over</td>

</tr>

<tr>

<td>ConsN_Date</td>

<td></td>

</tr>

<tr bgcolor="#D4E4F3">

<td>EnerZ_Date</td>

<td>22-03-2010</td>

</tr>

<tr>

<td>UpgN_ProjT</td>

<td></td>

</tr>

<tr bgcolor="#D4E4F3">

<td>UpgN_Date</td>

<td></td>

</tr>

<tr>

<td>Owner</td>

<td>PBS</td>

</tr>

<tr bgcolor="#D4E4F3">

<td>Status</td>

<td>Existing</td>

</tr>

<tr>

<td>Longitude</td>

<td>88.954516</td>

</tr>

<tr bgcolor="#D4E4F3">

<td>Latitude</td>

<td>24.734491</td>

</tr>

<tr>

<td>Address</td>

<td>Chalkmonu, Khattershar Raninagar,Raninagar, Naogaon</td>

</tr>

<tr bgcolor="#D4E4F3">

<td>Remarks</td>

<td></td>

</tr>

<tr>

<td>Legend</td>

<td>Existing 33/11 KV S/S</td>

</tr>

<tr bgcolor="#D4E4F3">

<td>Create Date</td>

<td>30/01/2017</td>

</tr>

<tr>

<td>Update Date</td>

<td>17/08/2023</td>

</tr>

</table>

</td>

</tr>

</table>

</body>

</html>]]></description>
				<styleUrl>#IconStyle300</styleUrl>
				<Point>
					<coordinates>88.95451620000006,24.73449060000007,0</coordinates>
				</Point>
			</Placemark>
			<Placemark id="ID_300007">
				<name>Manda-3 (Sotihat)  S/S Cap: 10 MVA</name>
				<visibility>0</visibility>
				<Snippet maxLines="0"></Snippet>
				<description><![CDATA[<html xmlns:fo="http://www.w3.org/1999/XSL/Format" xmlns:msxsl="urn:schemas-microsoft-com:xslt">

<head>

<META http-equiv="Content-Type" content="text/html">

<meta http-equiv="content-type" content="text/html; charset=UTF-8">

</head>

<body style="margin:0px 0px 0px 0px;overflow:auto;background:#FFFFFF;">

<table style="font-family:Arial,Verdana,Times;font-size:12px;text-align:left;width:100%;border-collapse:collapse;padding:3px 3px 3px 3px">

<tr style="text-align:center;font-weight:bold;background:#9CBCE2">

<td>Naogaon PBS-1</td>

</tr>

<tr>

<td>

<table style="font-family:Arial,Verdana,Times;font-size:12px;text-align:left;width:100%;border-spacing:0px; padding:3px 3px 3px 3px">

<tr>

<td>PBS_Name</td>

<td>Naogaon PBS-1</td>

</tr>

<tr bgcolor="#D4E4F3">

<td>ALP_Code</td>

<td>NGO-1</td>

</tr>

<tr>

<td>SE_Zone</td>

<td>Bogra Zone</td>

</tr>

<tr bgcolor="#D4E4F3">

<td>Sourc_Grid</td>

<td>Niamatpur</td>

</tr>

<tr>

<td>Grid_Cap</td>

<td>120/182</td>

</tr>

<tr bgcolor="#D4E4F3">

<td>NoF_GTX</td>

<td>2x35/50, 2x25/41</td>

</tr>

<tr>

<td>SS_ID</td>

<td>0</td>

</tr>

<tr bgcolor="#D4E4F3">

<td>SS_Name</td>

<td>Manda-3 (Sotihat)</td>

</tr>

<tr>

<td>SSL_Name</td>

<td>Sotihat</td>

</tr>

<tr bgcolor="#D4E4F3">

<td>SS_Cap</td>

<td>10</td>

</tr>

<tr>

<td>NoF_Feeder</td>

<td>0</td>

</tr>

<tr bgcolor="#D4E4F3">

<td>NoF_SSTX</td>

<td>0</td>

</tr>

<tr>

<td>TX_Cap</td>

<td></td>

</tr>

<tr bgcolor="#D4E4F3">

<td>PeaK_Load</td>

<td>0</td>

</tr>

<tr>

<td>Opeak_Load</td>

<td>0</td>

</tr>

<tr bgcolor="#D4E4F3">

<td>SS_Type</td>

<td>Indoor</td>

</tr>

<tr>

<td>SS_MaterL</td>

<td>Steel Structure</td>

</tr>

<tr bgcolor="#D4E4F3">

<td>Financed</td>

<td>DNE (100%)</td>

</tr>

<tr>

<td>ConsN_Date</td>

<td></td>

</tr>

<tr bgcolor="#D4E4F3">

<td>EnerZ_Date</td>

<td></td>

</tr>

<tr>

<td>UpgN_ProjT</td>

<td></td>

</tr>

<tr bgcolor="#D4E4F3">

<td>UpgN_Date</td>

<td></td>

</tr>

<tr>

<td>Owner</td>

<td>PBS</td>

</tr>

<tr bgcolor="#D4E4F3">

<td>Status</td>

<td>Existing</td>

</tr>

<tr>

<td>Longitude</td>

<td>88.75098</td>

</tr>

<tr bgcolor="#D4E4F3">

<td>Latitude</td>

<td>24.79893</td>

</tr>

<tr>

<td>Address</td>

<td>Sreerampur (Sotihat),Ganeshpur,Manda, Naogaon</td>

</tr>

<tr bgcolor="#D4E4F3">

<td>Remarks</td>

<td></td>

</tr>

<tr>

<td>Legend</td>

<td>Existing 33/11 KV S/S</td>

</tr>

<tr bgcolor="#D4E4F3">

<td>Create Date</td>

<td>30/01/2017</td>

</tr>

<tr>

<td>Update Date</td>

<td>17/08/2023</td>

</tr>

</table>

</td>

</tr>

</table>

</body>

</html>]]></description>
				<styleUrl>#IconStyle300</styleUrl>
				<Point>
					<coordinates>88.75098000000008,24.79893000000004,0</coordinates>
				</Point>
			</Placemark>
			<Placemark id="ID_300008">
				<name>Manda-1  S/S Cap: 20 MVA</name>
				<visibility>0</visibility>
				<Snippet maxLines="0"></Snippet>
				<description><![CDATA[<html xmlns:fo="http://www.w3.org/1999/XSL/Format" xmlns:msxsl="urn:schemas-microsoft-com:xslt">

<head>

<META http-equiv="Content-Type" content="text/html">

<meta http-equiv="content-type" content="text/html; charset=UTF-8">

</head>

<body style="margin:0px 0px 0px 0px;overflow:auto;background:#FFFFFF;">

<table style="font-family:Arial,Verdana,Times;font-size:12px;text-align:left;width:100%;border-collapse:collapse;padding:3px 3px 3px 3px">

<tr style="text-align:center;font-weight:bold;background:#9CBCE2">

<td>Naogaon PBS-1</td>

</tr>

<tr>

<td>

<table style="font-family:Arial,Verdana,Times;font-size:12px;text-align:left;width:100%;border-spacing:0px; padding:3px 3px 3px 3px">

<tr>

<td>PBS_Name</td>

<td>Naogaon PBS-1</td>

</tr>

<tr bgcolor="#D4E4F3">

<td>ALP_Code</td>

<td>NGO-1</td>

</tr>

<tr>

<td>SE_Zone</td>

<td>Bogra Zone</td>

</tr>

<tr bgcolor="#D4E4F3">

<td>Sourc_Grid</td>

<td>Niamatpur</td>

</tr>

<tr>

<td>Grid_Cap</td>

<td>120/182</td>

</tr>

<tr bgcolor="#D4E4F3">

<td>NoF_GTX</td>

<td>2x35/50, 2x25/41</td>

</tr>

<tr>

<td>SS_ID</td>

<td>0</td>

</tr>

<tr bgcolor="#D4E4F3">

<td>SS_Name</td>

<td>Manda-1</td>

</tr>

<tr>

<td>SSL_Name</td>

<td>Manda</td>

</tr>

<tr bgcolor="#D4E4F3">

<td>SS_Cap</td>

<td>20</td>

</tr>

<tr>

<td>NoF_Feeder</td>

<td>7</td>

</tr>

<tr bgcolor="#D4E4F3">

<td>NoF_SSTX</td>

<td>7</td>

</tr>

<tr>

<td>TX_Cap</td>

<td>10x1,1.667x6</td>

</tr>

<tr bgcolor="#D4E4F3">

<td>PeaK_Load</td>

<td>14</td>

</tr>

<tr>

<td>Opeak_Load</td>

<td>10</td>

</tr>

<tr bgcolor="#D4E4F3">

<td>SS_Type</td>

<td>Outdoor</td>

</tr>

<tr>

<td>SS_MaterL</td>

<td>U1-Steel Structure,U-2 SPC Pole</td>

</tr>

<tr bgcolor="#D4E4F3">

<td>Financed</td>

<td>3A</td>

</tr>

<tr>

<td>ConsN_Date</td>

<td></td>

</tr>

<tr bgcolor="#D4E4F3">

<td>EnerZ_Date</td>

<td>22-01-1992</td>

</tr>

<tr>

<td>UpgN_ProjT</td>

<td></td>

</tr>

<tr bgcolor="#D4E4F3">

<td>UpgN_Date</td>

<td></td>

</tr>

<tr>

<td>Owner</td>

<td>PBS</td>

</tr>

<tr bgcolor="#D4E4F3">

<td>Status</td>

<td>Existing</td>

</tr>

<tr>

<td>Longitude</td>

<td>88.70472</td>

</tr>

<tr bgcolor="#D4E4F3">

<td>Latitude</td>

<td>24.75619</td>

</tr>

<tr>

<td>Address</td>

<td>Barapoi,Kusumba, Manda, Naogaon</td>

</tr>

<tr bgcolor="#D4E4F3">

<td>Remarks</td>

<td></td>

</tr>

<tr>

<td>Legend</td>

<td>Existing 33/11 KV S/S</td>

</tr>

<tr bgcolor="#D4E4F3">

<td>Create Date</td>

<td>30/01/2017</td>

</tr>

<tr>

<td>Update Date</td>

<td>17/08/2023</td>

</tr>

</table>

</td>

</tr>

</table>

</body>

</html>]]></description>
				<styleUrl>#IconStyle300</styleUrl>
				<Point>
					<coordinates>88.70472000000007,24.75619000000006,0</coordinates>
				</Point>
			</Placemark>
			<Placemark id="ID_300009">
				<name>Naogaon-3 (Chakdarap)  S/S Cap: 10 MVA</name>
				<visibility>0</visibility>
				<Snippet maxLines="0"></Snippet>
				<description><![CDATA[<html xmlns:fo="http://www.w3.org/1999/XSL/Format" xmlns:msxsl="urn:schemas-microsoft-com:xslt">

<head>

<META http-equiv="Content-Type" content="text/html">

<meta http-equiv="content-type" content="text/html; charset=UTF-8">

</head>

<body style="margin:0px 0px 0px 0px;overflow:auto;background:#FFFFFF;">

<table style="font-family:Arial,Verdana,Times;font-size:12px;text-align:left;width:100%;border-collapse:collapse;padding:3px 3px 3px 3px">

<tr style="text-align:center;font-weight:bold;background:#9CBCE2">

<td>Naogaon PBS-1</td>

</tr>

<tr>

<td>

<table style="font-family:Arial,Verdana,Times;font-size:12px;text-align:left;width:100%;border-spacing:0px; padding:3px 3px 3px 3px">

<tr>

<td>PBS_Name</td>

<td>Naogaon PBS-1</td>

</tr>

<tr bgcolor="#D4E4F3">

<td>ALP_Code</td>

<td>NGO-1</td>

</tr>

<tr>

<td>SE_Zone</td>

<td>Bogra Zone</td>

</tr>

<tr bgcolor="#D4E4F3">

<td>Sourc_Grid</td>

<td>Naogaon Grid</td>

</tr>

<tr>

<td>Grid_Cap</td>

<td>150/225</td>

</tr>

<tr bgcolor="#D4E4F3">

<td>NoF_GTX</td>

<td>3x50/75</td>

</tr>

<tr>

<td>SS_ID</td>

<td>0</td>

</tr>

<tr bgcolor="#D4E4F3">

<td>SS_Name</td>

<td>Naogaon-3 (Chakdarap)</td>

</tr>

<tr>

<td>SSL_Name</td>

<td>Dubolhati</td>

</tr>

<tr bgcolor="#D4E4F3">

<td>SS_Cap</td>

<td>10</td>

</tr>

<tr>

<td>NoF_Feeder</td>

<td>4</td>

</tr>

<tr bgcolor="#D4E4F3">

<td>NoF_SSTX</td>

<td>1</td>

</tr>

<tr>

<td>TX_Cap</td>

<td>10x1</td>

</tr>

<tr bgcolor="#D4E4F3">

<td>PeaK_Load</td>

<td>3.5</td>

</tr>

<tr>

<td>Opeak_Load</td>

<td>2.5</td>

</tr>

<tr bgcolor="#D4E4F3">

<td>SS_Type</td>

<td>Indoor</td>

</tr>

<tr>

<td>SS_MaterL</td>

<td>Steel Structure</td>

</tr>

<tr bgcolor="#D4E4F3">

<td>Financed</td>

<td>DNE (100%)</td>

</tr>

<tr>

<td>ConsN_Date</td>

<td></td>

</tr>

<tr bgcolor="#D4E4F3">

<td>EnerZ_Date</td>

<td>08-04-2021</td>

</tr>

<tr>

<td>UpgN_ProjT</td>

<td></td>

</tr>

<tr bgcolor="#D4E4F3">

<td>UpgN_Date</td>

<td></td>

</tr>

<tr>

<td>Owner</td>

<td>PBS</td>

</tr>

<tr bgcolor="#D4E4F3">

<td>Status</td>

<td>Existing</td>

</tr>

<tr>

<td>Longitude</td>

<td>88.87841</td>

</tr>

<tr bgcolor="#D4E4F3">

<td>Latitude</td>

<td>24.77958</td>

</tr>

<tr>

<td>Address</td>

<td>Chalkdarap,Shikarpur,,Dubolhati,Naogaon</td>

</tr>

<tr bgcolor="#D4E4F3">

<td>Remarks</td>

<td></td>

</tr>

<tr>

<td>Legend</td>

<td>Existing 33/11 KV S/S</td>

</tr>

<tr bgcolor="#D4E4F3">

<td>Create Date</td>

<td>30/01/2017</td>

</tr>

<tr>

<td>Update Date</td>

<td>17/08/2023</td>

</tr>

</table>

</td>

</tr>

</table>

</body>

</html>]]></description>
				<styleUrl>#IconStyle300</styleUrl>
				<Point>
					<coordinates>88.87841000000003,24.77958000000007,0</coordinates>
				</Point>
			</Placemark>
			<Placemark id="ID_300010">
				<name>Niamotpur-2  S/S Cap: 20 MVA</name>
				<visibility>0</visibility>
				<Snippet maxLines="0"></Snippet>
				<description><![CDATA[<html xmlns:fo="http://www.w3.org/1999/XSL/Format" xmlns:msxsl="urn:schemas-microsoft-com:xslt">

<head>

<META http-equiv="Content-Type" content="text/html">

<meta http-equiv="content-type" content="text/html; charset=UTF-8">

</head>

<body style="margin:0px 0px 0px 0px;overflow:auto;background:#FFFFFF;">

<table style="font-family:Arial,Verdana,Times;font-size:12px;text-align:left;width:100%;border-collapse:collapse;padding:3px 3px 3px 3px">

<tr style="text-align:center;font-weight:bold;background:#9CBCE2">

<td>Naogaon PBS-1</td>

</tr>

<tr>

<td>

<table style="font-family:Arial,Verdana,Times;font-size:12px;text-align:left;width:100%;border-spacing:0px; padding:3px 3px 3px 3px">

<tr>

<td>PBS_Name</td>

<td>Naogaon PBS-1</td>

</tr>

<tr bgcolor="#D4E4F3">

<td>ALP_Code</td>

<td>NGO-1</td>

</tr>

<tr>

<td>SE_Zone</td>

<td>Bogra Zone</td>

</tr>

<tr bgcolor="#D4E4F3">

<td>Sourc_Grid</td>

<td>Niamatpur</td>

</tr>

<tr>

<td>Grid_Cap</td>

<td>120/182</td>

</tr>

<tr bgcolor="#D4E4F3">

<td>NoF_GTX</td>

<td>2x35/50, 2x25/41</td>

</tr>

<tr>

<td>SS_ID</td>

<td>0</td>

</tr>

<tr bgcolor="#D4E4F3">

<td>SS_Name</td>

<td>Niamotpur-2</td>

</tr>

<tr>

<td>SSL_Name</td>

<td>Sultanpur</td>

</tr>

<tr bgcolor="#D4E4F3">

<td>SS_Cap</td>

<td>20</td>

</tr>

<tr>

<td>NoF_Feeder</td>

<td>6</td>

</tr>

<tr bgcolor="#D4E4F3">

<td>NoF_SSTX</td>

<td>2</td>

</tr>

<tr>

<td>TX_Cap</td>

<td>10x2</td>

</tr>

<tr bgcolor="#D4E4F3">

<td>PeaK_Load</td>

<td>11.5</td>

</tr>

<tr>

<td>Opeak_Load</td>

<td>7</td>

</tr>

<tr bgcolor="#D4E4F3">

<td>SS_Type</td>

<td>Outdoor</td>

</tr>

<tr>

<td>SS_MaterL</td>

<td>SPC Pole Mounted</td>

</tr>

<tr bgcolor="#D4E4F3">

<td>Financed</td>

<td>RRDP-I</td>

</tr>

<tr>

<td>ConsN_Date</td>

<td></td>

</tr>

<tr bgcolor="#D4E4F3">

<td>EnerZ_Date</td>

<td>20-02-2013</td>

</tr>

<tr>

<td>UpgN_ProjT</td>

<td></td>

</tr>

<tr bgcolor="#D4E4F3">

<td>UpgN_Date</td>

<td></td>

</tr>

<tr>

<td>Owner</td>

<td>PBS</td>

</tr>

<tr bgcolor="#D4E4F3">

<td>Status</td>

<td>Existing</td>

</tr>

<tr>

<td>Longitude</td>

<td>88.503273</td>

</tr>

<tr bgcolor="#D4E4F3">

<td>Latitude</td>

<td>24.807245</td>

</tr>

<tr>

<td>Address</td>

<td>Sultanpur,Paroil, Niamotpur, Naogaon</td>

</tr>

<tr bgcolor="#D4E4F3">

<td>Remarks</td>

<td></td>

</tr>

<tr>

<td>Legend</td>

<td>Existing 33/11 KV S/S</td>

</tr>

<tr bgcolor="#D4E4F3">

<td>Create Date</td>

<td>30/01/2017</td>

</tr>

<tr>

<td>Update Date</td>

<td>17/08/2023</td>

</tr>

</table>

</td>

</tr>

</table>

</body>

</html>]]></description>
				<styleUrl>#IconStyle300</styleUrl>
				<Point>
					<coordinates>88.50327300000004,24.80724530000003,0</coordinates>
				</Point>
			</Placemark>
			<Placemark id="ID_300011">
				<name>Niamotpur-1  S/S Cap: 20 MVA</name>
				<visibility>0</visibility>
				<Snippet maxLines="0"></Snippet>
				<description><![CDATA[<html xmlns:fo="http://www.w3.org/1999/XSL/Format" xmlns:msxsl="urn:schemas-microsoft-com:xslt">

<head>

<META http-equiv="Content-Type" content="text/html">

<meta http-equiv="content-type" content="text/html; charset=UTF-8">

</head>

<body style="margin:0px 0px 0px 0px;overflow:auto;background:#FFFFFF;">

<table style="font-family:Arial,Verdana,Times;font-size:12px;text-align:left;width:100%;border-collapse:collapse;padding:3px 3px 3px 3px">

<tr style="text-align:center;font-weight:bold;background:#9CBCE2">

<td>Naogaon PBS-1</td>

</tr>

<tr>

<td>

<table style="font-family:Arial,Verdana,Times;font-size:12px;text-align:left;width:100%;border-spacing:0px; padding:3px 3px 3px 3px">

<tr>

<td>PBS_Name</td>

<td>Naogaon PBS-1</td>

</tr>

<tr bgcolor="#D4E4F3">

<td>ALP_Code</td>

<td>NGO-1</td>

</tr>

<tr>

<td>SE_Zone</td>

<td>Bogra Zone</td>

</tr>

<tr bgcolor="#D4E4F3">

<td>Sourc_Grid</td>

<td>Niamatpur</td>

</tr>

<tr>

<td>Grid_Cap</td>

<td>120/182</td>

</tr>

<tr bgcolor="#D4E4F3">

<td>NoF_GTX</td>

<td>2x35/50, 2x25/41</td>

</tr>

<tr>

<td>SS_ID</td>

<td>0</td>

</tr>

<tr bgcolor="#D4E4F3">

<td>SS_Name</td>

<td>Niamotpur-1</td>

</tr>

<tr>

<td>SSL_Name</td>

<td>Niamotpur</td>

</tr>

<tr bgcolor="#D4E4F3">

<td>SS_Cap</td>

<td>20</td>

</tr>

<tr>

<td>NoF_Feeder</td>

<td>7</td>

</tr>

<tr bgcolor="#D4E4F3">

<td>NoF_SSTX</td>

<td>5</td>

</tr>

<tr>

<td>TX_Cap</td>

<td>10×1,5x1,1.667x3</td>

</tr>

<tr bgcolor="#D4E4F3">

<td>PeaK_Load</td>

<td>10</td>

</tr>

<tr>

<td>Opeak_Load</td>

<td>7</td>

</tr>

<tr bgcolor="#D4E4F3">

<td>SS_Type</td>

<td>Outdoor</td>

</tr>

<tr>

<td>SS_MaterL</td>

<td>Steel Structure</td>

</tr>

<tr bgcolor="#D4E4F3">

<td>Financed</td>

<td>3A/IDA</td>

</tr>

<tr>

<td>ConsN_Date</td>

<td></td>

</tr>

<tr bgcolor="#D4E4F3">

<td>EnerZ_Date</td>

<td>22-01-1992</td>

</tr>

<tr>

<td>UpgN_ProjT</td>

<td></td>

</tr>

<tr bgcolor="#D4E4F3">

<td>UpgN_Date</td>

<td></td>

</tr>

<tr>

<td>Owner</td>

<td>PBS</td>

</tr>

<tr bgcolor="#D4E4F3">

<td>Status</td>

<td>Existing</td>

</tr>

<tr>

<td>Longitude</td>

<td>88.585793</td>

</tr>

<tr bgcolor="#D4E4F3">

<td>Latitude</td>

<td>24.833094</td>

</tr>

<tr>

<td>Address</td>

<td>Korkoria,Niamotpur, Naogaon</td>

</tr>

<tr bgcolor="#D4E4F3">

<td>Remarks</td>

<td></td>

</tr>

<tr>

<td>Legend</td>

<td>Existing 33/11 KV S/S</td>

</tr>

<tr bgcolor="#D4E4F3">

<td>Create Date</td>

<td>30/01/2017</td>

</tr>

<tr>

<td>Update Date</td>

<td>17/08/2023</td>

</tr>

</table>

</td>

</tr>

</table>

</body>

</html>]]></description>
				<styleUrl>#IconStyle300</styleUrl>
				<Point>
					<coordinates>88.58579319800003,24.83309420000005,0</coordinates>
				</Point>
			</Placemark>
			<Placemark id="ID_300012">
				<name>Naogaon (HQ)  S/S Cap: 20 MVA</name>
				<visibility>0</visibility>
				<Snippet maxLines="0"></Snippet>
				<description><![CDATA[<html xmlns:fo="http://www.w3.org/1999/XSL/Format" xmlns:msxsl="urn:schemas-microsoft-com:xslt">

<head>

<META http-equiv="Content-Type" content="text/html">

<meta http-equiv="content-type" content="text/html; charset=UTF-8">

</head>

<body style="margin:0px 0px 0px 0px;overflow:auto;background:#FFFFFF;">

<table style="font-family:Arial,Verdana,Times;font-size:12px;text-align:left;width:100%;border-collapse:collapse;padding:3px 3px 3px 3px">

<tr style="text-align:center;font-weight:bold;background:#9CBCE2">

<td>Naogaon PBS-1</td>

</tr>

<tr>

<td>

<table style="font-family:Arial,Verdana,Times;font-size:12px;text-align:left;width:100%;border-spacing:0px; padding:3px 3px 3px 3px">

<tr>

<td>PBS_Name</td>

<td>Naogaon PBS-1</td>

</tr>

<tr bgcolor="#D4E4F3">

<td>ALP_Code</td>

<td>NGO-1</td>

</tr>

<tr>

<td>SE_Zone</td>

<td>Bogra Zone</td>

</tr>

<tr bgcolor="#D4E4F3">

<td>Sourc_Grid</td>

<td>Naogaon Grid</td>

</tr>

<tr>

<td>Grid_Cap</td>

<td>150/225</td>

</tr>

<tr bgcolor="#D4E4F3">

<td>NoF_GTX</td>

<td>3x50/75</td>

</tr>

<tr>

<td>SS_ID</td>

<td>0</td>

</tr>

<tr bgcolor="#D4E4F3">

<td>SS_Name</td>

<td>Naogaon (HQ)</td>

</tr>

<tr>

<td>SSL_Name</td>

<td>H/Q</td>

</tr>

<tr bgcolor="#D4E4F3">

<td>SS_Cap</td>

<td>20</td>

</tr>

<tr>

<td>NoF_Feeder</td>

<td>7</td>

</tr>

<tr bgcolor="#D4E4F3">

<td>NoF_SSTX</td>

<td>3</td>

</tr>

<tr>

<td>TX_Cap</td>

<td>10x1, 5x2</td>

</tr>

<tr bgcolor="#D4E4F3">

<td>PeaK_Load</td>

<td>8</td>

</tr>

<tr>

<td>Opeak_Load</td>

<td>6</td>

</tr>

<tr bgcolor="#D4E4F3">

<td>SS_Type</td>

<td>Outdoor</td>

</tr>

<tr>

<td>SS_MaterL</td>

<td>Steel Structure</td>

</tr>

<tr bgcolor="#D4E4F3">

<td>Financed</td>

<td>3A</td>

</tr>

<tr>

<td>ConsN_Date</td>

<td></td>

</tr>

<tr bgcolor="#D4E4F3">

<td>EnerZ_Date</td>

<td>19-04-1990</td>

</tr>

<tr>

<td>UpgN_ProjT</td>

<td>1.5 MCCP</td>

</tr>

<tr bgcolor="#D4E4F3">

<td>UpgN_Date</td>

<td>23-11-2017</td>

</tr>

<tr>

<td>Owner</td>

<td>PBS</td>

</tr>

<tr bgcolor="#D4E4F3">

<td>Status</td>

<td>Existing</td>

</tr>

<tr>

<td>Longitude</td>

<td>88.91398</td>

</tr>

<tr bgcolor="#D4E4F3">

<td>Latitude</td>

<td>24.835258</td>

</tr>

<tr>

<td>Address</td>

<td>Naogaon PBS-1, Chakbiram, Naogaon</td>

</tr>

<tr bgcolor="#D4E4F3">

<td>Remarks</td>

<td></td>

</tr>

<tr>

<td>Legend</td>

<td>Existing 33/11 KV S/S</td>

</tr>

<tr bgcolor="#D4E4F3">

<td>Create Date</td>

<td>30/01/2017</td>

</tr>

<tr>

<td>Update Date</td>

<td>17/08/2023</td>

</tr>

</table>

</td>

</tr>

</table>

</body>

</html>]]></description>
				<styleUrl>#IconStyle300</styleUrl>
				<Point>
					<coordinates>88.91398000000004,24.83525790000004,0</coordinates>
				</Point>
			</Placemark>
			<Placemark id="ID_300013">
				<name>Mohadebpur-2 ( Chowmashia)  S/S Cap: 10 MVA</name>
				<visibility>0</visibility>
				<Snippet maxLines="0"></Snippet>
				<description><![CDATA[<html xmlns:fo="http://www.w3.org/1999/XSL/Format" xmlns:msxsl="urn:schemas-microsoft-com:xslt">

<head>

<META http-equiv="Content-Type" content="text/html">

<meta http-equiv="content-type" content="text/html; charset=UTF-8">

</head>

<body style="margin:0px 0px 0px 0px;overflow:auto;background:#FFFFFF;">

<table style="font-family:Arial,Verdana,Times;font-size:12px;text-align:left;width:100%;border-collapse:collapse;padding:3px 3px 3px 3px">

<tr style="text-align:center;font-weight:bold;background:#9CBCE2">

<td>Naogaon PBS-1</td>

</tr>

<tr>

<td>

<table style="font-family:Arial,Verdana,Times;font-size:12px;text-align:left;width:100%;border-spacing:0px; padding:3px 3px 3px 3px">

<tr>

<td>PBS_Name</td>

<td>Naogaon PBS-1</td>

</tr>

<tr bgcolor="#D4E4F3">

<td>ALP_Code</td>

<td>NGO-1</td>

</tr>

<tr>

<td>SE_Zone</td>

<td>Bogra Zone</td>

</tr>

<tr bgcolor="#D4E4F3">

<td>Sourc_Grid</td>

<td>Naogaon Grid</td>

</tr>

<tr>

<td>Grid_Cap</td>

<td>150/225</td>

</tr>

<tr bgcolor="#D4E4F3">

<td>NoF_GTX</td>

<td>3x50/75</td>

</tr>

<tr>

<td>SS_ID</td>

<td>0</td>

</tr>

<tr bgcolor="#D4E4F3">

<td>SS_Name</td>

<td>Mohadebpur-2 ( Chowmashia)</td>

</tr>

<tr>

<td>SSL_Name</td>

<td>Chowmasia</td>

</tr>

<tr bgcolor="#D4E4F3">

<td>SS_Cap</td>

<td>10</td>

</tr>

<tr>

<td>NoF_Feeder</td>

<td>6</td>

</tr>

<tr bgcolor="#D4E4F3">

<td>NoF_SSTX</td>

<td>1</td>

</tr>

<tr>

<td>TX_Cap</td>

<td>10x1</td>

</tr>

<tr bgcolor="#D4E4F3">

<td>PeaK_Load</td>

<td>8</td>

</tr>

<tr>

<td>Opeak_Load</td>

<td>5</td>

</tr>

<tr bgcolor="#D4E4F3">

<td>SS_Type</td>

<td>Indoor</td>

</tr>

<tr>

<td>SS_MaterL</td>

<td>Steel Structure</td>

</tr>

<tr bgcolor="#D4E4F3">

<td>Financed</td>

<td>REUP</td>

</tr>

<tr>

<td>ConsN_Date</td>

<td></td>

</tr>

<tr bgcolor="#D4E4F3">

<td>EnerZ_Date</td>

<td>26-11-2015</td>

</tr>

<tr>

<td>UpgN_ProjT</td>

<td></td>

</tr>

<tr bgcolor="#D4E4F3">

<td>UpgN_Date</td>

<td></td>

</tr>

<tr>

<td>Owner</td>

<td>PBS</td>

</tr>

<tr bgcolor="#D4E4F3">

<td>Status</td>

<td>Existing</td>

</tr>

<tr>

<td>Longitude</td>

<td>88.83738</td>

</tr>

<tr bgcolor="#D4E4F3">

<td>Latitude</td>

<td>24.86802</td>

</tr>

<tr>

<td>Address</td>

<td>Chowmashia,Cheragpur, Mohadebpur, Naogaon</td>

</tr>

<tr bgcolor="#D4E4F3">

<td>Remarks</td>

<td></td>

</tr>

<tr>

<td>Legend</td>

<td>Existing 33/11 KV S/S</td>

</tr>

<tr bgcolor="#D4E4F3">

<td>Create Date</td>

<td>30/01/2017</td>

</tr>

<tr>

<td>Update Date</td>

<td>17/08/2023</td>

</tr>

</table>

</td>

</tr>

</table>

</body>

</html>]]></description>
				<styleUrl>#IconStyle300</styleUrl>
				<Point>
					<coordinates>88.83738000000005,24.86802000000006,0</coordinates>
				</Point>
			</Placemark>
			<Placemark id="ID_300014">
				<name>Naogaon-2 (Hogolbari)  S/S Cap: 10 MVA</name>
				<visibility>0</visibility>
				<Snippet maxLines="0"></Snippet>
				<description><![CDATA[<html xmlns:fo="http://www.w3.org/1999/XSL/Format" xmlns:msxsl="urn:schemas-microsoft-com:xslt">

<head>

<META http-equiv="Content-Type" content="text/html">

<meta http-equiv="content-type" content="text/html; charset=UTF-8">

</head>

<body style="margin:0px 0px 0px 0px;overflow:auto;background:#FFFFFF;">

<table style="font-family:Arial,Verdana,Times;font-size:12px;text-align:left;width:100%;border-collapse:collapse;padding:3px 3px 3px 3px">

<tr style="text-align:center;font-weight:bold;background:#9CBCE2">

<td>Naogaon PBS-1</td>

</tr>

<tr>

<td>

<table style="font-family:Arial,Verdana,Times;font-size:12px;text-align:left;width:100%;border-spacing:0px; padding:3px 3px 3px 3px">

<tr>

<td>PBS_Name</td>

<td>Naogaon PBS-1</td>

</tr>

<tr bgcolor="#D4E4F3">

<td>ALP_Code</td>

<td>NGO-1</td>

</tr>

<tr>

<td>SE_Zone</td>

<td>Bogra Zone</td>

</tr>

<tr bgcolor="#D4E4F3">

<td>Sourc_Grid</td>

<td>Naogaon Grid</td>

</tr>

<tr>

<td>Grid_Cap</td>

<td>150/225</td>

</tr>

<tr bgcolor="#D4E4F3">

<td>NoF_GTX</td>

<td>3x50/75</td>

</tr>

<tr>

<td>SS_ID</td>

<td>0</td>

</tr>

<tr bgcolor="#D4E4F3">

<td>SS_Name</td>

<td>Naogaon-2 (Hogolbari)</td>

</tr>

<tr>

<td>SSL_Name</td>

<td>Hugolbari</td>

</tr>

<tr bgcolor="#D4E4F3">

<td>SS_Cap</td>

<td>10</td>

</tr>

<tr>

<td>NoF_Feeder</td>

<td>5</td>

</tr>

<tr bgcolor="#D4E4F3">

<td>NoF_SSTX</td>

<td>1</td>

</tr>

<tr>

<td>TX_Cap</td>

<td>10x1</td>

</tr>

<tr bgcolor="#D4E4F3">

<td>PeaK_Load</td>

<td>3.5</td>

</tr>

<tr>

<td>Opeak_Load</td>

<td>2</td>

</tr>

<tr bgcolor="#D4E4F3">

<td>SS_Type</td>

<td>Indoor</td>

</tr>

<tr>

<td>SS_MaterL</td>

<td>Steel Structure</td>

</tr>

<tr bgcolor="#D4E4F3">

<td>Financed</td>

<td>1.5 MCCP</td>

</tr>

<tr>

<td>ConsN_Date</td>

<td></td>

</tr>

<tr bgcolor="#D4E4F3">

<td>EnerZ_Date</td>

<td>28-12-2020</td>

</tr>

<tr>

<td>UpgN_ProjT</td>

<td></td>

</tr>

<tr bgcolor="#D4E4F3">

<td>UpgN_Date</td>

<td></td>

</tr>

<tr>

<td>Owner</td>

<td>PBS</td>

</tr>

<tr bgcolor="#D4E4F3">

<td>Status</td>

<td>Existing</td>

</tr>

<tr>

<td>Longitude</td>

<td>88.944408</td>

</tr>

<tr bgcolor="#D4E4F3">

<td>Latitude</td>

<td>24.876579</td>

</tr>

<tr>

<td>Address</td>

<td>Hogolbari, Boktarpur,Naogaon</td>

</tr>

<tr bgcolor="#D4E4F3">

<td>Remarks</td>

<td></td>

</tr>

<tr>

<td>Legend</td>

<td>Existing 33/11 KV S/S</td>

</tr>

<tr bgcolor="#D4E4F3">

<td>Create Date</td>

<td>30/01/2017</td>

</tr>

<tr>

<td>Update Date</td>

<td>17/08/2023</td>

</tr>

</table>

</td>

</tr>

</table>

</body>

</html>]]></description>
				<styleUrl>#IconStyle300</styleUrl>
				<Point>
					<coordinates>88.94440835300009,24.87657868700006,0</coordinates>
				</Point>
			</Placemark>
			<Placemark id="ID_300015">
				<name>Niamatpur-3 (Hazinagor)  S/S Cap: 10 MVA</name>
				<visibility>0</visibility>
				<Snippet maxLines="0"></Snippet>
				<description><![CDATA[<html xmlns:fo="http://www.w3.org/1999/XSL/Format" xmlns:msxsl="urn:schemas-microsoft-com:xslt">

<head>

<META http-equiv="Content-Type" content="text/html">

<meta http-equiv="content-type" content="text/html; charset=UTF-8">

</head>

<body style="margin:0px 0px 0px 0px;overflow:auto;background:#FFFFFF;">

<table style="font-family:Arial,Verdana,Times;font-size:12px;text-align:left;width:100%;border-collapse:collapse;padding:3px 3px 3px 3px">

<tr style="text-align:center;font-weight:bold;background:#9CBCE2">

<td>Naogaon PBS-1</td>

</tr>

<tr>

<td>

<table style="font-family:Arial,Verdana,Times;font-size:12px;text-align:left;width:100%;border-spacing:0px; padding:3px 3px 3px 3px">

<tr>

<td>PBS_Name</td>

<td>Naogaon PBS-1</td>

</tr>

<tr bgcolor="#D4E4F3">

<td>ALP_Code</td>

<td>NGO-1</td>

</tr>

<tr>

<td>SE_Zone</td>

<td>Bogra Zone</td>

</tr>

<tr bgcolor="#D4E4F3">

<td>Sourc_Grid</td>

<td>Niamatpur</td>

</tr>

<tr>

<td>Grid_Cap</td>

<td>120/182</td>

</tr>

<tr bgcolor="#D4E4F3">

<td>NoF_GTX</td>

<td>2x35/50, 2x25/41</td>

</tr>

<tr>

<td>SS_ID</td>

<td>0</td>

</tr>

<tr bgcolor="#D4E4F3">

<td>SS_Name</td>

<td>Niamatpur-3 (Hazinagor)</td>

</tr>

<tr>

<td>SSL_Name</td>

<td>Hazinagar</td>

</tr>

<tr bgcolor="#D4E4F3">

<td>SS_Cap</td>

<td>10</td>

</tr>

<tr>

<td>NoF_Feeder</td>

<td>4</td>

</tr>

<tr bgcolor="#D4E4F3">

<td>NoF_SSTX</td>

<td>1</td>

</tr>

<tr>

<td>TX_Cap</td>

<td>10x1</td>

</tr>

<tr bgcolor="#D4E4F3">

<td>PeaK_Load</td>

<td>3.5</td>

</tr>

<tr>

<td>Opeak_Load</td>

<td>1.5</td>

</tr>

<tr bgcolor="#D4E4F3">

<td>SS_Type</td>

<td>Indoor</td>

</tr>

<tr>

<td>SS_MaterL</td>

<td>Steel Structure</td>

</tr>

<tr bgcolor="#D4E4F3">

<td>Financed</td>

<td>DNE (100%)</td>

</tr>

<tr>

<td>ConsN_Date</td>

<td></td>

</tr>

<tr bgcolor="#D4E4F3">

<td>EnerZ_Date</td>

<td>07-04-2021</td>

</tr>

<tr>

<td>UpgN_ProjT</td>

<td></td>

</tr>

<tr bgcolor="#D4E4F3">

<td>UpgN_Date</td>

<td></td>

</tr>

<tr>

<td>Owner</td>

<td>PBS</td>

</tr>

<tr bgcolor="#D4E4F3">

<td>Status</td>

<td>Existing</td>

</tr>

<tr>

<td>Longitude</td>

<td>88.53924</td>

</tr>

<tr bgcolor="#D4E4F3">

<td>Latitude</td>

<td>24.91739</td>

</tr>

<tr>

<td>Address</td>

<td>Hazinagar, Hazinagar, Niamotpur, Naogaon</td>

</tr>

<tr bgcolor="#D4E4F3">

<td>Remarks</td>

<td></td>

</tr>

<tr>

<td>Legend</td>

<td>Existing 33/11 KV S/S</td>

</tr>

<tr bgcolor="#D4E4F3">

<td>Create Date</td>

<td>30/01/2017</td>

</tr>

<tr>

<td>Update Date</td>

<td>17/08/2023</td>

</tr>

</table>

</td>

</tr>

</table>

</body>

</html>]]></description>
				<styleUrl>#IconStyle300</styleUrl>
				<Point>
					<coordinates>88.53924000000006,24.91739000000006,0</coordinates>
				</Point>
			</Placemark>
			<Placemark id="ID_300016">
				<name>Badolgachi  S/S Cap: 15 MVA</name>
				<visibility>0</visibility>
				<Snippet maxLines="0"></Snippet>
				<description><![CDATA[<html xmlns:fo="http://www.w3.org/1999/XSL/Format" xmlns:msxsl="urn:schemas-microsoft-com:xslt">

<head>

<META http-equiv="Content-Type" content="text/html">

<meta http-equiv="content-type" content="text/html; charset=UTF-8">

</head>

<body style="margin:0px 0px 0px 0px;overflow:auto;background:#FFFFFF;">

<table style="font-family:Arial,Verdana,Times;font-size:12px;text-align:left;width:100%;border-collapse:collapse;padding:3px 3px 3px 3px">

<tr style="text-align:center;font-weight:bold;background:#9CBCE2">

<td>Naogaon PBS-1</td>

</tr>

<tr>

<td>

<table style="font-family:Arial,Verdana,Times;font-size:12px;text-align:left;width:100%;border-spacing:0px; padding:3px 3px 3px 3px">

<tr>

<td>PBS_Name</td>

<td>Naogaon PBS-1</td>

</tr>

<tr bgcolor="#D4E4F3">

<td>ALP_Code</td>

<td>NGO-1</td>

</tr>

<tr>

<td>SE_Zone</td>

<td>Bogra Zone</td>

</tr>

<tr bgcolor="#D4E4F3">

<td>Sourc_Grid</td>

<td>Naogaon Grid</td>

</tr>

<tr>

<td>Grid_Cap</td>

<td>150/225</td>

</tr>

<tr bgcolor="#D4E4F3">

<td>NoF_GTX</td>

<td>3x50/75</td>

</tr>

<tr>

<td>SS_ID</td>

<td>0</td>

</tr>

<tr bgcolor="#D4E4F3">

<td>SS_Name</td>

<td>Badolgachi</td>

</tr>

<tr>

<td>SSL_Name</td>

<td>Badolgachi</td>

</tr>

<tr bgcolor="#D4E4F3">

<td>SS_Cap</td>

<td>15</td>

</tr>

<tr>

<td>NoF_Feeder</td>

<td>7</td>

</tr>

<tr bgcolor="#D4E4F3">

<td>NoF_SSTX</td>

<td>2</td>

</tr>

<tr>

<td>TX_Cap</td>

<td>10x1,5x1</td>

</tr>

<tr bgcolor="#D4E4F3">

<td>PeaK_Load</td>

<td>10.5</td>

</tr>

<tr>

<td>Opeak_Load</td>

<td>7.5</td>

</tr>

<tr bgcolor="#D4E4F3">

<td>SS_Type</td>

<td>Semi-Indoor</td>

</tr>

<tr>

<td>SS_MaterL</td>

<td>SPC Pole Mounted</td>

</tr>

<tr bgcolor="#D4E4F3">

<td>Financed</td>

<td>07K</td>

</tr>

<tr>

<td>ConsN_Date</td>

<td></td>

</tr>

<tr bgcolor="#D4E4F3">

<td>EnerZ_Date</td>

<td>23-09-2002</td>

</tr>

<tr>

<td>UpgN_ProjT</td>

<td>PBS Own</td>

</tr>

<tr bgcolor="#D4E4F3">

<td>UpgN_Date</td>

<td>12-11-2019</td>

</tr>

<tr>

<td>Owner</td>

<td>PBS</td>

</tr>

<tr bgcolor="#D4E4F3">

<td>Status</td>

<td>Existing</td>

</tr>

<tr>

<td>Longitude</td>

<td>88.911018</td>

</tr>

<tr bgcolor="#D4E4F3">

<td>Latitude</td>

<td>24.969961</td>

</tr>

<tr>

<td>Address</td>

<td>Senpara,Badolgachi, Naogaon</td>

</tr>

<tr bgcolor="#D4E4F3">

<td>Remarks</td>

<td></td>

</tr>

<tr>

<td>Legend</td>

<td>Existing 33/11 KV S/S</td>

</tr>

<tr bgcolor="#D4E4F3">

<td>Create Date</td>

<td>30/01/2017</td>

</tr>

<tr>

<td>Update Date</td>

<td>17/08/2023</td>

</tr>

</table>

</td>

</tr>

</table>

</body>

</html>]]></description>
				<styleUrl>#IconStyle300</styleUrl>
				<Point>
					<coordinates>88.91101840000005,24.96996120000006,0</coordinates>
				</Point>
			</Placemark>
			<Placemark id="ID_300017">
				<name>Badolgachi-2  S/S Cap: 10 MVA</name>
				<visibility>0</visibility>
				<Snippet maxLines="0"></Snippet>
				<description><![CDATA[<html xmlns:fo="http://www.w3.org/1999/XSL/Format" xmlns:msxsl="urn:schemas-microsoft-com:xslt">

<head>

<META http-equiv="Content-Type" content="text/html">

<meta http-equiv="content-type" content="text/html; charset=UTF-8">

</head>

<body style="margin:0px 0px 0px 0px;overflow:auto;background:#FFFFFF;">

<table style="font-family:Arial,Verdana,Times;font-size:12px;text-align:left;width:100%;border-collapse:collapse;padding:3px 3px 3px 3px">

<tr style="text-align:center;font-weight:bold;background:#9CBCE2">

<td>Naogaon PBS-1</td>

</tr>

<tr>

<td>

<table style="font-family:Arial,Verdana,Times;font-size:12px;text-align:left;width:100%;border-spacing:0px; padding:3px 3px 3px 3px">

<tr>

<td>PBS_Name</td>

<td>Naogaon PBS-1</td>

</tr>

<tr bgcolor="#D4E4F3">

<td>ALP_Code</td>

<td>NGO-1</td>

</tr>

<tr>

<td>SE_Zone</td>

<td>Bogra Zone</td>

</tr>

<tr bgcolor="#D4E4F3">

<td>Sourc_Grid</td>

<td>Naogaon Grid</td>

</tr>

<tr>

<td>Grid_Cap</td>

<td>150/225</td>

</tr>

<tr bgcolor="#D4E4F3">

<td>NoF_GTX</td>

<td>3x50/75</td>

</tr>

<tr>

<td>SS_ID</td>

<td>0</td>

</tr>

<tr bgcolor="#D4E4F3">

<td>SS_Name</td>

<td>Badolgachi-2</td>

</tr>

<tr>

<td>SSL_Name</td>

<td></td>

</tr>

<tr bgcolor="#D4E4F3">

<td>SS_Cap</td>

<td>10</td>

</tr>

<tr>

<td>NoF_Feeder</td>

<td>0</td>

</tr>

<tr bgcolor="#D4E4F3">

<td>NoF_SSTX</td>

<td>0</td>

</tr>

<tr>

<td>TX_Cap</td>

<td></td>

</tr>

<tr bgcolor="#D4E4F3">

<td>PeaK_Load</td>

<td>0</td>

</tr>

<tr>

<td>Opeak_Load</td>

<td>0</td>

</tr>

<tr bgcolor="#D4E4F3">

<td>SS_Type</td>

<td>Indoor</td>

</tr>

<tr>

<td>SS_MaterL</td>

<td></td>

</tr>

<tr bgcolor="#D4E4F3">

<td>Financed</td>

<td>Modernization &amp;Capacity Enhancement Project (Rajshahi Rangpur Div)</td>

</tr>

<tr>

<td>ConsN_Date</td>

<td></td>

</tr>

<tr bgcolor="#D4E4F3">

<td>EnerZ_Date</td>

<td></td>

</tr>

<tr>

<td>UpgN_ProjT</td>

<td></td>

</tr>

<tr bgcolor="#D4E4F3">

<td>UpgN_Date</td>

<td></td>

</tr>

<tr>

<td>Owner</td>

<td>PBS</td>

</tr>

<tr bgcolor="#D4E4F3">

<td>Status</td>

<td>Proposed</td>

</tr>

<tr>

<td>Longitude</td>

<td>88.96875</td>

</tr>

<tr bgcolor="#D4E4F3">

<td>Latitude</td>

<td>24.96875</td>

</tr>

<tr>

<td>Address</td>

<td>Jagotnagor, Mithapur, Badolgachi, Naogaon</td>

</tr>

<tr bgcolor="#D4E4F3">

<td>Remarks</td>

<td>Under Process</td>

</tr>

<tr>

<td>Legend</td>

<td>Proposed 33/11 KV S/S</td>

</tr>

<tr bgcolor="#D4E4F3">

<td>Create Date</td>

<td>&lt;Null&gt;</td>

</tr>

<tr>

<td>Update Date</td>

<td>&lt;Null&gt;</td>

</tr>

</table>

</td>

</tr>

</table>

</body>

</html>]]></description>
				<styleUrl>#IconStyle302</styleUrl>
				<Point>
					<coordinates>88.96875000000006,24.96875000000006,0</coordinates>
				</Point>
			</Placemark>
			<Placemark id="ID_300018">
				<name>Niamotpur-4  S/S Cap: 10 MVA</name>
				<visibility>0</visibility>
				<Snippet maxLines="0"></Snippet>
				<description><![CDATA[<html xmlns:fo="http://www.w3.org/1999/XSL/Format" xmlns:msxsl="urn:schemas-microsoft-com:xslt">

<head>

<META http-equiv="Content-Type" content="text/html">

<meta http-equiv="content-type" content="text/html; charset=UTF-8">

</head>

<body style="margin:0px 0px 0px 0px;overflow:auto;background:#FFFFFF;">

<table style="font-family:Arial,Verdana,Times;font-size:12px;text-align:left;width:100%;border-collapse:collapse;padding:3px 3px 3px 3px">

<tr style="text-align:center;font-weight:bold;background:#9CBCE2">

<td>Naogaon PBS-1</td>

</tr>

<tr>

<td>

<table style="font-family:Arial,Verdana,Times;font-size:12px;text-align:left;width:100%;border-spacing:0px; padding:3px 3px 3px 3px">

<tr>

<td>PBS_Name</td>

<td>Naogaon PBS-1</td>

</tr>

<tr bgcolor="#D4E4F3">

<td>ALP_Code</td>

<td>NGO-1</td>

</tr>

<tr>

<td>SE_Zone</td>

<td>Bogra Zone</td>

</tr>

<tr bgcolor="#D4E4F3">

<td>Sourc_Grid</td>

<td>Niamatpur</td>

</tr>

<tr>

<td>Grid_Cap</td>

<td>120/182</td>

</tr>

<tr bgcolor="#D4E4F3">

<td>NoF_GTX</td>

<td>2x35/50, 2x25/41</td>

</tr>

<tr>

<td>SS_ID</td>

<td>0</td>

</tr>

<tr bgcolor="#D4E4F3">

<td>SS_Name</td>

<td>Niamotpur-4</td>

</tr>

<tr>

<td>SSL_Name</td>

<td></td>

</tr>

<tr bgcolor="#D4E4F3">

<td>SS_Cap</td>

<td>10</td>

</tr>

<tr>

<td>NoF_Feeder</td>

<td>0</td>

</tr>

<tr bgcolor="#D4E4F3">

<td>NoF_SSTX</td>

<td>0</td>

</tr>

<tr>

<td>TX_Cap</td>

<td></td>

</tr>

<tr bgcolor="#D4E4F3">

<td>PeaK_Load</td>

<td>0</td>

</tr>

<tr>

<td>Opeak_Load</td>

<td>0</td>

</tr>

<tr bgcolor="#D4E4F3">

<td>SS_Type</td>

<td>Indoor</td>

</tr>

<tr>

<td>SS_MaterL</td>

<td></td>

</tr>

<tr bgcolor="#D4E4F3">

<td>Financed</td>

<td>Modernization &amp;Capacity Enhancement Project (Rajshahi Rangpur Div)</td>

</tr>

<tr>

<td>ConsN_Date</td>

<td></td>

</tr>

<tr bgcolor="#D4E4F3">

<td>EnerZ_Date</td>

<td></td>

</tr>

<tr>

<td>UpgN_ProjT</td>

<td></td>

</tr>

<tr bgcolor="#D4E4F3">

<td>UpgN_Date</td>

<td></td>

</tr>

<tr>

<td>Owner</td>

<td>PBS</td>

</tr>

<tr bgcolor="#D4E4F3">

<td>Status</td>

<td>Proposed</td>

</tr>

<tr>

<td>Longitude</td>

<td>88.56174</td>

</tr>

<tr bgcolor="#D4E4F3">

<td>Latitude</td>

<td>24.73929</td>

</tr>

<tr>

<td>Address</td>

<td>Jarullapur, Bahadurpur, Niamotpur, Naogaon</td>

</tr>

<tr bgcolor="#D4E4F3">

<td>Remarks</td>

<td>Under Process</td>

</tr>

<tr>

<td>Legend</td>

<td>Proposed 33/11 KV S/S</td>

</tr>

<tr bgcolor="#D4E4F3">

<td>Create Date</td>

<td>&lt;Null&gt;</td>

</tr>

<tr>

<td>Update Date</td>

<td>&lt;Null&gt;</td>

</tr>

</table>

</td>

</tr>

</table>

</body>

</html>]]></description>
				<styleUrl>#IconStyle302</styleUrl>
				<Point>
					<coordinates>88.56174000000004,24.73929000000004,0</coordinates>
				</Point>
			</Placemark>
			<Placemark id="ID_300019">
				<name>Atrai-3  S/S Cap: 10 MVA</name>
				<visibility>0</visibility>
				<Snippet maxLines="0"></Snippet>
				<description><![CDATA[<html xmlns:fo="http://www.w3.org/1999/XSL/Format" xmlns:msxsl="urn:schemas-microsoft-com:xslt">

<head>

<META http-equiv="Content-Type" content="text/html">

<meta http-equiv="content-type" content="text/html; charset=UTF-8">

</head>

<body style="margin:0px 0px 0px 0px;overflow:auto;background:#FFFFFF;">

<table style="font-family:Arial,Verdana,Times;font-size:12px;text-align:left;width:100%;border-collapse:collapse;padding:3px 3px 3px 3px">

<tr style="text-align:center;font-weight:bold;background:#9CBCE2">

<td>Naogaon PBS-1</td>

</tr>

<tr>

<td>

<table style="font-family:Arial,Verdana,Times;font-size:12px;text-align:left;width:100%;border-spacing:0px; padding:3px 3px 3px 3px">

<tr>

<td>PBS_Name</td>

<td>Naogaon PBS-1</td>

</tr>

<tr bgcolor="#D4E4F3">

<td>ALP_Code</td>

<td>NGO-1</td>

</tr>

<tr>

<td>SE_Zone</td>

<td>Bogra Zone</td>

</tr>

<tr bgcolor="#D4E4F3">

<td>Sourc_Grid</td>

<td>Naogaon Grid</td>

</tr>

<tr>

<td>Grid_Cap</td>

<td>150/225</td>

</tr>

<tr bgcolor="#D4E4F3">

<td>NoF_GTX</td>

<td>3x50/75</td>

</tr>

<tr>

<td>SS_ID</td>

<td>0</td>

</tr>

<tr bgcolor="#D4E4F3">

<td>SS_Name</td>

<td>Atrai-3</td>

</tr>

<tr>

<td>SSL_Name</td>

<td></td>

</tr>

<tr bgcolor="#D4E4F3">

<td>SS_Cap</td>

<td>10</td>

</tr>

<tr>

<td>NoF_Feeder</td>

<td>0</td>

</tr>

<tr bgcolor="#D4E4F3">

<td>NoF_SSTX</td>

<td>0</td>

</tr>

<tr>

<td>TX_Cap</td>

<td>0</td>

</tr>

<tr bgcolor="#D4E4F3">

<td>PeaK_Load</td>

<td>0</td>

</tr>

<tr>

<td>Opeak_Load</td>

<td>0</td>

</tr>

<tr bgcolor="#D4E4F3">

<td>SS_Type</td>

<td>Indoor</td>

</tr>

<tr>

<td>SS_MaterL</td>

<td></td>

</tr>

<tr bgcolor="#D4E4F3">

<td>Financed</td>

<td>Modernization &amp;Capacity Enhancement Project (Rajshahi Rangpur Div)</td>

</tr>

<tr>

<td>ConsN_Date</td>

<td></td>

</tr>

<tr bgcolor="#D4E4F3">

<td>EnerZ_Date</td>

<td></td>

</tr>

<tr>

<td>UpgN_ProjT</td>

<td></td>

</tr>

<tr bgcolor="#D4E4F3">

<td>UpgN_Date</td>

<td></td>

</tr>

<tr>

<td>Owner</td>

<td>PBS</td>

</tr>

<tr bgcolor="#D4E4F3">

<td>Status</td>

<td>Existing</td>

</tr>

<tr>

<td>Longitude</td>

<td>88.87326</td>

</tr>

<tr bgcolor="#D4E4F3">

<td>Latitude</td>

<td>24.68792</td>

</tr>

<tr>

<td>Address</td>

<td>Muskipur, Monihari, Atrai, Naogaon</td>

</tr>

<tr bgcolor="#D4E4F3">

<td>Remarks</td>

<td></td>

</tr>

<tr>

<td>Legend</td>

<td>Existing 33/11 KV S/S</td>

</tr>

<tr bgcolor="#D4E4F3">

<td>Create Date</td>

<td>&lt;Null&gt;</td>

</tr>

<tr>

<td>Update Date</td>

<td>&lt;Null&gt;</td>

</tr>

</table>

</td>

</tr>

</table>

</body>

</html>]]></description>
				<styleUrl>#IconStyle300</styleUrl>
				<Point>
					<coordinates>88.87326000000007,24.68792000000008,0</coordinates>
				</Point>
			</Placemark>
		</Folder>
	</Folder>
	<Folder id="GroupLayer35">
		<name>PBS &amp; Installations</name>
		<visibility>0</visibility>
		<open>1</open>
		<Snippet maxLines="0"></Snippet>
		<Folder id="FeatureLayer36">
			<name>NGO1_PBS_BND_Poly_20231212</name>
			<visibility>0</visibility>
			<open>1</open>
			<Snippet maxLines="0"></Snippet>
			<Placemark id="ID_360000">
				<name>Naogaon PBS-1</name>
				<visibility>0</visibility>
				<Snippet maxLines="0"></Snippet>
				<description><![CDATA[<html xmlns:fo="http://www.w3.org/1999/XSL/Format" xmlns:msxsl="urn:schemas-microsoft-com:xslt">

<head>

<META http-equiv="Content-Type" content="text/html">

<meta http-equiv="content-type" content="text/html; charset=UTF-8">

</head>

<body style="margin:0px 0px 0px 0px;overflow:auto;background:#FFFFFF;">

<table style="font-family:Arial,Verdana,Times;font-size:12px;text-align:left;width:100%;border-collapse:collapse;padding:3px 3px 3px 3px">

<tr style="text-align:center;font-weight:bold;background:#9CBCE2">

<td>Naogaon PBS-1</td>

</tr>

<tr>

<td>

<table style="font-family:Arial,Verdana,Times;font-size:12px;text-align:left;width:100%;border-spacing:0px; padding:3px 3px 3px 3px">

<tr>

<td>PBS Name</td>

<td>Naogaon PBS-1</td>

</tr>

<tr bgcolor="#D4E4F3">

<td>Numeric Code</td>

<td>36</td>

</tr>

<tr>

<td>Alphabetic Code</td>

<td>NGO-1</td>

</tr>

<tr bgcolor="#D4E4F3">

<td>SE Zone</td>

<td>Bogra Zone</td>

</tr>

<tr>

<td>Project

</td>

<td>RRDP-2</td>

</tr>

<tr bgcolor="#D4E4F3">

<td>PBS Management Zone

</td>

<td>PBS Monitoring &amp; Management Operation (North) Zone</td>

</tr>

<tr>

<td>PBS Management Zone (Pro)</td>

<td>PBS Monitoring &amp; Management Operation (North) Zone</td>

</tr>

<tr bgcolor="#D4E4F3">

<td>UTM Zone</td>

<td>UTM Zone-45</td>

</tr>

<tr>

<td>PBS Name (Bengali)</td>

<td>নঁওগা পবিস-১</td>

</tr>

<tr bgcolor="#D4E4F3">

<td>CreateDate</td>

<td>30/01/2017</td>

</tr>

<tr>

<td>UpdateDate</td>

<td>25/10/2023</td>

</tr>

<tr bgcolor="#D4E4F3">

<td>PBS Code</td>

<td>NGO-1 (36)</td>

</tr>

<tr>

<td>Area SqKM</td>

<td>1892.795797</td>

</tr>

<tr bgcolor="#D4E4F3">

<td>Remarks</td>

<td>BND Checked</td>

</tr>

</table>

</td>

</tr>

</table>

</body>

</html>]]></description>
				<styleUrl>#PolyStyle360</styleUrl>
				<MultiGeometry>
					<Polygon>
						<outerBoundaryIs>
							<LinearRing>
								<coordinates>
									88.97518451705649,25.04995544613863,0 88.9750743976207,25.05007045149832,0 88.97500433369562,25.05014224981201,0 88.97491405419743,25.05025739651562,0 88.97473386900323,25.05044419991876,0 88.97463379426331,25.05054459027932,0 88.97450371186444,25.05067357270448,0 88.97443339346954,25.05077474083721,0 88.97430355765185,25.05087491827296,0 88.97420385769395,25.05093181939735,0 88.97409423260284,25.05098921351588,0 88.97397494111544,25.05101716716513,0 88.97386670801296,25.0509130267619,0 88.97378796922175,25.05084016473112,0 88.97372920219561,25.05075219405128,0 88.97368034478949,25.050665424094,0 88.97365159243991,25.05054829708957,0 88.97362258614,25.05046053923612,0 88.97355377759459,25.05038661793626,0 88.97349512784555,25.05028509248869,0 88.97341652104112,25.05019697999964,0 88.97333791335997,25.05010886747426,0 88.97325905850607,25.05004955975326,0 88.97315043754254,25.04999060419478,0 88.97298229979691,25.04993065732201,0 88.97281366059575,25.04992888428222,0 88.97268470770317,25.04992683117742,0 88.97255574897503,25.0499253422612,0 88.97237718481264,25.04992406347732,0 88.97219862930335,25.04992165411068,0 88.97197047416712,25.04991888943369,0 88.97183147340475,25.04993144925778,0 88.97172731543988,25.04993013763219,0 88.9716231526412,25.04992939112392,0 88.97149419001489,25.04992846646205,0 88.97128562531852,25.04995464755568,0 88.9711167372015,25.04998167838523,0 88.97090842112497,25.0499790540618,0 88.97076928457325,25.05000742741224,0 88.97065025063687,25.05000544311178,0 88.97049153616302,25.05000317461579,0 88.97031297171203,25.05000189245118,0 88.97018401378756,25.05000040236643,0 88.97005481066273,25.0500271509966,0 88.96994556117572,25.05004105215392,0 88.96980668689258,25.05003892505144,0 88.96960828205586,25.05003749989645,0 88.96944981279748,25.05000699055031,0 88.96929134744182,25.04997591494947,0 88.96906331415074,25.04995902594048,0 88.96893536790213,25.04984061950451,0 88.96885651033435,25.04978187449356,0 88.96872792898604,25.04973689224217,0 88.96859896639826,25.04973596505068,0 88.96847001251815,25.04973390828004,0 88.96833088520108,25.04976114897979,0 88.96821184269672,25.0497602930762,0 88.96802311749958,25.04978661196878,0 88.96786402154827,25.04982839493125,0 88.96768508520744,25.04987003530158,0 88.96758562836393,25.04989869055799,0 88.96749612562233,25.04992346469834,0 88.96737681282734,25.04995367114766,0 88.9672475954002,25.04998211292988,0 88.9671381044997,25.05002368751416,0 88.96703865224661,25.05005177812965,0 88.96691936447104,25.05007916005855,0 88.96682958150681,25.05013612721611,0 88.96662076129702,25.05019167196403,0 88.96642211478124,25.0502179171444,0 88.96632252507561,25.05026182185269,0 88.96608407996004,25.05030133606143,0 88.96590488731945,25.0503723436094,0 88.96567842054074,25.0504605207504,0 88.96553646244867,25.05052784189486,0 88.96538727985403,25.0505702584032,0 88.96527765147559,25.0506276462291,0 88.96515798886419,25.05069795256797,0 88.96504848679082,25.0507406551701,0 88.96494865562991,25.05081223359382,0 88.96479922220732,25.05088345451355,0 88.96468972956868,25.05092502738574,0 88.9645605151949,25.05095290082973,0 88.9644510224027,25.05099447353407,0 88.96430209015041,25.05100808401655,0 88.96409377276996,25.05100545021119,0 88.96396481345796,25.05100395387905,0 88.96368667513897,25.05104430710905,0 88.96352795989745,25.05104203122637,0 88.96341883614581,25.05104124258676,0 88.96328987676152,25.0510397456699,0 88.96313115173477,25.05103859794204,0 88.96292321852611,25.05099190720221,0 88.9627945050096,25.05096217004851,0 88.96263693138283,25.0508288586229,0 88.96258808835805,25.05074152022404,0 88.96253937223973,25.05063949672083,0 88.96246102927843,25.0505220086646,0 88.96233295660255,25.05041884647181,0 88.96232443014905,25.05025893482578,0 88.96227597118808,25.05012754189682,0 88.9622471018221,25.05002509710584,0 88.96221809487953,25.04993846688769,0 88.9621693843137,25.04983587892441,0 88.96212066506186,25.04973442040901,0 88.96209179593899,25.04963197556927,0 88.96203303857328,25.04954400058983,0 88.96200415882319,25.04944268521987,0 88.96192556625635,25.04935400179794,0 88.96176799079737,25.04922125353084,0 88.96161970092858,25.04916143748016,0 88.96146161806229,25.04908686409374,0 88.96125342779156,25.04907010526958,0 88.9611244752552,25.04906804205302,0 88.96097554470498,25.04908164908116,0 88.96086643333604,25.04907972896094,0 88.96070771066969,25.04907857848596,0 88.96057850095272,25.04910588412871,0 88.96039994780239,25.04910346045357,0 88.96025088896701,25.04913175187556,0 88.96014164839852,25.04914451544929,0 88.9599922147854,25.04921573157654,0 88.9598528380552,25.04927120426642,0 88.95970352739292,25.04932830019808,0 88.95959390101693,25.04938511874752,0 88.95942449727977,25.04947087504975,0 88.95928511607789,25.04952691241824,0 88.95911571680028,25.04961210319768,0 88.95899857608795,25.04967733942437,0 88.95893626885068,25.04971190666634,0 88.95884647818239,25.04976943348297,0 88.95869717518161,25.04982539808906,0 88.95856758018269,25.0498967565064,0 88.95846800222976,25.04993896142096,0 88.95835825125717,25.05000989905108,0 88.95822878419719,25.05006657206976,0 88.95812894826369,25.05013814613243,0 88.95802886136404,25.05023852517881,0 88.95789990254406,25.05023702352292,0 88.95782117304073,25.05016415241332,0 88.9576830567346,25.05007559873471,0 88.95748530475535,25.04999960310963,0 88.9572968200924,25.04999823291393,0 88.95716786148671,25.04999673060608,0 88.95696946641388,25.04999415813931,0 88.95671154524985,25.04999171712003,0 88.95650322996437,25.04998907253189,0 88.95634438705802,25.05000147220731,0 88.95621529590552,25.05001521939025,0 88.95611584061784,25.05004330193405,0 88.95589723284291,25.05008294390958,0 88.95571841083407,25.0501110135478,0 88.95551976303804,25.05013724424187,0 88.95539080518644,25.05013574038428,0 88.95528168185317,25.05013494570919,0 88.95509320663051,25.05013244323914,0 88.95497417388722,25.05013044633074,0 88.95486505152978,25.0501296513358,0 88.95473609264751,25.0501281460188,0 88.95450819018754,25.05009654846365,0 88.95437923626011,25.05009447944453,0 88.95424035325212,25.05009346632085,0 88.95398243158803,25.05009102056781,0 88.95383363328143,25.05008937109167,0 88.95377411591359,25.05008837215544,0 88.95361514448932,25.05011545407494,0 88.95323716622966,25.05022735801446,0 88.95302833931626,25.05028288310099,0 88.95295051236268,25.05010777919967,0 88.95284177690218,25.05006292814056,0 88.95282283056598,25.04996111889209,0 88.95278404486119,25.04985916520372,0 88.9527555654295,25.04971322869811,0 88.95272721115444,25.04955317220189,0 88.95270826109419,25.04945192810396,0 88.95265981254414,25.04932053138079,0 88.95266084174759,25.04920361706282,0 88.95268207859732,25.04904505248418,0 88.95268310680554,25.04892813817641,0 88.9526836790258,25.04886318576948,0 88.95270498968735,25.04869614957472,0 88.95273564031962,25.04859526701693,0 88.95282632748109,25.04843607981747,0 88.95290683635788,25.04830619023527,0 88.95305690956961,25.04816268652813,0 88.95313690608268,25.04809097139979,0 88.95321702654377,25.04800513626827,0 88.95329702284735,25.04793342016143,0 88.95339711802038,25.0478324798512,0 88.95346719408803,25.04776069193464,0 88.95359704312429,25.04766053278718,0 88.95373694186684,25.04754576187978,0 88.95380701757378,25.04747397382201,0 88.95380791099015,25.04737230899878,0 88.95380905828743,25.04724183994326,0 88.95378006779944,25.04715407815821,0 88.95377117020685,25.04703765736655,0 88.95370262394358,25.04693548604982,0 88.95369359753117,25.04683374950168,0 88.95374434469363,25.04670364170306,0 88.95377512692045,25.04658750954782,0 88.95384571376604,25.04645754694628,0 88.95389620185537,25.0463568085369,0 88.95398675714888,25.04621230593223,0 88.95407667178607,25.0461406620864,0 88.95410732472658,25.0460392150396,0 88.95410821305865,25.04593811540685,0 88.95410911123417,25.04583588628515,0 88.95411026223813,25.04570485203996,0 88.95408151498869,25.04558941555505,0 88.95408253322955,25.04547363074325,0 88.95410327112768,25.04537154680845,0 88.95410442216955,25.0452405125555,0 88.95420466746457,25.04399295058658,0 88.9542747410126,25.0439211624145,0 88.95432523277829,25.0438198596183,0 88.95440522585265,25.04374814307969,0 88.95448547654041,25.04364705798803,0 88.95460527207659,25.04356151079829,0 88.95479462908786,25.04346234968392,0 88.95492357604432,25.04346441876377,0 88.95498799446052,25.0434716659078,0 88.95505240797362,25.04347947821849,0 88.95520106455295,25.04349637730737,0 88.95535964573841,25.04351278266893,0 88.95551823678117,25.04352805837114,0 88.95569678217429,25.04353048841668,0 88.95582572816936,25.04353255672061,0 88.9559550660791,25.0434900060566,0 88.95606455374406,25.0434484407401,0 88.95623369875705,25.04339149278232,0 88.95639303784368,25.04332148262385,0 88.95660211341668,25.04323601897392,0 88.95665272665417,25.04312059555767,0 88.95665374655093,25.04300424656056,0 88.95660516833169,25.04288753626719,0 88.95656885106752,25.04278673091919,0 88.95649783536801,25.04268341345982,0 88.95634015070199,25.0425647802061,0 88.95618258615062,25.04243259108738,0 88.9560048055848,25.04234318189338,0 88.9558763657822,25.04228350434747,0 88.95578747666121,25.04223879911735,0 88.95562953087543,25.04215009962988,0 88.9555309690266,25.0420770827168,0 88.95538790343558,25.04198849036152,0 88.95538585035339,25.04193989991909,0 88.95534416329171,25.04188593621462,0 88.95526571317335,25.04178199916008,0 88.95512581198312,25.04161548247069,0 88.95503998823801,25.04150414939316,0 88.9550114989998,25.04135934360123,0 88.95498314354862,25.04119928744059,0 88.95495479311002,25.04103866697413,0 88.95490863799637,25.04092875170051,0 88.9549174161513,25.04077630997703,0 88.95487926646889,25.04060206212563,0 88.95484112083145,25.04042724907175,0 88.9548122594298,25.04032480311159,0 88.95476457717838,25.04010642803723,0 88.95475566980389,25.03999113581176,0 88.95470722358978,25.03985974040891,0 88.95470812060087,25.03975751125069,0 88.95469890055223,25.03967780199361,0 88.95468955167357,25.03961277790047,0 88.9546614598446,25.03942278786992,0 88.95462318612873,25.0392626589576,0 88.95462471969905,25.03908813521918,0 88.95459649435931,25.03891339461123,0 88.95459789323321,25.03875412124003,0 88.95459916815221,25.0386089669361,0 88.95460009974784,25.03850278409644,0 88.95457209304895,25.03830319288173,0 88.95452326116377,25.03821585104251,0 88.95443539684793,25.03805479741056,0 88.95438657401789,25.03796632603615,0 88.9542883942711,25.0378503837776,0 88.95420027268182,25.03771869850476,0 88.95413148282391,25.03764476784364,0 88.95399363661501,25.037527406233,0 88.95391479883364,25.03746808798797,0 88.95381637183758,25.03738038531874,0 88.95370791058544,25.03730560041751,0 88.95362919321286,25.03723272630127,0 88.95347164746981,25.03709940505307,0 88.95337309697717,25.03702582203211,0 88.9532447832003,25.0369525860656,0 88.95304743355111,25.03683365959979,0 88.95294875936065,25.03677419625267,0 88.9527897997513,25.03680184240403,0 88.95272101124394,25.03672791099856,0 88.95267218626803,25.03664000412228,0 88.95258432062926,25.03647951344176,0 88.95248615756911,25.03636187512214,0 88.95239790986362,25.03624487376034,0 88.95229948985209,25.03615660565369,0 88.95224087451446,25.03605394156233,0 88.95212287002744,25.03593672260411,0 88.95204441779737,25.03583391375488,0 88.95196583551069,25.03574579005819,0 88.95190747021738,25.03561488579923,0 88.95185902904782,25.03548349000872,0 88.95182063131176,25.03533804609405,0 88.95180232919142,25.03516337739062,0 88.95179344007698,25.03504639094164,0 88.95179471365529,25.03490180159248,0 88.95179586689113,25.03477076795656,0 88.95179754299511,25.03458043014086,0 88.95176981542723,25.0343497737973,0 88.95174184923687,25.03414622794111,0 88.95174325712419,25.03398638908405,0 88.95171491221811,25.0338257675091,0 88.95168605138132,25.03372388578821,0 88.95168707062216,25.03360810161713,0 88.95165898049771,25.03341867570755,0 88.9516302490991,25.0333021096678,0 88.95162161302781,25.03315631888106,0 88.95162276754313,25.03302528429177,0 88.95162378195802,25.03291006530426,0 88.95162544864267,25.03272085692183,0 88.95162685580884,25.03256101804187,0 88.95162864686148,25.03235768964983,0 88.95162966623852,25.03224190545653,0 88.95164086394141,25.0320968245794,0 88.95166904076861,25.03199479477773,0 88.95172264054361,25.03182178137556,0 88.95182323012835,25.03166323316281,0 88.9520034227809,25.03147645854139,0 88.95211342835502,25.03137502726494,0 88.95223333271541,25.03127592678578,0 88.95231344769579,25.03118952739889,0 88.95239330418214,25.03113249746375,0 88.95249300290482,25.03107504784187,0 88.95262270603745,25.03098957465597,0 88.95272265790149,25.03090331970079,0 88.95283226902319,25.03084650693604,0 88.95300203367914,25.03071726887236,0 88.95308201864997,25.03064555431157,0 88.95322188789369,25.03053191339604,0 88.95332183402654,25.03044622237421,0 88.9534716313034,25.0303315244791,0 88.95355149061029,25.03027392879766,0 88.95368144531052,25.03015965049417,0 88.95378126670994,25.03008807918918,0 88.95386125080088,25.03001636335253,0 88.95396158311461,25.02988661818794,0 88.95409179502521,25.02974297009526,0 88.95419421438604,25.02965786169533,0 88.95430198915209,25.02952760497085,0 88.95439201517794,25.0294418415541,0 88.95450238904357,25.02929804783988,0 88.95454509873254,25.02923509765159,0 88.95457271649367,25.02919632525877,0 88.95471309843686,25.02902394416694,0 88.95478316279087,25.02895215526271,0 88.95494338507739,25.02877935315927,0 88.95504345749818,25.02867897683752,0 88.95514352975707,25.02857860045692,0 88.95525313861987,25.02852178516569,0 88.95542212834131,25.02848008874456,0 88.9555809477191,25.02846712470972,0 88.95572763076495,25.02842413537769,0 88.95588917222921,25.02838351417061,0 88.95601848375934,25.02834209293443,0 88.95615274408972,25.0283018369065,0 88.95625880876381,25.02808345267156,0 88.9563295153947,25.02793823903913,0 88.9564102542773,25.02778010741736,0 88.95648159441177,25.02756260004436,0 88.95653194787364,25.02747598110352,0 88.95656322802715,25.02730223914023,0 88.95660443137452,25.02712800449462,0 88.95661804156208,25.02698971839916,0 88.95663736404461,25.02676561872898,0 88.95663826016612,25.02666339039496,0 88.95663914645098,25.02656229064627,0 88.95665008467816,25.02644601394465,0 88.95660252723472,25.02621351990819,0 88.95658878822275,25.0260835075666,0 88.95657232721847,25.02598115298265,0 88.95654633026217,25.02583523551209,0 88.9565473542487,25.02571832199629,0 88.95649941704767,25.0255293173047,0 88.95646127440683,25.025354506008,0 88.95638358193827,25.02516528455419,0 88.95633514003279,25.02503389010332,0 88.95625681984966,25.02491639886316,0 88.95617824225808,25.02482827793719,0 88.95600073583635,25.02471062882745,0 88.9558328951659,25.02462185724096,0 88.95571414090985,25.02459105604215,0 88.95558520492628,25.02459011682751,0 88.95505956937899,25.02458346381721,0 88.95478187187656,25.02458031023339,0 88.95462318631247,25.02457858883072,0 88.95418680417748,25.02457371254689,0 88.9540278703427,25.02460023050853,0 88.9538493493625,25.02459836286007,0 88.95335346297885,25.02459248534065,0 88.95306545962175,25.02463331050578,0 88.95302489858476,25.02473412025306,0 88.95301408117359,25.02483627600201,0 88.9530131918235,25.02493737593058,0 88.95296258327807,25.02505279719747,0 88.95292175777962,25.02518354163843,0 88.95291095014639,25.02528456879305,0 88.95290000838132,25.02540084454127,0 88.95289911995795,25.02550194445483,0 88.952897072908,25.02573464149241,0 88.95286654801933,25.02582196828634,0 88.95286565860005,25.02592306820917,0 88.95284441689951,25.02608276157259,0 88.95279592326064,25.02623943221554,0 88.95274267991431,25.02637234485563,0 88.95268444722174,25.02650861002085,0 88.95266154544763,25.02657509372648,0 88.95259135675082,25.02666100074752,0 88.9525409997088,25.02674761761919,0 88.95239082387484,25.02690580481684,0 88.95228108567747,25.0269773023013,0 88.95218101314249,25.02707767682271,0 88.95205894700032,25.02714117600808,0 88.95190190734827,25.02723379106172,0 88.95171256878994,25.02733351339579,0 88.95156302689453,25.02741940512268,0 88.95146320712286,25.02749097399228,0 88.95137344386625,25.02754680097984,0 88.95115370722466,25.02771916400408,0 88.95107385221236,25.02777619319818,0 88.95094402272032,25.02787634922168,0 88.95078405440792,25.02801977777751,0 88.95068435717246,25.02807722617289,0 88.95045483944692,25.02823370065278,0 88.95032500796714,25.02833385620188,0 88.95027020284913,25.02836226164468,0 88.9499364059245,25.02853322309645,0 88.94972723159424,25.02863223198795,0 88.94959778276498,25.02868889740332,0 88.94933863151397,25.0288310322415,0 88.94923893885017,25.02888791543303,0 88.94910897604844,25.02900275433001,0 88.94898893254573,25.02911766613098,0 88.94890842748848,25.02924811856771,0 88.94880745676416,25.02944959023153,0 88.94879182535944,25.02953476648823,0 88.94877616028027,25.02962389550334,0 88.94882473005424,25.02974004321917,0 88.94890356035388,25.02979936376949,0 88.94896229826551,25.02988734440079,0 88.94904100407278,25.02996078488898,0 88.94914907608988,25.03007849820153,0 88.94921760336732,25.0301812360264,0 88.94930585330809,25.03029710941857,0 88.94935466915889,25.03038558205141,0 88.94941353822452,25.03045887723249,0 88.94945244445836,25.0305461473613,0 88.94948129858339,25.03064859399573,0 88.94952999406978,25.03075062138395,0 88.94959737116375,25.03098382760816,0 88.94961618226527,25.03110032214848,0 88.94964517115005,25.03118751922004,0 88.94967299842158,25.03140631530461,0 88.94970159792204,25.03153756710189,0 88.94972955985082,25.03174111274657,0 88.94975804089933,25.03188592022543,0 88.94975688430861,25.03201695403578,0 88.94978548506268,25.03214820487722,0 88.94978459245687,25.0322493048692,0 88.94978338747758,25.03238598611765,0 88.94978229125675,25.03251024295551,0 88.94977984872205,25.03278699485825,0 88.94975821794905,25.03299017839833,0 88.94975693193608,25.03313589649731,0 88.94975604034934,25.03323699646531,0 88.94970528941244,25.03336766642076,0 88.94963483603996,25.03348294274725,0 88.94953437172333,25.03362680449144,0 88.94947409600081,25.03371278329518,0 88.94932390617426,25.03387096712614,0 88.9492437923269,25.03395680080813,0 88.94909373245881,25.03410029921269,0 88.94897380796054,25.0342010912262,0 88.94878394696954,25.03435841919388,0 88.94873172819047,25.03437441693268,0 88.94868447827795,25.03438932122329,0 88.94852278660915,25.03444574898489,0 88.94840537542639,25.03454260494294,0 88.948295883567,25.0345852947169,0 88.94816680703453,25.03459903400496,0 88.94800811405941,25.0345967401968,0 88.94777998318291,25.0345945017366,0 88.94752171498077,25.03463496894107,0 88.94738273015605,25.03464750496131,0 88.94721386346605,25.03467394245612,0 88.94686619496508,25.03472843845418,0 88.94670501630424,25.03472669041193,0 88.9465884687027,25.03472583431352,0 88.9464793705084,25.03472390281896,0 88.94633059529551,25.03472168039616,0 88.94615205412147,25.03472036867038,0 88.94589443163319,25.0346879739153,0 88.9456266293044,25.03468487506494,0 88.94546793111336,25.03468314374361,0 88.94531185731465,25.03466505131573,0 88.94490211464407,25.03472812300395,0 88.94471540797667,25.03480865043299,0 88.94454421072737,25.03481812261549,0 88.94443459095032,25.03487492969006,0 88.94425502820506,25.03498883411907,0 88.94417516526558,25.03504586002746,0 88.94405524055348,25.03514608315582,0 88.94384630542694,25.0352162784523,0 88.94373719577787,25.03521547537622,0 88.94361816805029,25.03521459886053,0 88.9434002260695,25.03518192708291,0 88.94320185085571,25.03517990082755,0 88.9430928823936,25.03516328161824,0 88.94296405994069,25.03514821115565,0 88.94275589699079,25.03513142654954,0 88.94260712205813,25.03512919950581,0 88.94248796402159,25.03514300732984,0 88.94205090524953,25.03520982377867,0 88.94204999648578,25.03531205266126,0 88.94207821293747,25.03548566555737,0 88.94205681309148,25.03566117291374,0 88.94205543355609,25.03581649260589,0 88.94205462038651,25.03590799081436,0 88.94203362755334,25.03603774860305,0 88.94198074907217,25.03612773192479,0 88.94195557944704,25.03616934461679,0 88.94196213017132,25.03626936891088,0 88.94193422514881,25.03633976786381,0 88.94193617812462,25.03639909040832,0 88.94183111852774,25.03650055114071,0 88.94170178896064,25.03654252416348,0 88.94160234131587,25.03657059746379,0 88.94139366310725,25.0366114199169,0 88.94121460683526,25.03666771123929,0 88.94100630985933,25.03666560869179,0 88.94089720973538,25.03666367319392,0 88.94079776276318,25.0366917459588,0 88.94066856214594,25.03671903376938,0 88.9405258225232,25.03687443890754,0 88.93992115715818,25.03654631829543,0 88.93989455828523,25.03646986878616,0 88.93974809058196,25.03648686129967,0 88.93903560960079,25.03656970642697,0 88.93889332300438,25.03639581316038,0 88.93882211497368,25.03631620909506,0 88.93871159776623,25.03619508049418,0 88.93844149757396,25.03589315276239,0 88.93818326797137,25.03565061997596,0 88.93788594349186,25.03534284154176,0 88.93757149973908,25.03500838764329,0 88.93734080327606,25.03473781511959,0 88.93712197243556,25.03452720301282,0 88.9369126323412,25.03436467299906,0 88.93673744967354,25.03426509269483,0 88.93650775826444,25.03416002428223,0 88.93628045065549,25.03406570442297,0 88.93598883758361,25.03395226825055,0 88.93569982665434,25.03382529481163,0 88.93549992381905,25.03371705607812,0 88.9354332589178,25.03368436584205,0 88.93524313926987,25.03359145023225,0 88.93501126333057,25.03345360289124,0 88.93479888306329,25.03335430874019,0 88.93458921413631,25.03322905133498,0 88.93440443468045,25.03309381257828,0 88.93424185062506,25.03297229382459,0 88.93412396264119,25.03284432858792,0 88.93400360045263,25.0327157806646,0 88.9338758201507,25.03258491788471,0 88.93378755316323,25.0324724239697,0 88.93368218085992,25.03233156090796,0 88.93359448007635,25.03215580941034,0 88.93349226697893,25.03193928067718,0 88.93330956996157,25.03157190671336,0 88.93327295222466,25.03150724360949,0 88.93311675356286,25.03122705109377,0 88.93298978994504,25.03100525487708,0 88.93288263921347,25.03078643089262,0 88.93280508341313,25.03058590109631,0 88.9327687443771,25.03049017248388,0 88.93273243051915,25.03039162055877,0 88.93261140553271,25.0300608550343,0 88.93246622789712,25.0296581743963,0 88.93233510903434,25.02934710293826,0 88.9322821021054,25.02917443266349,0 88.93225408927464,25.02897991971043,0 88.93216990645962,25.02868896622513,0 88.93212218946476,25.02847962139185,0 88.93205522742461,25.02820404650495,0 88.93199872691685,25.02786811239137,0 88.93196136931536,25.02760970331231,0 88.93190902816092,25.02736304452819,0 88.93186659465425,25.02711758848845,0 88.93182685381765,25.02684843028777,0 88.93177777376586,25.02651481081526,0 88.93170425648472,25.02614090490574,0 88.93165730666459,25.02584627554916,0 88.93160978400795,25.02561546710996,0 88.93156754904888,25.02534798511557,0 88.93150694881952,25.02491656234492,0 88.93146086698559,25.02452535176908,0 88.93140249864646,25.02412162317238,0 88.9313659646986,25.02377171673476,0 88.93131962953174,25.02340874539653,0 88.93128330340444,25.0230356827237,0 88.93125082154428,25.0227869119344,0 88.93122103742441,25.0225138737856,0 88.93119405165579,25.02220527145028,0 88.9311565967033,25.02195815861898,0 88.93116644298856,25.02168993451276,0 88.93117088506554,25.02147137546788,0 88.93121734557414,25.02126781528881,0 88.93126121604644,25.02107666309095,0 88.93133697348333,25.02092415686606,0 88.93143514244126,25.02076108577198,0 88.93155529134047,25.02063545772467,0 88.93168006861112,25.02054657827165,0 88.93182984410264,25.02043529100871,0 88.93202401619003,25.02035031741849,0 88.93221356227829,25.02022802975869,0 88.93239524015382,25.0201536948447,0 88.93260902307286,25.02009371885398,0 88.93285189637031,25.02010795327524,0 88.93312708894953,25.0201128249384,0 88.93337480926746,25.02013952054423,0 88.93357521862052,25.02018845721926,0 88.93375343456486,25.02022367313488,0 88.93392184408468,25.02024638843392,0 88.93408778448023,25.02026795664829,0 88.93426341003435,25.02031557816689,0 88.93444173765339,25.02033836780928,0 88.93464484954247,25.02036247043482,0 88.93476887699481,25.02035717886564,0 88.93489279310893,25.02036431171272,0 88.93505140636412,25.02037339768588,0 88.93518062078688,25.02034272626928,0 88.93528481737937,25.02033672200624,0 88.93539950315112,25.02026696893904,0 88.9354892833335,25.02020945765188,0 88.93553704395462,25.02013694779511,0 88.93559730284683,25.02005323513339,0 88.93561758252459,25.02000367957863,0 88.93561552223018,25.01967944819759,0 88.93564523469104,25.0194068524181,0 88.93564914793591,25.01924646795457,0 88.93566028231862,25.01911042481612,0 88.93569449405948,25.0188892628259,0 88.93569787814459,25.01878818212944,0 88.93570187655257,25.01861819645237,0 88.93573371017085,25.01838572026525,0 88.93575551375197,25.01816559555055,0 88.93577418273276,25.01801887646547,0 88.93580277339751,25.01787166614272,0 88.93581829076575,25.01780004741542,0 88.93587241253165,25.01757056068442,0 88.93599564409486,25.01737660610721,0 88.93610561492855,25.0172791411022,0 88.93624231341748,25.01724287624322,0 88.93636381832894,25.01724208237201,0 88.93642861002247,25.01720584863574,0 88.93652791063383,25.01719246494601,0 88.93662009715285,25.01714287787486,0 88.93669029161177,25.01705697886921,0 88.93674884514036,25.01688626699143,0 88.93678247887328,25.01672949183189,0 88.93675423498875,25.01656039662932,0 88.9366833981549,25.01644069102592,0 88.93657785948479,25.01631959765934,0 88.93641033351881,25.01619861031863,0 88.9362083183444,25.0160525136152,0 88.93597881873852,25.01592993615809,0 88.9358086122844,25.01583152074404,0 88.93565802866372,25.01575697441349,0 88.93547004273054,25.01570587339679,0 88.93530426483214,25.01566679863012,0 88.9352423728015,25.01565617172544,0 88.93514829421655,25.01564022219203,0 88.9350566897873,25.01562485698304,0 88.93481386048555,25.01560667284091,0 88.93461338810523,25.01556564480344,0 88.93444482340239,25.0155610028377,0 88.93438532934135,25.01555943168943,0 88.93415468504745,25.01556506015866,0 88.93392663127057,25.01555828113686,0 88.93363670973859,25.01553805088746,0 88.93332459661811,25.01550409854579,0 88.93303479276071,25.01547087645351,0 88.93277246845513,25.01541469911306,0 88.93255714624445,25.01537073412831,0 88.93230722497526,25.01531408413179,0 88.93217617420204,25.01527356942101,0 88.93204523110133,25.01522119433437,0 88.93197862362405,25.01518341949274,0 88.93194682748785,25.01513460622632,0 88.93189593765487,25.01500318529119,0 88.93190432750902,25.01489705882199,0 88.93192057207872,25.01474467406663,0 88.93196882381802,25.01461738032355,0 88.93200468493735,25.01448942969978,0 88.93207081921766,25.01430352553045,0 88.93211918228369,25.01416380630523,0 88.93215577725121,25.01395395987054,0 88.93218514603659,25.01372033707139,0 88.93223878170701,25.01354563714845,0 88.93224047909756,25.01335642946616,0 88.93221986176682,25.01316705593515,0 88.93211532491918,25.01293525939025,0 88.93202527368406,25.0127470627063,0 88.93197590545726,25.0127224076576,0 88.93187479758392,25.01266121710492,0 88.93160047378184,25.01256145653563,0 88.93150896350222,25.01253592162179,0 88.9313754127175,25.01249821185048,0 88.9310982863983,25.0124345788055,0 88.93088529692531,25.01240757375674,0 88.93065949020638,25.01242735331754,0 88.93043099582781,25.0124702712877,0 88.93011564106557,25.01252214289844,0 88.92981248382704,25.01259613331629,0 88.92964847088226,25.01263727230614,0 88.92948165310889,25.01271453872287,0 88.92932940106172,25.01282636920055,0 88.9292144347688,25.01292774628032,0 88.92912435793222,25.01301857723655,0 88.92905887011092,25.01313218478444,0 88.92900464099782,25.01337239964561,0 88.92896249757786,25.01364716038898,0 88.92894667697561,25.01375210130558,0 88.92892014623172,25.01394507732764,0 88.92886291809901,25.01424288396504,0 88.92880879419545,25.01447123852634,0 88.92875538726763,25.01461995617282,0 88.92870167459587,25.01480256168092,0 88.92862327043134,25.01497368644917,0 88.9285477628186,25.01509851533308,0 88.92845748020095,25.01521193790283,0 88.92840428044597,25.01533749924695,0 88.92835180705532,25.01538229327564,0 88.92825202426235,25.01544932793298,0 88.92811277910832,25.01549290931551,0 88.92794657222332,25.01550183421309,0 88.92778574048664,25.0154644814887,0 88.92759784537178,25.01540376901874,0 88.92745973500166,25.01532139951478,0 88.92731243545855,25.01515818979154,0 88.92715346795156,25.01491412048073,0 88.92704356219406,25.014728596481,0 88.92698282685809,25.01458975673128,0 88.92692188254114,25.01447407408525,0 88.92684844478718,25.01436903008522,0 88.92676012642868,25.01426443892523,0 88.92669876919896,25.0141945052413,0 88.92658793397385,25.01411233920789,0 88.92651139600639,25.0140761809935,0 88.92644962253665,25.01405256055287,0 88.92632308605378,25.01406178011414,0 88.92620863569184,25.01410554481547,0 88.92610874445617,25.01418443924093,0 88.92600596138965,25.0143090624474,0 88.92591274972943,25.01447216705377,0 88.92584688095953,25.01462756874836,0 88.92575597404019,25.01480989423828,0 88.92567746451222,25.01499231365642,0 88.92561124320015,25.01518668551407,0 88.92555762776595,25.01535799419242,0 88.9254788060808,25.01557486575203,0 88.92541217652261,25.01581442232592,0 88.92534595443584,25.01600879409643,0 88.92526401548864,25.01629624717038,0 88.92514476743935,25.01659641156233,0 88.92501313311926,25.0168953523354,0 88.92493444630865,25.01709697399743,0 88.92478269526222,25.01742683074362,0 88.92468140364348,25.01766047855698,0 88.92454942409691,25.01799726157356,0 88.92438855409733,25.01823836934087,0 88.92428264904621,25.01843357319321,0 88.92415714299486,25.01860264796629,0 88.92407385797664,25.01876413079613,0 88.92394814674822,25.01895579737415,0 88.92376006184725,25.01918992267344,0 88.92360214321641,25.01937852295696,0 88.92338216154853,25.01957512864134,0 88.92317025634506,25.01970119117919,0 88.92300555124116,25.01981743980684,0 88.92284344772904,25.01992015265866,0 88.92277600778273,25.01997443531855,0 88.92261641450142,25.02007377699003,0 88.92250161952384,25.02015481567611,0 88.92238681932754,25.02023641948624,0 88.92219720577776,25.02036490703723,0 88.9219676602175,25.02052190050839,0 88.92178811796089,25.02063351801502,0 88.92168832624937,25.02070054869816,0 88.92156126068079,25.02076737313851,0 88.92139431896396,25.02085649164058,0 88.92122975372372,25.02095692445977,0 88.92105010250432,25.02108040143463,0 88.92088543411568,25.02119212989126,0 88.92075753280665,25.02135101629688,0 88.92060225977529,25.02152042884909,0 88.92046185883352,25.02169051754546,0 88.92031877204434,25.02188317959956,0 88.92013839005728,25.02208685702691,0 88.91997278252497,25.02230194228241,0 88.91981729786224,25.02249451039992,0 88.91963618130259,25.02277895394161,0 88.91946788228988,25.02301717738123,0 88.91929141573836,25.02333554560446,0 88.91918313520736,25.02351773631968,0 88.91910181757007,25.02373458582396,0 88.91903506236514,25.02398600061089,0 88.91896867198722,25.02419731374084,0 88.91890196817097,25.0244430800305,0 88.91886052625884,25.0246376367745,0 88.91887167191516,25.02477554127206,0 88.9188801338296,25.0249360191952,0 88.91892857024555,25.02506347275337,0 88.91897659185385,25.02523667544271,0 88.91902140517389,25.02549006010355,0 88.91909349458146,25.02574365129333,0 88.91915059841457,25.02600899063218,0 88.91919820497762,25.02622794144381,0 88.91925614597322,25.02640121808605,0 88.91927969020583,25.02653921603434,0 88.91935188257662,25.02678151102294,0 88.91942449096192,25.02697805680295,0 88.91947013647567,25.02713994470371,0 88.91950597131701,25.02728989639376,0 88.91955368689179,25.02749698670194,0 88.91956151905585,25.02772693508529,0 88.91954403803346,25.02801374063993,0 88.91950343074588,25.02811623492731,0 88.91946308051115,25.02819048969058,0 88.91936280998031,25.02830948016668,0 88.91926512033471,25.02841719314209,0 88.91904253310396,25.02862507011298,0 88.91889498429818,25.02876177856837,0 88.91879744843347,25.02885254683807,0 88.91863247094922,25.02899703096513,0 88.918465201883,25.02912059914978,0 88.91826321855176,25.02924390485451,0 88.91797167035296,25.02939929477306,0 88.91771772702235,25.02950978117885,0 88.91753878802973,25.02955305330015,0 88.91743929947985,25.02958562754869,0 88.91736254415753,25.02957262137787,0 88.91717504767884,25.02946614582231,0 88.91687650310716,25.02930008838868,0 88.91668900842642,25.02919361215341,0 88.91651670442911,25.02905279571693,0 88.91636639860063,25.02894716463005,0 88.91623107955706,25.02882978542768,0 88.91600691590797,25.02866541738373,0 88.91588099010981,25.02860572256896,0 88.91580692089309,25.0285701430324,0 88.91569308024886,25.028544994166,0 88.91564338503287,25.02855591482292,0 88.91555402132931,25.02856597103784,0 88.91544224398645,25.02858658977163,0 88.91521330090735,25.02867466675003,0 88.91497185735024,25.02877394639593,0 88.91471791221196,25.02888442776383,0 88.91441395764315,25.02904028219956,0 88.9141844931691,25.02918540291436,0 88.91396752941382,25.02931932036672,0 88.91379033714631,25.02944280821487,0 88.91359858152956,25.02953172910643,0 88.91336431055281,25.02965986694901,0 88.91308565862064,25.02975999115935,0 88.91289697939125,25.02978341368661,0 88.91279521626656,25.02979337424508,0 88.91258932499987,25.02980085097917,0 88.91252233322224,25.02980486130856,0 88.91238838645289,25.02980892903093,0 88.91228171550735,25.02981320350296,0 88.91213553620047,25.0297991037956,0 88.9118706806149,25.02974625892988,0 88.91153135318257,25.02970188554583,0 88.91126878089304,25.02967052076725,0 88.91097943872705,25.02958359782039,0 88.91081601536681,25.02955693880899,0 88.91051676624086,25.02946881073639,0 88.91016514103572,25.02941360906018,0 88.90993941762201,25.02942036566308,0 88.90972360165428,25.02942832708875,0 88.90959725526608,25.02941494042096,0 88.90949796631404,25.02942548171218,0 88.90940891703578,25.02940108189972,0 88.9092856756865,25.02931937227549,0 88.90913514336326,25.02923914980647,0 88.90904885884434,25.02918370459649,0 88.90894777476315,25.02911967353239,0 88.90882446628787,25.02904530577866,0 88.90866122042586,25.02899944169366,0 88.90838681734911,25.02890641381714,0 88.90802790500047,25.02883477151157,0 88.9077652579772,25.02881187216672,0 88.90752540442776,25.02873718052054,0 88.9072383035499,25.02867681543228,0 88.90714430145007,25.02865181063078,0 88.90677818026478,25.02855525700424,0 88.90640179952553,25.02849590323741,0 88.90597546263388,25.02847570654188,0 88.90561907510315,25.0283995580231,0 88.90530186765557,25.02837736752102,0 88.90499214071509,25.0283507145707,0 88.90483371155175,25.02832069776733,0 88.90473480792791,25.02828944107586,0 88.90462106806156,25.02825355272559,0 88.90454206367596,25.02821566988491,0 88.90436917854728,25.02813979049536,0 88.9041344743283,25.0280447985409,0 88.90392694289379,25.02796131066819,0 88.90385547090028,25.02791331815384,0 88.90379632483568,25.02787332703452,0 88.90370760116282,25.02781390596018,0 88.90362396527034,25.02774040212567,0 88.90351079929553,25.02764238498537,0 88.90343207702658,25.0275740018686,0 88.90314926634173,25.02731766236819,0 88.90229942486383,25.02643339984004,0 88.9019885011046,25.02573061983097,0 88.90184020324435,25.02514035807631,0 88.90176148442973,25.02453424830379,0 88.90186597391069,25.02449720502234,0 88.90190104087159,25.02445906406303,0 88.90198415676419,25.02431962056184,0 88.90209974636933,25.02415444367983,0 88.90217809619097,25.02399406412593,0 88.90224613116041,25.02387653362912,0 88.90232642844252,25.02377378360765,0 88.90238456132471,25.02365448216012,0 88.90243992273255,25.02356679106101,0 88.90246021140831,25.02351780624378,0 88.90249964270187,25.02327522700265,0 88.90254972589928,25.02295308801125,0 88.90256388300349,25.02276228110467,0 88.90262032744469,25.02255711208308,0 88.90267939653306,25.02233614772504,0 88.90270554951442,25.02218892442496,0 88.90276450378343,25.02198038562968,0 88.90280029828749,25.02186317381975,0 88.90281666392713,25.02170175494345,0 88.90282022660091,25.02158429587444,0 88.90282392960891,25.02145158697539,0 88.90282762647382,25.02131944329632,0 88.90284865963216,25.02118969211303,0 88.90285472221476,25.02106999281904,0 88.9028907877541,25.02092341083923,0 88.90291431555211,25.02079198373501,0 88.90291800718212,25.02066040435611,0 88.90297089289491,25.0205721291065,0 88.90302697071543,25.02040649578236,0 88.90311438014827,25.02033881962515,0 88.90332806420948,25.02029131323419,0 88.90343741429407,25.0202644723306,0 88.90359267882901,25.02009846765827,0 88.9036529654818,25.02001420236116,0 88.90373830640257,25.01990188709594,0 88.90376900076613,25.0197998864369,0 88.90386521003524,25.01958428876908,0 88.90391862974005,25.01943783998117,0 88.90401989692548,25.01921154895521,0 88.90405916254457,25.0189864792014,0 88.90409774666355,25.01883539684055,0 88.90415217494187,25.01857937675232,0 88.90417888744284,25.01837115576324,0 88.90419621186615,25.01810524975386,0 88.90420996544361,25.01795793231428,0 88.90421405677989,25.01778286428627,0 88.90419938865745,25.01749073057188,0 88.90420635920665,25.01727219177902,0 88.90420854251148,25.01703497701748,0 88.90421446882513,25.01666053526885,0 88.90416007468022,25.0161048838213,0 88.90401063914818,25.01563831598565,0 88.90393339110869,25.01541066075523,0 88.90362131589197,25.0148349650328,0 88.90322817799773,25.01444617452778,0 88.90284692932136,25.0141128277909,0 88.90234704629145,25.01373846891023,0 88.90215850987677,25.01321116215152,0 88.90210689788998,25.01316162587812,0 88.90198400648039,25.01304432849885,0 88.9018982997989,25.0129278805523,0 88.90181010899973,25.01281197801296,0 88.90176116348846,25.0127421282096,0 88.90172730338001,25.01264980013109,0 88.90167878579392,25.01253363731739,0 88.90165231661172,25.01244644992118,0 88.90156998067563,25.01223343996537,0 88.9015706162957,25.01216453481674,0 88.90153480769708,25.01201457877846,0 88.90151324006708,25.01193364182767,0 88.90151376616879,25.01187659707417,0 88.90151836619698,25.01164674396684,0 88.9015079811881,25.01142863728733,0 88.90148832078945,25.01114098393974,0 88.90149270697657,25.01093428730449,0 88.90148210920405,25.01073933798181,0 88.90148575530489,25.0106128416923,0 88.9015146167891,25.01044078787504,0 88.90154120595076,25.01024612304375,0 88.90159527640304,25.01002907509962,0 88.90163953806457,25.00980009047884,0 88.90169360820163,25.00958304250835,0 88.90167004571184,25.00944956000848,0 88.90165820663218,25.00938903156772,0 88.9017656773965,25.00929609174964,0 88.90191523676971,25.00920968766441,0 88.90195691524549,25.00899198021635,0 88.90201024372658,25.00885513343291,0 88.90202337971066,25.0087750272687,0 88.9020489108069,25.00869501530601,0 88.90210192184986,25.00859262107365,0 88.90213014059174,25.00849003665564,0 88.90219349011659,25.0083419699758,0 88.90229919859959,25.00817106879281,0 88.90237742285197,25.00802311596146,0 88.90234316717769,25.0079737123538,0 88.90242605797438,25.00785742640739,0 88.90253124516536,25.00774300464041,0 88.9026390258035,25.00761617603059,0 88.90274702515971,25.00746562655446,0 88.90280016526258,25.007349111785,0 88.90284784748519,25.00728677985207,0 88.90292563794954,25.00718570497902,0 88.90304609452217,25.00702847234011,0 88.90317953416773,25.00680751187019,0 88.9033305212437,25.00656578738037,0 88.90345132459596,25.00637071334913,0 88.90357192010414,25.00619823050206,0 88.90371493739158,25.00601405739707,0 88.90383552704857,25.00584213958064,0 88.90400385416439,25.00560167664148,0 88.9041222962757,25.00539359253229,0 88.90424374715697,25.00512791811165,0 88.90433739796555,25.00491964399226,0 88.9044385946423,25.0046995667503,0 88.90453742550426,25.00446704415582,0 88.90460378448762,25.00426082121936,0 88.90464762778501,25.00407645512837,0 88.90467918045152,25.00388069712425,0 88.90471051863862,25.0037080974158,0 88.90473926951287,25.0035473383807,0 88.90474270432472,25.00344343518475,0 88.90474612979766,25.00334066058969,0 88.90473218959501,25.00323888393531,0 88.90472776694988,25.00318067207584,0 88.90469434303574,25.0030409020746,0 88.90464430940071,25.00282023400604,0 88.9046215036056,25.00260429171787,0 88.90464426644752,25.00255532554424,0 88.90470739172083,25.00243097883397,0 88.90475436295316,25.00217603165109,0 88.9047733114693,25.00200277179473,0 88.90482975149017,25.00179647270448,0 88.90487109432078,25.00161434679419,0 88.90492441687631,25.00147749831363,0 88.90495057801333,25.00132858175106,0 88.90501640502566,25.00117996774143,0 88.90510775358081,25.00095190657701,0 88.90523639087702,25.00071283391737,0 88.90533680372769,25.00057747554266,0 88.9054167970172,25.00050578682529,0 88.90544211121792,25.00044893181502,0 88.90551958943014,25.00038117801804,0 88.90560956590954,25.00030222295443,0 88.90571161501666,25.00025837955848,0 88.90578640084534,25.00021376423264,0 88.90590085120049,25.00016945032187,0 88.9060399766332,25.00013775156581,0 88.90624107819848,25.0001065257596,0 88.90645694457619,25.00008727363228,0 88.90670751671625,25.00006828489732,0 88.90693577199607,25.0000496911565,0 88.90714905531485,25.00004171534843,0 88.90736222951574,25.00004559962347,0 88.90752593797392,25.00003668014878,0 88.90765256974676,25.00001561608618,0 88.90776659334922,25.00001761461916,0 88.90788061793958,25.00001961305176,0 88.90794269178481,25.00000935366205,0 88.90801953583266,25.00001050372178,0 88.90813108156237,25.00001248321126,0 88.90824520897746,25.00000318530038,0 88.90838423577152,24.99998221524976,0 88.90847099002895,24.99998400526589,0 88.90858543393134,24.99994025456559,0 88.90873685578823,24.99991937879067,0 88.9088136946248,24.99992109365191,0 88.9088884790113,24.99987647593921,0 88.90896605764547,24.99979742441349,0 88.90899395877419,24.99972872633903,0 88.9090194828361,24.99964871438051,0 88.90900813877531,24.99953396618718,0 88.90897993824377,24.99936486554132,0 88.90892722705259,24.99916507787755,0 88.90887901842626,24.99901502910397,0 88.90880634139168,24.99882977519692,0 88.90876040014041,24.99870290154729,0 88.90873635001205,24.99862194783843,0 88.90865085386626,24.99848291213208,0 88.90851341399321,24.99833105446697,0 88.90844010570291,24.99821470537807,0 88.90840591241547,24.99815852599108,0 88.9083546101934,24.99807566945764,0 88.90833024479186,24.99802916728169,0 88.90823246353058,24.99787817625378,0 88.90819580707627,24.99782028423139,0 88.90815904777952,24.99777368736218,0 88.90812260426058,24.99769263884964,0 88.90808594790323,24.99763474588987,0 88.90804929159549,24.99757685382122,0 88.90802513930541,24.99750719511072,0 88.90799125190641,24.99741769257904,0 88.90792334352246,24.99725337300234,0 88.9078991852496,24.99718427948292,0 88.90787760551481,24.99710447292639,0 88.90786594611603,24.99702417798898,0 88.90785666260855,24.99695519697364,0 88.9078571862199,24.99689815316907,0 88.90785770367576,24.99684167278128,0 88.90801327322617,24.99663838744394,0 88.90957938212823,24.99617245678837,0 88.9096440158269,24.99615317939531,0 88.90985770582282,24.99610001582249,0 88.90994703977228,24.99609052778984,0 88.91002150625296,24.99608036216162,0 88.91009844633936,24.99607077952453,0 88.91020760720801,24.99606200719142,0 88.91028475876664,24.99602926892367,0 88.91036170393262,24.99601912184683,0 88.91044876631227,24.99598702265844,0 88.9105135229467,24.9959541898109,0 88.91056340697385,24.99592124375409,0 88.91062805476162,24.99590027123753,0 88.91067804650508,24.99585546387815,0 88.91072782681586,24.99583381384119,0 88.91081767248052,24.99576841107442,0 88.91087013773085,24.99572418757543,0 88.91092033654148,24.99565678800343,0 88.91094821940656,24.99558978438329,0 88.91099851562977,24.99551165484424,0 88.91103920147874,24.99540012657718,0 88.91105510805102,24.99528727994798,0 88.91109548811119,24.9952090746696,0 88.91109632008722,24.99511814273378,0 88.91109693972625,24.99505036724309,0 88.9111125312746,24.9949719731119,0 88.91112554048283,24.99490485724664,0 88.91112626272241,24.99482578569774,0 88.91113193929209,24.99474731674263,0 88.91114536088978,24.99463501662065,0 88.91114587789544,24.99457853628228,0 88.91116136578982,24.99451143911953,0 88.9111622900955,24.99441034063627,0 88.91117829397504,24.99428676314528,0 88.91118149079631,24.99420827549375,0 88.91118200781156,24.99415179605589,0 88.91118293211871,24.99405069756905,0 88.91118881386893,24.99394963649197,0 88.91118963043361,24.99386039836772,0 88.91117836639327,24.99373661423186,0 88.91118393932805,24.99366944134022,0 88.91118465645528,24.9935909349904,0 88.91117287740583,24.99352363026552,0 88.9111860926845,24.99343392136052,0 88.9111795809041,24.99333276674619,0 88.9111805001167,24.99323223255563,0 88.91119340043053,24.99317697706119,0 88.91115983230583,24.99305245845115,0 88.91112924877825,24.99287260861574,0 88.91109340423098,24.9927260443323,0 88.91107232831486,24.99259088836062,0 88.91101427736531,24.9924328587087,0 88.91096831523699,24.99230824557898,0 88.91092429003767,24.9922429548255,0 88.91088270252021,24.99218220173476,0 88.91082444987741,24.99204619891606,0 88.91076331533918,24.99195423122119,0 88.91070465444606,24.99186284742005,0 88.9106926737015,24.9918175695602,0 88.91061904232888,24.99173680338254,0 88.91058258290212,24.99165744923675,0 88.91053343039214,24.99161075928333,0 88.91041044459865,24.99150532995719,0 88.91037357674878,24.99147059483671,0 88.91031223645143,24.99140121905736,0 88.91025059124443,24.99136516626267,0 88.91017428560485,24.99130584282979,0 88.91013990268145,24.9912705620489,0 88.91007835516946,24.991223777415,0 88.90999223777403,24.99115308290026,0 88.90994050230438,24.99111767008733,0 88.90984178940195,24.99106890877936,0 88.90980492697234,24.99103360828909,0 88.90971592232098,24.99100751396916,0 88.90965417370482,24.99098275608311,0 88.90951859871768,24.99089869490456,0 88.90940501831838,24.9908492547626,0 88.90935586557897,24.99080256438223,0 88.90928440909187,24.990755139216,0 88.90919540988129,24.99072848025791,0 88.90914605578325,24.99070381674766,0 88.9090720169625,24.99066766881266,0 88.9089459439847,24.99062886546021,0 88.90884455578453,24.9906015464474,0 88.90874305962275,24.99058608774443,0 88.90865395162938,24.99057128884244,0 88.90851786452838,24.99054314099648,0 88.90837919592842,24.9905262694394,0 88.90820366653979,24.99047409771375,0 88.90806520487337,24.99043463459054,0 88.90796370277957,24.99041974056403,0 88.90786489235835,24.99038170874125,0 88.90775120393211,24.99034412766489,0 88.90767696394262,24.99033000595881,0 88.90759054278061,24.99029263388528,0 88.90752642534324,24.99025599499327,0 88.90744009694829,24.99020845626284,0 88.90730173975537,24.99015769630049,0 88.90721531266793,24.99012088831453,0 88.90711412287764,24.99007210539922,0 88.90696595439209,24.99000997391003,0 88.9068648678233,24.9899498956315,0 88.9067785450235,24.9899017912769,0 88.90667735557022,24.98985300804209,0 88.90659113597314,24.98979360838656,0 88.90650481951937,24.98974493863609,0 88.90641612241508,24.9896855191649,0 88.90631772216413,24.98960286798573,0 88.9061948510866,24.98948557440463,0 88.90610862779849,24.98942673873286,0 88.9060569002439,24.98939075922851,0 88.90598328877536,24.98930829663774,0 88.9059367206409,24.98925032770034,0 88.90585112552355,24.98912315186331,0 88.90577761331539,24.98902995735506,0 88.90572609330158,24.98897138642622,0 88.90567704778685,24.98891339857506,0 88.9056282086262,24.988832819424,0 88.90555469676686,24.9887396247819,0 88.90548139236165,24.98862383970317,0 88.90541067086004,24.98849677637843,0 88.90536194136733,24.98840433579858,0 88.90531321295565,24.98831189608729,0 88.90524000806009,24.98818537905604,0 88.90519438057287,24.98802518240038,0 88.90514564629471,24.98793330693444,0 88.905109306112,24.98784152640828,0 88.90508504838169,24.9877837273397,0 88.90506346638229,24.98770448620068,0 88.90502713149282,24.98761214043318,0 88.90496900219175,24.98746371000518,0 88.90494484366542,24.98739518000416,0 88.9048716449135,24.98726809841389,0 88.90484738127796,24.9872108645128,0 88.90478616075731,24.98712906047639,0 88.90473732909165,24.98704791571446,0 88.90471295717063,24.98700254309317,0 88.90465173684817,24.98692073898786,0 88.90460538395708,24.9868396138959,0 88.9045441576303,24.98675837405684,0 88.90450751267403,24.98669991642414,0 88.90445867522727,24.98661933676928,0 88.90443430865834,24.98657339887756,0 88.90441015580306,24.98650430444548,0 88.90437381147881,24.98641308797426,0 88.90434067789991,24.98624225505614,0 88.90430443800403,24.98613974334567,0 88.90428090802247,24.98600287313295,0 88.90425004153283,24.98585521551516,0 88.90425055580896,24.98579930107971,0 88.9042143213009,24.98569622411808,0 88.90421514746116,24.98560642134721,0 88.90420843882592,24.98552729298405,0 88.90419677310503,24.98544812785754,0 88.90417282307558,24.98535700634823,0 88.90415186597562,24.98520998922333,0 88.9041425745629,24.98514213722996,0 88.9040912646589,24.98506097424556,0 88.90408207761051,24.98498182703023,0 88.9040578158466,24.98492459292275,0 88.90403613697035,24.98485608243052,0 88.90401198374715,24.98478698789829,0 88.90396293982207,24.98472900022018,0 88.90395107187693,24.98467186116181,0 88.90387746477701,24.98458939722934,0 88.90382862865911,24.9845088172722,0 88.9037032980164,24.98439037364614,0 88.90357557077702,24.98426287400057,0 88.90351664413197,24.9842014204036,0 88.90330500096177,24.98403430544746,0 88.90323595168491,24.98399536857201,0 88.90315210365081,24.9839484101036,0 88.9030287265301,24.9838870286914,0 88.90290018364753,24.98384820170579,0 88.90274676565784,24.9838187856223,0 88.90258095509535,24.98378927416836,0 88.90237806822032,24.9837481825699,0 88.90207596206773,24.98371423814556,0 88.90182072124836,24.98370550568097,0 88.90151312611998,24.98372913070835,0 88.90118320756784,24.98375427899156,0 88.90100467023017,24.98376081877265,0 88.90081624464246,24.98376445761988,0 88.90056826203188,24.9837749815647,0 88.90034005255673,24.98379187089052,0 88.90008169650579,24.98385202106148,0 88.89991512953948,24.98390440199375,0 88.89981299266502,24.98395897173778,0 88.89972034261231,24.98405993110317,0 88.89958028925652,24.98419385164472,0 88.89945012382022,24.98433067197853,0 88.89931529349158,24.984435825021,0 88.89921305115146,24.9845016905314,0 88.89908365786575,24.98455492133518,0 88.89894198687863,24.984595630862,0 88.89873823816818,24.98464772496223,0 88.89857420512222,24.98469391058152,0 88.89850959278577,24.98471148907932,0 88.89821918292897,24.98475274983218,0 88.89794375000142,24.98478282839739,0 88.89771337314198,24.98476580645443,0 88.89752264991986,24.98474965425849,0 88.89743095837657,24.98474668890285,0 88.89736900724176,24.98474451873928,0 88.8972152606116,24.98475067829481,0 88.89705882032554,24.98477997625369,0 88.89685251281493,24.98484052077252,0 88.89664113357274,24.9849134518593,0 88.89648653303658,24.985011672804,0 88.89636921242574,24.98509944889344,0 88.8963017694748,24.9851548479381,0 88.8962886373521,24.98523438868177,0 88.89621981217597,24.98543889397777,0 88.89615293700939,24.9857004623649,0 88.89613174605378,24.98584715607522,0 88.89610781960785,24.98602150552786,0 88.89611484469076,24.98633334822607,0 88.8961273605881,24.98658762038707,0 88.89621775731499,24.98699782202473,0 88.89630900218,24.9873165266692,0 88.89641479583628,24.98767036291999,0 88.89648819877601,24.98804202410535,0 88.89653252623766,24.98834116370961,0 88.89653421481935,24.98842646669847,0 88.8965394635613,24.98866260763607,0 88.89652246085689,24.98889236514575,0 88.89648099506653,24.98908691424591,0 88.89642724413727,24.98926950631451,0 88.89632349401427,24.98949746630804,0 88.89620820287682,24.98963326846892,0 88.89602772424767,24.9898482112823,0 88.89581027739798,24.99003971013539,0 88.89559315022589,24.9901967559465,0 88.89533905390363,24.99033035849635,0 88.89514726897308,24.99042772683324,0 88.89478407820226,24.9905633123763,0 88.89445100538356,24.99065902542664,0 88.89417254395684,24.99074668640694,0 88.89383470031656,24.99082202690456,0 88.89346507324704,24.99084967594194,0 88.89315471199731,24.99090206913326,0 88.89280021924374,24.99090159065187,0 88.89255963686851,24.99091441819895,0 88.89232668027614,24.99090697005556,0 88.89208389868843,24.99088984400846,0 88.89187815637374,24.99088825297661,0 88.89157851885753,24.9908537410149,0 88.8912615558462,24.990816270897,0 88.89084316694056,24.99075598576251,0 88.89047659738135,24.9907215179527,0 88.89023151524991,24.99068516604348,0 88.89001391177929,24.99062643284283,0 88.8898705034144,24.9905863490898,0 88.88973711641223,24.99053504617609,0 88.88954666896691,24.99048838428229,0 88.88944278039035,24.99046385605878,0 88.88929207859367,24.99040846453527,0 88.88917322715417,24.99039342221413,0 88.88906934919511,24.99036776509648,0 88.88879948030771,24.99033121817729,0 88.88852241835616,24.99026863345264,0 88.88838625830068,24.9902489378622,0 88.88820306866235,24.99022153523548,0 88.88780180809665,24.99018566207356,0 88.88743241403981,24.99018844373659,0 88.88702814680941,24.99020902939479,0 88.88658159835285,24.99024453531327,0 88.88618951315071,24.99028780578315,0 88.88568831372753,24.9903353113035,0 88.88530156182902,24.990338517177,0 88.88494958156878,24.99033465041083,0 88.88477842221916,24.99034631026593,0 88.88461222116295,24.99035800821951,0 88.88431952079563,24.99037719468723,0 88.8838114440064,24.9903647668848,0 88.8832756938024,24.99039561467782,0 88.88265797242107,24.99044389639018,0 88.88220387860068,24.990490626132,0 88.88191109822796,24.99051827982283,0 88.88161498407896,24.99063684504816,0 88.88131898720671,24.99074298395736,0 88.88109033565142,24.9908050258759,0 88.88094121968361,24.99084509523449,0 88.88064533761606,24.99093880712655,0 88.8804022547033,24.99095385399286,0 88.88003262383108,24.99098146800257,0 88.87965085347668,24.9909818734696,0 88.87916585503517,24.99088770876581,0 88.87870567779929,24.99079034723223,0 88.87832030822939,24.99064668858086,0 88.87795186462257,24.99054834773407,0 88.87759012327722,24.99052800691998,0 88.87730050147206,24.99048337624747,0 88.8770133436534,24.99044045901492,0 88.87681281602151,24.99041177591401,0 88.87655287639259,24.99037415413347,0 88.8763396191969,24.99038095560512,0 88.87619602940975,24.99036062565342,0 88.87611173955035,24.99036109381917,0 88.87600764568816,24.99035858329567,0 88.87587372092956,24.9903648764992,0 88.87558112054545,24.99037331390338,0 88.87530831878347,24.99038529468984,0 88.87510460864412,24.99043114189338,0 88.87504473280906,24.9904713407627,0 88.87490033183332,24.99053685774924,0 88.87478565049281,24.99060543247133,0 88.87458339310142,24.99075973990926,0 88.87431643066101,24.99094065082424,0 88.87405701055273,24.99111032394043,0 88.87390971833106,24.99121931003485,0 88.87367808749543,24.99133384617387,0 88.87337142294555,24.99151839732591,0 88.87308172977845,24.99174318493219,0 88.87283083671538,24.99205921498208,0 88.87258980325929,24.99238097156275,0 88.8723288455523,24.99245065288686,0 88.87217993754055,24.992468121233,0 88.87204854287808,24.99246878190612,0 88.87189979609269,24.99246930603556,0 88.87158262137595,24.99245438362088,0 88.87148857435032,24.99243782785987,0 88.87119108075922,24.99243887484538,0 88.87104216818906,24.99245690636395,0 88.87062998258918,24.99252708852537,0 88.87050073384952,24.99256278463892,0 88.87044356476821,24.99257871480059,0 88.8702402729152,24.99257993670722,0 88.86997732151171,24.99259819847624,0 88.86956810159678,24.99261700099093,0 88.86925141477946,24.99255067654089,0 88.86914017743287,24.99251703858365,0 88.86884149246009,24.99238251076077,0 88.8685995046809,24.9922817551884,0 88.86828330157329,24.99216459763706,0 88.86780164587722,24.99198004663434,0 88.86737254119508,24.99174394436835,0 88.86714350357832,24.99158511002471,0 88.86688140235587,24.99125373908345,0 88.86686477111986,24.99117791941923,0 88.86682664732204,24.99101607444901,0 88.86683052764647,24.99060829329036,0 88.86670344933647,24.98989503018214,0 88.86670582429463,24.98938500225244,0 88.86669003707063,24.98896012049162,0 88.86661824794169,24.9886889967543,0 88.86643469545318,24.98817975777595,0 88.86618506653579,24.98784114068756,0 88.86601908271344,24.98756983671172,0 88.86590666346731,24.98740062558291,0 88.86574084111088,24.9871123772431,0 88.86548146413735,24.98675673771038,0 88.86539713022064,24.98650189355676,0 88.86533693240176,24.98631558618599,0 88.86518911039104,24.98595969921879,0 88.86517235986797,24.98563648073471,0 88.86515624936359,24.98524605149708,0 88.86514062832295,24.98480422594616,0 88.86517060339996,24.98425996118044,0 88.86517287009774,24.98402218366353,0 88.86519378360515,24.98364842807707,0 88.86521583259915,24.9831555011033,0 88.86518070545625,24.98267963157575,0 88.86518308667823,24.98216960377313,0 88.8650922896467,24.98181303844829,0 88.86500197827725,24.98140564191919,0 88.86490223669497,24.98094733532389,0 88.86486565318779,24.98062452491248,0 88.86481306186806,24.9804207671405,0 88.86472140313836,24.97989474456057,0 88.8646509280011,24.97948694012985,0 88.86459553096023,24.97931761503177,0 88.86450327891917,24.97911410848017,0 88.86439286329758,24.97899574879852,0 88.86426229618537,24.97891111829528,0 88.86419806903911,24.97888801583736,0 88.86402033979556,24.97881035514337,0 88.86383474861259,24.97877725300438,0 88.86362932445235,24.978744558815,0 88.86336904362597,24.97874588454822,0 88.86323717810508,24.97879736863773,0 88.86291923738086,24.97886658046133,0 88.86280720025941,24.97891822130199,0 88.86250892498332,24.97900453434355,0 88.86222816229996,24.97907404044451,0 88.86196771779882,24.97909230689954,0 88.8615383858502,24.979145380807,0 88.86105435672728,24.9792155297882,0 88.86053082154312,24.97926954696136,0 88.85974733916755,24.97928986415502,0 88.85931865376266,24.97927515648551,0 88.85873376544251,24.97926485265388,0 88.85856523798401,24.9792618162156,0 88.85811656242228,24.97926389140937,0 88.85759534748584,24.979334296761,0 88.85716535675571,24.97945569784079,0 88.8568674014308,24.97950811083499,0 88.85621464085523,24.97959610184989,0 88.85602872567721,24.97959687803408,0 88.85569094448083,24.97966648012607,0 88.85541314213513,24.97968516111104,0 88.85514972883722,24.97975422739639,0 88.854872095292,24.97975539898313,0 88.85468397289142,24.97972791341445,0 88.85453578451522,24.97967194023085,0 88.85444256596915,24.97957065436627,0 88.854369670381,24.97941813104494,0 88.85431494498036,24.97918046247097,0 88.85431641698077,24.97902740416684,0 88.85431772712511,24.97889128902082,0 88.85437471096878,24.97863643827934,0 88.85448740312331,24.9785170291038,0 88.85459960662639,24.97844845117575,0 88.85474980832562,24.97829488614288,0 88.85484316584431,24.97812392196321,0 88.85489933349022,24.97795379055787,0 88.85490063668617,24.97781824066147,0 88.85490178250402,24.97769906961398,0 88.85482921319577,24.97751265829993,0 88.85462527080024,24.97732632785481,0 88.85451320354836,24.97712322099045,0 88.85425619711339,24.97678452569684,0 88.85384861053001,24.9761237989144,0 88.85365638659295,24.97575059991783,0 88.85348894795777,24.97537759929131,0 88.85334365838007,24.97502115540328,0 88.85323192158404,24.97478415999077,0 88.85312201587001,24.97461439531949,0 88.85308630745138,24.97446160392882,0 88.85304860992539,24.97425796144369,0 88.85303256671759,24.9741222725928,0 88.85305188492029,24.97391795719255,0 88.85310756341508,24.9737986577346,0 88.85320289776064,24.97367967518721,0 88.85333277888179,24.9735767846406,0 88.85340795886934,24.97349153081772,0 88.85350297110143,24.97340587107763,0 88.85359517444715,24.97335464408697,0 88.85369214347052,24.97332322393606,0 88.85380107575672,24.97333652147056,0 88.85417239696137,24.97338580691003,0 88.85447216509061,24.973401193385,0 88.85488115797313,24.97339937826814,0 88.8552356193418,24.97339769109436,0 88.85549605172115,24.97337943617248,0 88.85572112972218,24.97342924447612,0 88.85592357085351,24.97351332624944,0 88.85623954308437,24.9736480195362,0 88.85646364523249,24.97379948840361,0 88.85670427837928,24.97403637993515,0 88.85681468227222,24.97415474608156,0 88.85696441544675,24.97430731620405,0 88.85711200196874,24.97442541315375,0 88.85733427806905,24.97450908647005,0 88.85750250551139,24.97454262328781,0 88.85767090083834,24.97455865152767,0 88.85800553792903,24.97455679879055,0 88.8582487812504,24.97452202187645,0 88.85843550555519,24.97443595965649,0 88.85871690964652,24.9742986867441,0 88.85918353219535,24.97397366720739,0 88.85950374439224,24.97366612128667,0 88.85984906922552,24.973324319089,0 88.85999877090146,24.97322157974579,0 88.86024250245345,24.97313540419167,0 88.86046623739919,24.97306657823572,0 88.86065279680624,24.97299745746531,0 88.86091161851758,24.97288824222973,0 88.86123261699387,24.97275692659005,0 88.86151320434445,24.97270436624824,0 88.86177428207779,24.97261832611353,0 88.86188631315349,24.97256668542516,0 88.86211069968077,24.9724295175314,0 88.86226072191327,24.97229288890417,0 88.86233621929419,24.97217374287411,0 88.86244938760431,24.97200293194368,0 88.86250554237044,24.97183279739771,0 88.86250647318964,24.97147582898225,0 88.86250890631331,24.97122110772742,0 88.86247334851738,24.97105137511456,0 88.86234392407799,24.97084813762536,0 88.86225135830887,24.97067851696663,0 88.86204741109384,24.97049276266785,0 88.86182546785022,24.97037464372636,0 88.86139612312564,24.97017297727376,0 88.86106263780704,24.97005566609868,0 88.8608478080462,24.96997149329126,0 88.86081144283999,24.96988647945041,0 88.86081209095657,24.96981870415182,0 88.86086792220736,24.96968245821656,0 88.86107560397397,24.96947737887371,0 88.86126329050946,24.96928965021816,0 88.86135678840623,24.96910230385577,0 88.8613962426131,24.96886425651206,0 88.8613783643888,24.96866020980417,0 88.86130579081153,24.96847380260844,0 88.8612869355978,24.96837198268359,0 88.86130590952406,24.96820211843319,0 88.86140075014852,24.96813339728997,0 88.86164182958338,24.96806414271401,0 88.86184853067765,24.96796129018101,0 88.86203589006682,24.96780744790531,0 88.86216672764102,24.96760288699355,0 88.86216851350174,24.96741594087699,0 88.8621332409561,24.96695701554257,0 88.86207980111128,24.96658380124153,0 88.86201759279311,24.96609077166497,0 88.86200133327083,24.96571728719807,0 88.86192875983582,24.96553088110581,0 88.86174396254756,24.96515775213687,0 88.86159618264779,24.96480129790261,0 88.86141321145503,24.96449652939951,0 88.86126413290272,24.96427618877708,0 88.86093147432264,24.96407415959298,0 88.86063336078968,24.96388821918595,0 88.86048287360101,24.96381528902776,0 88.86039160035716,24.96377050579101,0 88.86020684453402,24.96365268095895,0 88.8600189631119,24.9636026107384,0 88.85977919428365,24.96353574809729,0 88.85936775691049,24.96353755789357,0 88.8591990530152,24.9635554197355,0 88.85897565874704,24.96359035566453,0 88.85886379749664,24.9636250488279,0 88.85871491870124,24.96364306794209,0 88.85858290523544,24.96371149125034,0 88.85843370145854,24.96376339734757,0 88.85834183304938,24.96378074050364,0 88.85828515263842,24.963746963563,0 88.85823127531188,24.96367931986669,0 88.85815558187556,24.96356066637223,0 88.85813953870012,24.96342441293221,0 88.85812214922159,24.96317009921377,0 88.85807636293704,24.96303417455289,0 88.85802000789184,24.9629665102192,0 88.85788929999208,24.96289881860722,0 88.8577607409615,24.96286559808203,0 88.85751767930432,24.9628839949459,0 88.85718226180275,24.96297056519741,0 88.85693822407032,24.96309062297083,0 88.85669467478363,24.96315984898287,0 88.85649126920674,24.96317799608317,0 88.85635990661913,24.96317864197712,0 88.85621119592692,24.96317915016003,0 88.85596878964236,24.9631292047328,0 88.85578420241397,24.96299442998895,0 88.85557979036561,24.96285949763788,0 88.85531837289979,24.962724674143,0 88.85517047698201,24.96264046163749,0 88.85507743906894,24.96252166863109,0 88.85500586177432,24.96223303121063,0 88.85491445338877,24.96194480061007,0 88.85488677861927,24.96172994238698,0 88.85484284695636,24.96140142284607,0 88.85482596438322,24.96109514819954,0 88.85481068250486,24.96036469578902,0 88.85481343352669,24.95982078331364,0 88.8548090763194,24.9592429235167,0 88.85477317825274,24.95885233683153,0 88.85470241821083,24.95847898110852,0 88.85461167023426,24.95812241101043,0 88.85452008013138,24.95759581831749,0 88.85448549226587,24.95706911774143,0 88.85443518781749,24.95637284073928,0 88.8544830687113,24.95603262887872,0 88.85454151347928,24.95562472109772,0 88.85458228594113,24.95525056277666,0 88.85458454841181,24.95475748139519,0 88.85468082610362,24.95428096743417,0 88.85471846161539,24.95397512839649,0 88.85473924020057,24.95361832001782,0 88.85479077709134,24.95341313251041,0 88.85485517739235,24.95315890764116,0 88.85494186538219,24.95264842654629,0 88.85503731935599,24.9522571946597,0 88.85508442074577,24.9519977475757,0 88.85511575320565,24.95183193754947,0 88.85526442435129,24.95157612557746,0 88.8554904130274,24.95126896716791,0 88.85579074444709,24.95096183724619,0 88.85611041553631,24.95070513132022,0 88.85635260087558,24.95051727996447,0 88.85674661497936,24.95026060034892,0 88.85721364135696,24.9498841934817,0 88.85742080223095,24.9497305160988,0 88.85784041319066,24.94938818388772,0 88.85829008138144,24.94901219897895,0 88.85847757800991,24.94884141904874,0 88.85868506491988,24.94865328755119,0 88.85892756719339,24.94843154510354,0 88.8592097260556,24.94820898856974,0 88.8594517393107,24.94803807586951,0 88.85965739502524,24.9477821489293,0 88.85995689596623,24.94755972845539,0 88.8602392132522,24.94732022606735,0 88.86050072245359,24.94718335688958,0 88.86070755553692,24.94706299744804,0 88.86109809300135,24.94690851394759,0 88.86128558688455,24.9467371647301,0 88.86162274227931,24.94646364118004,0 88.86195989615892,24.94619011604075,0 88.86245630163268,24.94584781478754,0 88.86292296339583,24.94550584156719,0 88.86314826817787,24.94526701100577,0 88.86329939199918,24.94501121088886,0 88.86363864464691,24.94451684949274,0 88.86390273983851,24.94410774636308,0 88.86416468450416,24.94366416990968,0 88.86419860335904,24.94348538706988,0 88.8643360673193,24.94310239183435,0 88.86443066975902,24.94279643764521,0 88.86446343919356,24.94221831019087,0 88.86448532170411,24.94174233063744,0 88.86452438738412,24.94128343195221,0 88.8645259638306,24.94085812642854,0 88.86460398278719,24.94021201274307,0 88.86460932701175,24.93965117768827,0 88.86465878707941,24.93914152665095,0 88.86465890433158,24.93886927942294,0 88.86467964969682,24.93851246994025,0 88.86473740535628,24.93817233518044,0 88.86472244413416,24.93766217410001,0 88.86470650284396,24.93725480435113,0 88.86468846267464,24.93706770230455,0 88.86461816854444,24.93664352269106,0 88.86454426776261,24.93633792845606,0 88.86452309352133,24.93621971090148,0 88.86449961960926,24.93608283582614,0 88.8644680881238,24.93601141665569,0 88.86438806369009,24.93582834208355,0 88.86429799408877,24.93565930901032,0 88.86418563173235,24.93548953371984,0 88.86392755098457,24.93527002836512,0 88.86362933757724,24.93510160336463,0 88.86327628873791,24.93496719783676,0 88.86292356466757,24.93479890320778,0 88.86249515548903,24.93451252313878,0 88.86217960369753,24.93434395787571,0 88.86190089831545,24.93420900885156,0 88.86165935807065,24.93407435508757,0 88.86125211935574,24.93390675362814,0 88.8607112418135,24.93372227354362,0 88.86034166775507,24.93350300446791,0 88.86021147187233,24.93338504846642,0 88.8599132750886,24.93321605107975,0 88.85970890845654,24.93308112493554,0 88.8594675351609,24.93292952409745,0 88.85934758235616,24.93277719500137,0 88.85923721490043,24.93265883083426,0 88.85912551056094,24.93242127817683,0 88.85888755885482,24.93191272973827,0 88.8587218319054,24.93162447626222,0 88.85863011240215,24.93137013707441,0 88.85844472841194,24.93106478091156,0 88.85838593203704,24.93099483867138,0 88.85828280986983,24.93115499295908,0 88.85806414824309,24.93147802828676,0 88.85793872119264,24.9316385706331,0 88.85781504580962,24.93187481327934,0 88.85767445964491,24.93206573437533,0 88.85755136785244,24.93224098116996,0 88.85745609257526,24.93235770589433,0 88.85725386884226,24.93251650562095,0 88.85698665683215,24.93273409255212,0 88.85683079742995,24.93296725434197,0 88.85661008960766,24.93324452006732,0 88.85650307008807,24.93355206397271,0 88.85639590334598,24.93387485719987,0 88.85625738451577,24.93410815542298,0 88.85616182932213,24.93425368433423,0 88.85605226648578,24.93430985695043,0 88.8559578498559,24.9343367802843,0 88.85576709372397,24.93433299819737,0 88.855608411107,24.93434359271789,0 88.85538765723591,24.93436724635929,0 88.85524369411822,24.93439320810169,0 88.85510192553386,24.93444855864232,0 88.85491238691648,24.93457582575576,0 88.85470989037476,24.93476229591806,0 88.85453684766068,24.93497780826193,0 88.85444568607892,24.9351815479539,0 88.854279075254,24.9355010405868,0 88.8541729164737,24.93571821642354,0 88.85403540141738,24.93584646286762,0 88.8539448039362,24.93599146476631,0 88.85383949199046,24.93612053363931,0 88.85373169580203,24.93625014705365,0 88.85365391518599,24.93635062974739,0 88.85352893411574,24.93646372595411,0 88.85346615524087,24.93655020802702,0 88.85329135844992,24.93669001678899,0 88.85313389289023,24.93683109401373,0 88.85297892283316,24.93697049693374,0 88.85288395467228,24.93705446124281,0 88.85277384886979,24.93716654670239,0 88.85266402538404,24.93724926195776,0 88.85256878408511,24.93736146578031,0 88.85244340911527,24.937515225026,0 88.8523028887579,24.93769766969443,0 88.85222635378879,24.9379258144103,0 88.85210041697098,24.93813774666721,0 88.85197448958444,24.93834854929835,0 88.85178431132704,24.93854132867569,0 88.85168772355277,24.93853603528661,0 88.85159361346443,24.93853076250089,0 88.85148216511304,24.93852478606949,0 88.85140291020436,24.93852076130679,0 88.85132118404633,24.93851615239673,0 88.85109857025536,24.9384748297949,0 88.85094063277464,24.93840747788715,0 88.8507972686521,24.93837074415586,0 88.85055524708046,24.93828633682192,0 88.85041188318932,24.93824960270432,0 88.85023673388409,24.9381685568903,0 88.85001013645152,24.93802666015874,0 88.84977115566952,24.93788409886074,0 88.84957881663154,24.93778709810434,0 88.84936955877421,24.93764590502521,0 88.84917776440456,24.93749242518631,0 88.8491310484157,24.93745477093742,0 88.84906468059108,24.93739944879016,0 88.84896878644322,24.93732242652235,0 88.84893453585639,24.93727696527246,0 88.84883878409067,24.93718525781431,0 88.84869421051765,24.93701747126138,0 88.84861345092612,24.93691289310216,0 88.84858004567317,24.93677988914225,0 88.84853233729777,24.93658859292029,0 88.8484994894357,24.93639798080522,0 88.84848327573138,24.93628093016396,0 88.84848191695653,24.9361651288838,0 88.84848070590331,24.93603407908004,0 88.84847948396748,24.93590415702132,0 88.84854444298222,24.93584876075561,0 88.8486564524931,24.93579656707556,0 88.84883312438535,24.93571947489108,0 88.84886340195837,24.93566323498172,0 88.84886232189463,24.93551862965021,0 88.84886329375279,24.93541809670344,0 88.84886016080638,24.93522941808837,0 88.84882814264967,24.93495295906881,0 88.84881069489495,24.93470711686004,0 88.84876148061117,24.93441526877211,0 88.84874320979128,24.9342547100553,0 88.84869371238823,24.93399223029483,0 88.84866029718857,24.93386035581595,0 88.84859552966476,24.93363955147753,0 88.8485794532487,24.93350838091456,0 88.84857795232958,24.93340726470143,0 88.84865761247062,24.93336893156302,0 88.84894325891101,24.93329666796762,0 88.84913189575647,24.93326316383654,0 88.84924390074578,24.93321096987121,0 88.84929123813755,24.9331842378386,0 88.84932179834982,24.93309862948394,0 88.84931988212662,24.93304043633438,0 88.84932100579832,24.93292408963771,0 88.84931951072845,24.9328224082191,0 88.84928390655371,24.93266058046071,0 88.84928324545328,24.93247248685833,0 88.84928025988071,24.93226855878754,0 88.84923035854953,24.93204787444503,0 88.84922886804947,24.9319456277938,0 88.84922709314722,24.93187275044344,0 88.84918044999046,24.93182775351642,0 88.84913133577403,24.93178217332516,0 88.8490204495882,24.93171858565571,0 88.84897119865559,24.93168712437901,0 88.8488454528746,24.93162285334991,0 88.84876619153373,24.93161995737634,0 88.84866974158741,24.93160110794604,0 88.84859062797541,24.9315829624459,0 88.84844727243572,24.93154622592435,0 88.84844577174587,24.93144510877443,0 88.84844456112349,24.93131405888688,0 88.848458340666,24.93117013763032,0 88.84847284159363,24.93095166489867,0 88.84850134388847,24.93082254678937,0 88.8485005591756,24.93064744338574,0 88.84853126717356,24.93054658573598,0 88.84852757802298,24.93041551512424,0 88.84855856955545,24.93028528816696,0 88.8486191389152,24.93017111373464,0 88.84861765548098,24.93006830268483,0 88.84860107137753,24.92998965856755,0 88.84856924529321,24.92994986466968,0 88.84847512543885,24.92994628340226,0 88.8483636685301,24.92994199895776,0 88.84825193337416,24.92996651850971,0 88.84812781609391,24.9299903735956,0 88.84795417489278,24.93001100577467,0 88.84769879134114,24.93002928653102,0 88.84747837214115,24.93001904054695,0 88.84728725565689,24.9300530877337,0 88.84719314858086,24.93004837698263,0 88.84712833771235,24.93008852314005,0 88.84708320190876,24.9301440783717,0 88.84694064175962,24.93028131517049,0 88.84683041066164,24.9304063848144,0 88.84668799244292,24.93052893628038,0 88.84665772039538,24.93058461144297,0 88.84662660156947,24.93072782754155,0 88.8466278211212,24.9308577489133,0 88.84669436567255,24.93115030241656,0 88.84674249607635,24.93129754519234,0 88.84680782240454,24.93146017814236,0 88.84684067573318,24.93164966053141,0 88.84684259072662,24.93170785379155,0 88.84680984094804,24.93176350823589,0 88.84671518429532,24.93181527500898,0 88.84652159914688,24.93184817286072,0 88.84633063938617,24.93186583907521,0 88.84620143842349,24.9319026423976,0 88.84605780977635,24.93189414333128,0 88.84583216869085,24.93191096470031,0 88.84568853459366,24.93190303050554,0 88.84546344669354,24.93186280832403,0 88.84520617267627,24.93182006737201,0 88.84491683150509,24.93176238148606,0 88.84464497709804,24.93169015089825,0 88.84456326092059,24.93168497367498,0 88.84440258522326,24.931645833963,0 88.84419033502935,24.93155939747374,0 88.84401234957096,24.9315167293907,0 88.84386628747779,24.93150368915376,0 88.8437346804034,24.93153312878654,0 88.84366978570321,24.93158174475516,0 88.8436022779761,24.9316444606757,0 88.84340305711484,24.93174734717854,0 88.84327123030448,24.93179937754639,0 88.84312181289791,24.93187668208915,0 88.8429877812503,24.93190045160931,0 88.84278914770104,24.93194290560506,0 88.84267257987629,24.93195439005017,0 88.84245703030057,24.93195264877131,0 88.8422264987254,24.93196264843087,0 88.8420083458595,24.93197387602016,0 88.84182743170516,24.9319774981332,0 88.8415797121481,24.93197154163965,0 88.84129719655226,24.93197659930867,0 88.84096804052888,24.93193665858069,0 88.84067352656859,24.93190151559256,0 88.84044333695499,24.93187649529254,0 88.84024753010284,24.93188281827575,0 88.84006656212451,24.93189208511546,0 88.83988805523538,24.93190306649019,0 88.83969220545157,24.9319139069639,0 88.83951367654983,24.93192714610548,0 88.83928561753811,24.93193772641418,0 88.8390773524369,24.93195128874299,0 88.83893083781378,24.93198455646433,0 88.83872255612923,24.93199981309145,0 88.83848177375098,24.93204474242112,0 88.83823863421695,24.9320772262417,0 88.83811189772685,24.93211517223533,0 88.83796852205336,24.93208068550522,0 88.83790234933986,24.9320061553955,0 88.83777523344638,24.93182889612374,0 88.83766228923906,24.93172292255105,0 88.83759788944889,24.93172070494673,0 88.8375334886826,24.93171848822931,0 88.83740425828417,24.93175810749415,0 88.83727736073735,24.93181243184618,0 88.8371179740904,24.93189529833325,0 88.8370060807294,24.9319356225864,0 88.836862110802,24.93196213003988,0 88.83674816884192,24.93195838219906,0 88.8365871533469,24.93195425026397,0 88.83646067536969,24.93196564888061,0 88.83633184709947,24.93196403878255,0 88.83623521602239,24.93196381848721,0 88.83612589316756,24.93199456042475,0 88.83602880328836,24.93204121807873,0 88.8359048686149,24.93204585981105,0 88.83585748099752,24.9320776702729,0 88.83579550714707,24.93208055542214,0 88.83566907937332,24.9320868717043,0 88.83560506393063,24.93204511868189,0 88.83554308657583,24.93204856893196,0 88.83546419585717,24.93200782425738,0 88.83537811528977,24.93194216910109,0 88.8351789881285,24.93178126867626,0 88.8350365307724,24.93165302195805,0 88.83492741771492,24.93166230228082,0 88.83486542303781,24.9316674470418,0 88.83469879554197,24.9317304831184,0 88.83457463560693,24.93175827924782,0 88.83437589861835,24.93181088641913,0 88.83422210589083,24.93182827463458,0 88.83397869010824,24.93188898963295,0 88.83380984933169,24.93192489524313,0 88.83353448353837,24.93195880354663,0 88.83335091021702,24.93198103077567,0 88.83307554411591,24.93201493824471,0 88.83290438592611,24.93203444278355,0 88.83272081785397,24.93205610582243,0 88.8326892017957,24.93199541093772,0 88.832591376652,24.9318641382133,0 88.83241512128575,24.93164524271685,0 88.83225561240222,24.93148748392475,0 88.83220894314749,24.93144587089058,0 88.83211717372991,24.93145528980608,0 88.83204028513349,24.93146313627655,0 88.83191627349588,24.93147568068816,0 88.83180715567472,24.93148552304654,0 88.83165307972456,24.93153171288502,0 88.83152878684174,24.93157306213721,0 88.83138946018067,24.93163123228759,0 88.83122023734653,24.9317061044025,0 88.83101677068888,24.93173551048039,0 88.83079612750329,24.93174783203165,0 88.83060773204942,24.93175646090684,0 88.83048131406915,24.93176164232981,0 88.83029046858779,24.93176742723074,0 88.83016452812406,24.9317240363029,0 88.82997151617768,24.93169817291549,0 88.8299719707597,24.93165186086641,0 88.82996806378529,24.93154507561776,0 88.82996722793557,24.93137787846483,0 88.82996204714226,24.93114851421354,0 88.8299571719735,24.93088808743473,0 88.8299676166601,24.93058146938915,0 88.82999467697258,24.93034897906006,0 88.82995930490766,24.93016624957904,0 88.82986496381211,24.93018524866948,0 88.82978564438581,24.93018855463078,0 88.82964436277958,24.93019361443545,0 88.82957991852807,24.93019591157012,0 88.8294213062476,24.93019969970715,0 88.82927756914528,24.93020247899605,0 88.82908705931796,24.93017437533205,0 88.82889408308748,24.93014512170574,0 88.82870082313161,24.93014467123725,0 88.82844360823216,24.93009681727771,0 88.82815406307995,24.93006112413228,0 88.82791174227457,24.93001056674631,0 88.82757239609772,24.92999988291886,0 88.82736201686018,24.92997669820024,0 88.82708709837394,24.92996541007878,0 88.82690632123902,24.92995545822779,0 88.82675733483374,24.92998812859215,0 88.8267563346508,24.93008979023498,0 88.82675433783194,24.9302925474056,0 88.82675264089818,24.93046480725596,0 88.82671698746884,24.93056279669746,0 88.82662938317863,24.93065245163073,0 88.8265422014495,24.93069918399391,0 88.82645488027316,24.93076003631392,0 88.82636798823492,24.93077739810676,0 88.82627861311376,24.93079530579179,0 88.82617177692389,24.9308249320429,0 88.82606784201739,24.93081165316547,0 88.82589170204662,24.93083393356908,0 88.82576796246573,24.93081879899346,0 88.82555758752292,24.93079504655534,0 88.82545335154381,24.93081226729397,0 88.82534895482605,24.93084586528174,0 88.82527644829085,24.93091192079091,0 88.82522417508461,24.93093634587039,0 88.82522359026177,24.93099564755463,0 88.82518791884218,24.93109533059546,0 88.82516913283844,24.93124146816993,0 88.82513329862091,24.93135752944887,0 88.82508187660994,24.93154689201511,0 88.82508070134162,24.93166606151678,0 88.82504599742151,24.93191882118263,0 88.82502906607436,24.93212823454679,0 88.82497917215341,24.93241363120257,0 88.82494809866859,24.93254950069268,0 88.82492722007994,24.93265664758908,0 88.82453635582733,24.9325930048152,0 88.82419516643792,24.93251734212602,0 88.8239349856171,24.93251859596366,0 88.82369465311183,24.93251718777054,0 88.82334039187253,24.93251089059347,0 88.82305303530291,24.93250401147835,0 88.82266193893801,24.93246408365894,0 88.82238710917238,24.93244318630542,0 88.8221316445614,24.93246876359729,0 88.82196567364309,24.93246457533007,0 88.82188126275609,24.93248139053813,0 88.82181920562857,24.93249274207896,0 88.82170276400345,24.93249121977611,0 88.82152440513792,24.93248692877298,0 88.82139310914653,24.93248415413073,0 88.82122975571731,24.93246586528609,0 88.82125052991155,24.9321192304307,0 88.82124360409514,24.93181755245527,0 88.82122183426294,24.93151349368295,0 88.82117497116441,24.93124142428471,0 88.82112811842863,24.93096822439442,0 88.82111333044548,24.93070997516398,0 88.82106429728312,24.93040682187096,0 88.82104543705412,24.93005929539353,0 88.82103094419895,24.92977111216345,0 88.82099924881797,24.92946866509178,0 88.82098692689516,24.92921156563582,0 88.82097693142828,24.92896973605592,0 88.82096911678101,24.92875785891955,0 88.82096144322225,24.92853186353006,0 88.82095550256868,24.92838100416938,0 88.82095422119208,24.92826012024307,0 88.82095219616309,24.92821435205603,0 88.82105989759312,24.92809718863122,0 88.82115523262513,24.92797766370314,0 88.82129563780479,24.92781049854097,0 88.82137351227529,24.92770269153227,0 88.82144953019503,24.92753217280135,0 88.82152757769964,24.92740685789324,0 88.82162140191153,24.92718960446022,0 88.82169833477653,24.92692646117553,0 88.82169409772777,24.92660334249148,0 88.82168827011711,24.92619040253074,0 88.82161802452653,24.92577749786089,0 88.82158169243598,24.92544281893295,0 88.82158175089104,24.92518638607996,0 88.82163148678737,24.92491737102326,0 88.82166806981652,24.92472562944904,0 88.82175795847279,24.92440497961934,0 88.82179566346693,24.92409971519743,0 88.82183538239164,24.92384134942006,0 88.82187799745645,24.92354064469655,0 88.82188317255022,24.92326787409531,0 88.82189371019585,24.92295391438935,0 88.82186711394517,24.9226368261695,0 88.82184023337328,24.92234854143075,0 88.82181002662534,24.92214608349647,0 88.82181324733807,24.9220709871003,0 88.82181720486645,24.92192134017714,0 88.82178961564072,24.92170478245237,0 88.82176270779344,24.92141932110899,0 88.82173552015176,24.92116209983784,0 88.82162245244172,24.92082057706786,0 88.82150951987083,24.92046549934688,0 88.82141059709886,24.92019695558642,0 88.82122936711799,24.91973343352203,0 88.8211106493378,24.91946246710248,0 88.82096034206977,24.91912911046721,0 88.82086100241573,24.91890292542143,0 88.82074449553924,24.91865908942337,0 88.82069350573315,24.918554175812,0 88.8206456985446,24.91837811967368,0 88.82054346897948,24.91819370805277,0 88.82049538188753,24.91804589195724,0 88.8204615721593,24.91795749954948,0 88.82044783785221,24.9178432913143,0 88.82045416220464,24.91770496025643,0 88.82046062014112,24.91755307348078,0 88.82046762659611,24.9173458387474,0 88.82047464417158,24.91713747353907,0 88.82048138342194,24.91695734842503,0 88.82048838986329,24.91675011277619,0 88.82049224807109,24.91661063182862,0 88.82046160836468,24.91645222735647,0 88.82046216147081,24.91639631326862,0 88.82043111547625,24.91627913846273,0 88.82039731193504,24.91619018165784,0 88.82032873684139,24.9161099752579,0 88.82011972544788,24.91595123149155,0 88.81978719862859,24.91575645034318,0 88.81934093801314,24.91553870273154,0 88.8190006184378,24.91538056924835,0 88.81872898473165,24.91529134651298,0 88.81860036453919,24.91527051647785,0 88.81845691443026,24.91524617557093,0 88.81831111640425,24.91520882457343,0 88.81820475799941,24.91519156689662,0 88.81802430668556,24.91515110457818,0 88.81788094147493,24.91511829177195,0 88.81780947092057,24.91508042395034,0 88.81777511523717,24.91504737966537,0 88.81772315471412,24.91504073734309,0 88.81768632184622,24.91500767358372,0 88.81761760863621,24.91494158586807,0 88.81758381308862,24.91485206394097,0 88.81755264648247,24.91474731270913,0 88.81752230888948,24.91455897419125,0 88.81747480486423,24.91435298344915,0 88.81748172722051,24.91415478595762,0 88.81745772331918,24.91382755098294,0 88.81745098577333,24.91375745656115,0 88.81743110745396,24.91351385047069,0 88.81737272559795,24.91315583107916,0 88.81731394123179,24.91283847615491,0 88.81727272080971,24.9124986732373,0 88.8172512790001,24.91216298715284,0 88.81722915327862,24.91189620484995,0 88.81720467992253,24.91161641164358,0 88.81721454440171,24.91137135682582,0 88.8172266048913,24.91115456164559,0 88.81723921089724,24.91088298271315,0 88.81724893478568,24.91065204796771,0 88.81729835532653,24.91041522779659,0 88.81734530873619,24.91017725678565,0 88.8173929516477,24.90986981761142,0 88.81745462892819,24.90964608973676,0 88.81749983241441,24.90933467623412,0 88.81750741011444,24.90907039829795,0 88.81751224177803,24.90883321059092,0 88.81751489877085,24.90856550229639,0 88.81753518021247,24.90826913476382,0 88.81753412703389,24.9081256597926,0 88.81753535455967,24.90800197132415,0 88.8172326168161,24.90805313065966,0 88.81697242802555,24.90806058518955,0 88.81674212728768,24.90805190547798,0 88.81665309814279,24.90803648467739,0 88.81657131720402,24.90779010769366,0 88.81650632010053,24.90759978847229,0 88.81647498802822,24.9075119812419,0 88.81640971182351,24.90734989942429,0 88.81637631175492,24.90722084377779,0 88.81631077122714,24.90708530729031,0 88.81622515719333,24.90697558779197,0 88.81605053085431,24.90684875222277,0 88.81589308223556,24.90673843932581,0 88.81567890376428,24.90660336903563,0 88.81551859646562,24.90653144076011,0 88.81544442070029,24.90651727022488,0 88.81540405205318,24.90659092940453,0 88.81540064264459,24.90668466348646,0 88.81536054335558,24.90673121202593,0 88.81526591595244,24.90678070036499,0 88.81509685225861,24.90684199813194,0 88.81491101231533,24.90684667330759,0 88.81459658286323,24.90682825687795,0 88.81443036158923,24.90685286366613,0 88.81437320321751,24.90687102972172,0 88.81429860555581,24.90689921894837,0 88.81424405955197,24.90690385050122,0 88.81418992419256,24.90686725308275,0 88.81410747980748,24.90668808531903,0 88.81402518222539,24.90649423213948,0 88.81399109879989,24.9064340779244,0 88.81397419807759,24.90638988160001,0 88.81381755652035,24.90619880144815,0 88.81373195548545,24.90608795168786,0 88.81364621555569,24.90599122015698,0 88.81359207518032,24.90595518772207,0 88.81350330648205,24.90591378474955,0 88.813291552905,24.90578437998703,0 88.81316868479722,24.90568451628642,0 88.81303140028936,24.90553991300898,0 88.81294579578739,24.90542962614266,0 88.81289453740752,24.90535294923807,0 88.81280905747231,24.90523023786547,0 88.81270640561688,24.90509043970733,0 88.81262093725759,24.9049665977263,0 88.81248709853162,24.90472487188587,0 88.81245329868484,24.90463647788415,0 88.81242225726074,24.90451986588803,0 88.81232263597603,24.90432473872644,0 88.81224131144478,24.90403374180935,0 88.81217604744094,24.90387109513043,0 88.81216217634548,24.90377156896843,0 88.81213430529085,24.90358550988631,0 88.81208635269788,24.90342583074558,0 88.81203812539886,24.90329382567792,0 88.81191871324354,24.90309627436234,0 88.81187062650842,24.90295014909632,0 88.81185155863866,24.90287486915344,0 88.8118397039691,24.90282167682717,0 88.81180892736505,24.90267852008837,0 88.81176385852631,24.90247819657145,0 88.8117219543138,24.90220899036387,0 88.81169693731862,24.90198511040099,0 88.81170036088047,24.90189024752524,0 88.81167588566417,24.90161214886518,0 88.81164756514035,24.90147127074682,0 88.81161938499427,24.90131627429681,0 88.81162253730862,24.90124852121102,0 88.81162581966584,24.90116777756104,0 88.81163211306738,24.90103340096094,0 88.81162699180275,24.90080177857678,0 88.81160207182825,24.90056829759207,0 88.81162273882045,24.90023465478166,0 88.81163476448269,24.90002237845293,0 88.81164691920185,24.89979711246871,0 88.8116527973533,24.89970453009272,0 88.81169615391092,24.89957949716569,0 88.81170530314014,24.89940730069775,0 88.81171417540051,24.89926277746421,0 88.81172920071529,24.89899799773012,0 88.81170112323929,24.89883283504057,0 88.81171327689155,24.89860756994494,0 88.81173143965171,24.89827673097323,0 88.81174072154529,24.89809097871231,0 88.81174974166927,24.89793177187234,0 88.81175588909504,24.89781207879251,0 88.8117624359526,24.89765228716312,0 88.81177200138141,24.89743829639743,0 88.81177512559293,24.89737336676996,0 88.81178130668631,24.89725028586295,0 88.81175063298247,24.89709696275837,0 88.81175116809415,24.89704330839882,0 88.81168575286971,24.89689647514704,0 88.81167144922087,24.89684043878204,0 88.81159973771304,24.89682798217846,0 88.81122362923298,24.89678758233534,0 88.81084261675048,24.89674205792642,0 88.81045668543518,24.89669310279832,0 88.81020204445127,24.89664354204102,0 88.81001910168263,24.89660756785202,0 88.80980152777705,24.89656678713226,0 88.80954960125213,24.89649352644479,0 88.80944081211291,24.89647341748364,0 88.8093864119318,24.89646392776031,0 88.80938140710607,24.89622101007478,0 88.80939629692503,24.89597035035925,0 88.80936548135062,24.89583171102609,0 88.80937110519912,24.89576454274262,0 88.8094427980696,24.89577869439141,0 88.80966310595933,24.89579351689887,0 88.8101208687355,24.89584250632617,0 88.81039568344201,24.89585608488856,0 88.810667908977,24.89588093819849,0 88.810831357073,24.89588455527099,0 88.81102956074736,24.89588055195615,0 88.81117325572852,24.89587779073619,0 88.81129703479921,24.89588503168829,0 88.81143814162512,24.89589354546547,0 88.81149296364276,24.89586067493012,0 88.81150009766682,24.89564214533544,0 88.81150435432203,24.8954636956362,0 88.81150517585884,24.89538123665201,0 88.81128322575827,24.89528280957889,0 88.8111078791664,24.89523051967726,0 88.81086331593443,24.89516410002287,0 88.8108089172505,24.89515461077865,0 88.81070546018394,24.89509670333603,0 88.81065105493762,24.89508777928272,0 88.81063414597971,24.89504471283876,0 88.8105311002025,24.89494557710821,0 88.81044836568127,24.89479690484741,0 88.81045190274374,24.89469074611711,0 88.81045505015047,24.89462355730865,0 88.81049528260283,24.89456345523016,0 88.8106022919153,24.89451350932229,0 88.81067743578556,24.89442997396448,0 88.81074996791996,24.89435997298309,0 88.81075353745,24.89425042554118,0 88.81075696754777,24.89415499822863,0 88.81070582795245,24.89406702436756,0 88.81063986224966,24.89397554057498,0 88.81058805229185,24.89395477597233,0 88.81043003335269,24.89390375911058,0 88.81032616634432,24.89388708129699,0 88.8102196932843,24.89388337257401,0 88.8100387685797,24.89389373039348,0 88.80984343562187,24.89385878277606,0 88.80960828154352,24.89384270858512,0 88.80944510138691,24.8938125463244,0 88.80939070801644,24.89380249219681,0 88.80927049629125,24.8936862681908,0 88.80918789454789,24.89352460629077,0 88.80912246654958,24.89337946549674,0 88.80907707254437,24.89321246346631,0 88.80908308102315,24.89310689045773,0 88.80909209142575,24.89294881400787,0 88.80914988763818,24.89286626439799,0 88.80915890357699,24.89270762270561,0 88.80915942867091,24.89265509783924,0 88.8091313489964,24.89249049952097,0 88.80913435652715,24.89243743083877,0 88.80910614855873,24.89228582217051,0 88.80907507276537,24.89217316293356,0 88.80907821631952,24.89210653932155,0 88.80908435981594,24.89198741138509,0 88.80908803415578,24.89186769946478,0 88.80909131735737,24.89178695660956,0 88.80909720206633,24.89169380802328,0 88.80906625785207,24.89156815996848,0 88.80903531831191,24.89144194486883,0 88.80898679395219,24.89134043765685,0 88.80895271195021,24.89128084794204,0 88.80888400224875,24.89121645068748,0 88.80883507661542,24.89115504204944,0 88.80876336399426,24.89114314909822,0 88.80863232922214,24.89111890140516,0 88.80858545279382,24.89110043712209,0 88.8085504338205,24.89113460129827,0 88.80849263227381,24.89121771410528,0 88.80845514871061,24.89125072723557,0 88.80834295021812,24.89132435156222,0 88.8082312827318,24.89134488567777,0 88.80801004517832,24.8914238146054,0 88.80775159481063,24.89150864813317,0 88.80754505392073,24.89160407900245,0 88.80739577612648,24.89167005079901,0 88.80707426976711,24.89186788696203,0 88.80681234044606,24.89205266376282,0 88.80664555509348,24.89213543368139,0 88.8064636438484,24.89224462554217,0 88.80628196905803,24.89233009516702,0 88.8061549704839,24.89239738049976,0 88.80603070896167,24.89243870691161,0 88.80592376035811,24.89248243643815,0 88.80575012169312,24.8925075351876,0 88.80555926951033,24.89252006521097,0 88.80538848651038,24.89250734461091,0 88.8051857827099,24.89246668104277,0 88.80501772026292,24.89242969511094,0 88.80483202584179,24.89242193296478,0 88.80468097730771,24.89241728335616,0 88.80451519886368,24.89239951938281,0 88.80436645874011,24.89241183461919,0 88.80424975013628,24.89244079603695,0 88.80413508239273,24.89251326630288,0 88.80405288963838,24.89255833106616,0 88.80393864164265,24.89258900676342,0 88.80389097706603,24.89264904538992,0 88.80379271705927,24.89281428515822,0 88.80377724976775,24.89287459170947,0 88.80377837707218,24.89300903042083,0 88.80377919834255,24.89317396776129,0 88.80382911891797,24.89338280655316,0 88.80391157255347,24.89355859110303,0 88.80397979410469,24.89391839210026,0 88.80401252445444,24.89411240200988,0 88.80409809117546,24.89447178188064,0 88.80421511837577,24.89490485302407,0 88.80425061060768,24.89507064394864,0 88.80428534800801,24.89531155048598,0 88.80428832984818,24.89550813653118,0 88.80429014409295,24.89557423611108,0 88.80429069992486,24.89576571799725,0 88.80426394715187,24.89596318371627,0 88.80415469536938,24.89623621476023,0 88.80409109713679,24.89640287279273,0 88.80399389846352,24.89646193331863,0 88.80379996329216,24.89653430667626,0 88.80363853134516,24.89657645002752,0 88.80337814576338,24.89660590492225,0 88.80321150452248,24.89667342257093,0 88.80306392547106,24.89681622061156,0 88.80292621208187,24.8969630550064,0 88.80280425014517,24.89702134244219,0 88.80268710055444,24.89709379211843,0 88.80248367536259,24.89712428603717,0 88.80228054512735,24.89712541243349,0 88.8020951952353,24.89708262941558,0 88.80195241175008,24.89699445220354,0 88.80177989551004,24.89690715582838,0 88.80162472801098,24.89681887417238,0 88.8014820999045,24.89671544667896,0 88.80138622983604,24.89664234566665,0 88.80135447947349,24.8965974593066,0 88.80126063832904,24.89656899678737,0 88.80118631596763,24.89657007029836,0 88.80111168692223,24.89660164061724,0 88.80105192379345,24.89663277049023,0 88.80097714183108,24.89667959051672,0 88.80087015366307,24.89672670453652,0 88.80072811712226,24.89656453993332,0 88.80058345017467,24.89641760249052,0 88.80042175795865,24.89623945724454,0 88.80030048941339,24.89622883917485,0 88.80021098774365,24.89626141463178,0 88.80003183794227,24.89634124991617,0 88.79985267457432,24.89642221369844,0 88.79967614751922,24.89648738472636,0 88.79932497816101,24.89667648324284,0 88.79903572322955,24.89686666520328,0 88.79889356997568,24.89696205929281,0 88.79882095561057,24.89703939676575,0 88.79874631994417,24.89707153118992,0 88.79862303513249,24.89701514353254,0 88.79857641392485,24.89697126104204,0 88.79849540089427,24.89689884748887,0 88.79839811456671,24.89672067636045,0 88.79832358295985,24.89649694384065,0 88.79828561546104,24.89633169475233,0 88.79822363323959,24.89609168717552,0 88.79819216313456,24.89601912487987,0 88.79841991301107,24.895787196983,0 88.79863516795868,24.8955658940915,0 88.79872851832789,24.89539722893763,0 88.79873732073689,24.89526117877316,0 88.79871665747154,24.89485376467182,0 88.79862554515753,24.89455477068305,0 88.79850734229775,24.8942402991306,0 88.79838866718148,24.89397270370908,0 88.79830191801892,24.89373248993784,0 88.79817071126726,24.89347947532773,0 88.7980010852049,24.89310639449837,0 88.79785283929178,24.89282386542969,0 88.79775354812298,24.89259935999273,0 88.79766895917496,24.89239079378549,0 88.79759722575214,24.89213545390964,0 88.79753200686906,24.89197110609632,0 88.79752999099196,24.89192533777274,0 88.79749420219561,24.89179004332467,0 88.79747186792899,24.89154867356102,0 88.7974365289467,24.89136876195496,0 88.79739887330494,24.8911730154575,0 88.79731738287531,24.89090290788437,0 88.79728204533832,24.89072299528937,0 88.79721451570367,24.89054224893924,0 88.79719358064931,24.89040764395852,0 88.7971601094879,24.89028818423973,0 88.79712912748973,24.89016761473658,0 88.79712493245015,24.89009245741315,0 88.79709348080245,24.89001820170168,0 88.79709162052639,24.88995718442221,0 88.79704328343776,24.889838164641,0 88.79704030815149,24.88964214380011,0 88.79700437201201,24.88952153370565,0 88.79700512389911,24.88944698217441,0 88.79700325801947,24.8893865301288,0 88.79699997508557,24.8892210079979,0 88.79702889439338,24.88905519100136,0 88.79705001320579,24.88892602369633,0 88.79705796235856,24.88887469122709,0 88.79708531674768,24.88861848869915,0 88.79708262091712,24.88839479350904,0 88.79708166131539,24.8882445409986,0 88.79707612326558,24.88805697172101,0 88.79702440100277,24.88778259595404,0 88.79701734019066,24.88750068800811,0 88.79701319263525,24.88717531142278,0 88.79701032670512,24.88696856081864,0 88.79700933791399,24.88682113179133,0 88.79697397300153,24.88664404426124,0 88.79694078742588,24.88649634570936,0 88.79690773930504,24.88633509214155,0 88.79690631215644,24.88623115158011,0 88.79690517581247,24.88609840710329,0 88.79693797022136,24.88603937579735,0 88.79706562911724,24.88590658344212,0 88.79714809881841,24.88583384827924,0 88.79719590645642,24.88575969329354,0 88.79724325854974,24.88573071979721,0 88.79732572803027,24.88565798454691,0 88.79744010705645,24.88561375827753,0 88.79765122451813,24.88555565912361,0 88.79794638530792,24.88551408007412,0 88.79817512746422,24.88542732133871,0 88.79827217131147,24.88538294944317,0 88.79833963142927,24.88532477398389,0 88.79840446723266,24.88528126054785,0 88.79846957642783,24.88521063891321,0 88.79851689961278,24.88518448854242,0 88.79857936744712,24.88513022374113,0 88.79865406330762,24.88509131317674,0 88.79869673016897,24.88503575309326,0 88.79874448548466,24.88496667943722,0 88.79874302852703,24.88486556336687,0 88.79874319844333,24.88460291974664,0 88.79868465944375,24.88426748589962,0 88.7986852459411,24.88420931375853,0 88.79875034210856,24.88413982162619,0 88.79899854712463,24.88408767923153,0 88.7993929212023,24.8840316784489,0 88.79973490007434,24.88401364615765,0 88.80018677437904,24.8839044662797,0 88.80056374373784,24.88385509426528,0 88.80096307501526,24.88379856642154,0 88.80136480786948,24.88374940002684,0 88.80171702784891,24.88369812369434,0 88.80212102149932,24.88367043708048,0 88.80250727687482,24.88368270453474,0 88.80287918722509,24.88364345171634,0 88.80309254674809,24.88360795563558,0 88.80332309546093,24.88358728910686,0 88.80357394314683,24.88351821619592,0 88.80381933430409,24.88349936748658,0 88.80413973573945,24.88340997606479,0 88.80443462290521,24.88339492743671,0 88.80478435122077,24.88334475206412,0 88.80500754256502,24.88331667934363,0 88.80531748653236,24.88328198631687,0 88.80559007994685,24.8832673143716,0 88.8059105582506,24.88317001219653,0 88.80627798333396,24.8830838318677,0 88.80652622836051,24.88302715890997,0 88.80678732411765,24.88292371135453,0 88.80701595868393,24.88284654061575,0 88.80722754618711,24.8827404208587,0 88.80745646284144,24.88263500910452,0 88.80758853941971,24.88255420936448,0 88.80783272719687,24.88240769216359,0 88.80799756420285,24.88227068218472,0 88.80825746745357,24.88203844152322,0 88.80842024923882,24.88185905094861,0 88.80873759254588,24.88157927727364,0 88.80892333399264,24.88133286253598,0 88.80908408298522,24.88110883380616,0 88.80924484365791,24.88088367533977,0 88.80935594325189,24.88067109397161,0 88.80945161290916,24.88051543260017,0 88.80956214723508,24.88035932911524,0 88.80965521145593,24.88021663678598,0 88.80976793392514,24.88008935749195,0 88.80987805026167,24.87997504819348,0 88.80998816738654,24.87986073881153,0 88.81009856550841,24.87971818991836,0 88.81019149733136,24.87958848701967,0 88.81031516246038,24.87935737098433,0 88.8103737178217,24.87919801078024,0 88.8104350522227,24.87900817429871,0 88.81046331360254,24.87890617454064,0 88.81046200395413,24.87878924496839,0 88.81045806597353,24.87868754282106,0 88.81045661017096,24.87858529865648,0 88.81045501278737,24.87849717196582,0 88.8104531276568,24.87843784906388,0 88.81040214273068,24.87833519273023,0 88.81038539297806,24.87827631105411,0 88.81033659688718,24.87820247809669,0 88.81028750083709,24.87815857940446,0 88.81023826519765,24.87812879904971,0 88.81015930593961,24.87809933675242,0 88.8099815877689,24.87803911823613,0 88.80983839350003,24.87799387231602,0 88.80970976376288,24.87797811758096,0 88.80963051113882,24.8779780240319,0 88.80953582553914,24.87803541392245,0 88.80947318609473,24.87810775613848,0 88.80929983950394,24.87810574980542,0 88.80917135703345,24.87807531098264,0 88.80904084382338,24.87800023360155,0 88.80883005259821,24.87777989205697,0 88.80878111024374,24.87772074395721,0 88.80866588555575,24.87760286638943,0 88.80858504376451,24.87751408112463,0 88.80840383024963,24.8773081065584,0 88.80823981189006,24.87711639490279,0 88.80812677744538,24.87702734121308,0 88.80801388304646,24.87692416905734,0 88.80791555468497,24.87685048831995,0 88.8078025253504,24.87676086912582,0 88.8077043447577,24.87667250369332,0 88.80760602141559,24.87659825749896,0 88.80752473941843,24.87655352517996,0 88.80747798151454,24.87652376440219,0 88.80744433417419,24.87642125083971,0 88.80744068637256,24.87629074552142,0 88.80743937976453,24.87617381572101,0 88.80746575493988,24.87601305948163,0 88.80746648311417,24.87594020296088,0 88.80749445897206,24.87586700834964,0 88.80754224548276,24.87579397919585,0 88.80745921112927,24.87567693403984,0 88.8072985386215,24.87564622510209,0 88.80710786113922,24.87564407200491,0 88.80694718774619,24.87561336269327,0 88.80686794880314,24.87561213799944,0 88.80672228750547,24.87556630303075,0 88.80662440197604,24.87544856860721,0 88.80654152200484,24.87531627308303,0 88.80645631246891,24.87516927327867,0 88.80642296078267,24.87503739121408,0 88.80638713272235,24.87490548764479,0 88.80633673953569,24.87474409234929,0 88.80629888300183,24.87456755107538,0 88.80625632667679,24.87436555351244,0 88.80619373998701,24.87418541663171,0 88.80614305392953,24.87405338940573,0 88.80605815159133,24.87387589150046,0 88.80602248239268,24.87372817546557,0 88.8059868029649,24.87358158717752,0 88.80595128070235,24.87341918566406,0 88.80592843512643,24.87322751982842,0 88.80587602053824,24.87302092133618,0 88.80587022109954,24.87285820352568,0 88.8058325230424,24.87266584700411,0 88.80582890653339,24.87253251797024,0 88.80587030345492,24.87235550792782,0 88.80589684957108,24.8721778090142,0 88.80599844356543,24.87192504977799,0 88.8060872027304,24.87171736892862,0 88.80618910643902,24.87143354658002,0 88.80623224989071,24.8713294136553,0 88.80630803288246,24.87118093045664,0 88.80636619236924,24.87106110784056,0 88.80640948327017,24.8709422903179,0 88.80646763790031,24.87082303199739,0 88.80651109227891,24.87068783598713,0 88.8065221959648,24.87056818551032,0 88.80651858922653,24.87043372692752,0 88.80651250052097,24.87029981299199,0 88.80647872056788,24.8702108539561,0 88.80639541938409,24.87012091689964,0 88.80631008517452,24.86998690641693,0 88.80625912246958,24.86988255336842,0 88.80622549522839,24.86977834536603,0 88.8062192601538,24.869659115034,0 88.80621333555749,24.86950882258364,0 88.80620567607674,24.86928452332306,0 88.80620221755868,24.86913538012718,0 88.80619612935222,24.86900146613371,0 88.80619034597839,24.86883705345497,0 88.80618080504375,24.86855343190551,0 88.80617531627138,24.8683596500994,0 88.80616592691233,24.86806077964845,0 88.80615983887633,24.86792686562999,0 88.80615638522403,24.86777715807487,0 88.80615247332915,24.86767319720473,0 88.80614667989344,24.86750991405879,0 88.80614509656996,24.86742065925292,0 88.80609398940678,24.86733099058851,0 88.80596378422067,24.86722654235234,0 88.80579890658291,24.86712236982281,0 88.80563433516427,24.86698769748391,0 88.80556836522499,24.86689847018527,0 88.80551552900907,24.86673423009069,0 88.80547798752968,24.86652662608864,0 88.80544030299579,24.86633314140583,0 88.80538513320396,24.86615476218881,0 88.80535165478325,24.86603586928106,0 88.80525131366807,24.86591698402099,0 88.80513770233975,24.86588666461175,0 88.80489314702142,24.86582588295427,0 88.80468514596386,24.86582414586575,0 88.80458826847959,24.86585383826796,0 88.80447841404896,24.86594272918244,0 88.80441605612623,24.86598739397412,0 88.80431933108947,24.86600183640312,0 88.80411102434302,24.86603059815095,0 88.80399957735413,24.86603136157253,0 88.80386878600756,24.86598564779783,0 88.80377017389959,24.86594133274878,0 88.80360748744378,24.86586598121914,0 88.80340869470692,24.86568696612231,0 88.80334228000504,24.8656423539481,0 88.80330821320628,24.86558219877174,0 88.80327429553573,24.86550735808549,0 88.80323616208157,24.86535905501083,0 88.80320067476902,24.86519382973399,0 88.80319270925729,24.86500059295703,0 88.80315518268401,24.86479185940776,0 88.80314954640038,24.86461332784243,0 88.803147880493,24.86453254336464,0 88.80314419878601,24.86440599146007,0 88.80313856158389,24.86422745989563,0 88.80316555217337,24.86400570923734,0 88.80324408862728,24.86382957563429,0 88.80330325653095,24.86360922305202,0 88.80338193403641,24.86341896915651,0 88.8034783861909,24.86318480875807,0 88.80363774459683,24.86285119869527,0 88.80381473640485,24.86248780041276,0 88.80392879197562,24.86222667431401,0 88.80402551945357,24.86196483840932,0 88.80409150098419,24.86180554410565,0 88.80413956851559,24.86170427742701,0 88.80417365556448,24.8615153455896,0 88.80417176860217,24.86145658844123,0 88.80418982110562,24.86138500576198,0 88.80418822260322,24.86129744560734,0 88.80420454181558,24.86115185684923,0 88.80420571455691,24.86103494726628,0 88.80420469960265,24.86088921403423,0 88.80422130723593,24.86071482226339,0 88.80422116995926,24.86048154860163,0 88.80425540471073,24.86027793215319,0 88.80425512136618,24.86005934304759,0 88.80426895765324,24.85991429888714,0 88.8042737680085,24.85968163171896,0 88.80430653881892,24.85937690010029,0 88.80434265961863,24.85898521389417,0 88.8044105323338,24.85863728360725,0 88.80447782125265,24.858347526382,0 88.80454510422688,24.85805833257097,0 88.80461166113632,24.85784143117235,0 88.80466148086548,24.85756508261372,0 88.80469584448164,24.85734847722379,0 88.8047280429121,24.85710078810733,0 88.8047308109943,24.85682461267552,0 88.80473154606003,24.8565043628308,0 88.8047314037084,24.85627165432949,0 88.80469893016227,24.85605279688535,0 88.80466689417575,24.85579045089235,0 88.80463611652819,24.85564955258838,0 88.80419724916095,24.85595428301071,0 88.80403936869821,24.85589478750853,0 88.80381274446908,24.85577654133075,0 88.80373423785808,24.8557035879315,0 88.80358422192523,24.85560066625549,0 88.80344892105383,24.85551198771561,0 88.80331085558583,24.85545209231875,0 88.80316998479674,24.85542493316771,0 88.80308349002678,24.85540783045365,0 88.80295472776541,24.85540788353553,0 88.80280602678536,24.85542076091528,0 88.80267697462733,24.85544961771664,0 88.80256787815155,24.8554639561083,0 88.8024391261427,24.85546287917635,0 88.80241029360279,24.85537509050971,0 88.80238160940036,24.85527261722553,0 88.8023827775426,24.85515627363386,0 88.80236443956828,24.85500983106165,0 88.80231579981428,24.85492187602491,0 88.80228740381867,24.85479059966831,0 88.80226877039445,24.85467352537443,0 88.80222042085133,24.85455676722797,0 88.80217178040581,24.8544688121354,0 88.80214295400292,24.85438045904137,0 88.8021340719208,24.85427871638267,0 88.80206606177896,24.85414710810323,0 88.80203767761135,24.85401470207659,0 88.80196005368327,24.85385420702112,0 88.80192175527827,24.85372284778663,0 88.80189308230624,24.85361924567256,0 88.80186454074209,24.85350265286003,0 88.80183615698034,24.85337024676377,0 88.80183717933099,24.85326858680924,0 88.80186820760611,24.85313780681961,0 88.80191934335096,24.8529772605939,0 88.80200020235309,24.85281583210423,0 88.80204083866859,24.85271450405069,0 88.80209183333022,24.85256807622456,0 88.80217325863441,24.85235017112591,0 88.80221376432975,24.85226183281033,0 88.80222468939913,24.85216025560183,0 88.80225528636259,24.85207239887415,0 88.8022959222635,24.85197107076707,0 88.80228749373727,24.85182414649375,0 88.80225968907438,24.85163413251333,0 88.80220128866243,24.85153197613117,0 88.80213342752451,24.851385684053,0 88.80210459633784,24.85129789521617,0 88.80203629799917,24.85119509075972,0 88.80197775627774,24.8511070536251,0 88.8018707186779,24.85091694176582,0 88.80174343048347,24.85077071720067,0 88.80165576931086,24.8506236940369,0 88.80151902684263,24.85043276918334,0 88.80139189369797,24.85027129529326,0 88.80123518659536,24.85009601781403,0 88.80110775819365,24.84996391197146,0 88.80103917212453,24.84988991093761,0 88.80093155170218,24.84975797056065,0 88.80083353356048,24.84965604651265,0 88.80075489750514,24.84959664619116,0 88.80067654996856,24.84950844274888,0 88.80057854358576,24.84940538892138,0 88.80048052699165,24.84930346369041,0 88.80039213419153,24.84922929658672,0 88.80027461230522,24.84909727277365,0 88.8001959645251,24.84903900171663,0 88.80011762341449,24.8489502326881,0 88.80005893654416,24.84887687926106,0 88.79999034035421,24.84880400725235,0 88.7998828753415,24.84865681702053,0 88.79981442703232,24.84856926029281,0 88.79975603586175,24.84846653837766,0 88.79968774209641,24.84836373260041,0 88.79962949313878,24.84824689124125,0 88.79955143796563,24.84812988308154,0 88.79950295086898,24.84802724306354,0 88.79943450887967,24.84793912177797,0 88.79929850118211,24.84767590360899,0 88.79923006521703,24.84758721696194,0 88.79914255149471,24.84742607348661,0 88.7990960512374,24.84737202537854,0 88.79905444598913,24.84732366667051,0 88.7990168872074,24.84711945018051,0 88.79894889509136,24.84698671128145,0 88.79892035820845,24.84687011846859,0 88.79884290146769,24.8466938087654,0 88.79879603095432,24.84643077336602,0 88.7987481260467,24.84627052585438,0 88.79872018647222,24.84609463189962,0 88.79872121641812,24.84599240740155,0 88.7987168853216,24.84593080564424,0 88.7987139593975,24.84572970390708,0 88.79871572940959,24.84555405892525,0 88.79868720354278,24.84543633644027,0 88.79868822786861,24.84533467717766,0 88.79868940568548,24.84521776803298,0 88.79867106194537,24.84507245499568,0 88.79867283775026,24.84489624475174,0 88.79864401646972,24.84480789060893,0 88.79864504086054,24.8447062313368,0 88.79864813110622,24.84439955868043,0 88.79864930333267,24.84428321476564,0 88.79863053810911,24.8441796946414,0 88.79860200135406,24.84406310168479,0 88.79854360214999,24.84396150864833,0 88.79844604668087,24.84381440087591,0 88.79831906689689,24.84363880513332,0 88.79822106733342,24.84353575021281,0 88.79812321111638,24.84341857490588,0 88.79803467714049,24.84335909066677,0 88.79793637649293,24.84328596735471,0 88.79772958211458,24.8431684432935,0 88.79763114522365,24.84310887481773,0 88.79746623336175,24.84301203514491,0 88.79717308641268,24.8428644129451,0 88.79704251672169,24.8427994912305,0 88.7968995861834,24.84273277063731,0 88.79676656943298,24.84266500436217,0 88.79670042607025,24.84259497478709,0 88.79659453421543,24.84253816763606,0 88.79648160335303,24.84244289291057,0 88.79640786768454,24.84238918030799,0 88.7962580755315,24.84226648427589,0 88.79620184057492,24.84219597329038,0 88.79611589809757,24.84212521270864,0 88.79596062971056,24.84205443404905,0 88.7958082372117,24.84194414129162,0 88.79570481068997,24.8418884838411,0 88.79551526564849,24.84177957353117,0 88.79541207881807,24.84170019448649,0 88.79526446205884,24.84160745182015,0 88.79499615186977,24.84145269212574,0 88.79488538999786,24.84138793489834,0 88.79476002650404,24.84129820257429,0 88.79465184905601,24.8412227353263,0 88.79452673121104,24.84110871705711,0 88.79437228758395,24.84095660974423,0 88.79431101813614,24.8408945277499,0 88.7942622645775,24.84081899569097,0 88.79415471090007,24.84068196762876,0 88.79409865578639,24.84059394842645,0 88.79405522973128,24.84048118329096,0 88.79398533246858,24.84029307345404,0 88.79397434168472,24.84015572904097,0 88.79396842900968,24.84000600078754,0 88.79393490633009,24.83989331892595,0 88.79395090919273,24.83977992416931,0 88.79394437341716,24.83969175722939,0 88.79394849984392,24.83952855813363,0 88.79396190036036,24.83942756804348,0 88.79393098590361,24.83930191714972,0 88.7939498573581,24.83914957372559,0 88.79393875362565,24.83902352517317,0 88.79395217124126,24.8389208402432,0 88.79394851086967,24.83879315936808,0 88.79396739468598,24.8386396872379,0 88.79398094926512,24.83852344812253,0 88.79399176649284,24.83843316693142,0 88.79400102704319,24.83825193694132,0 88.79401746358511,24.83809562044242,0 88.7940339219287,24.83793704386932,0 88.79402782010594,24.83780595337673,0 88.7940066195731,24.83769902359836,0 88.79398782057696,24.83759945653648,0 88.79393949010441,24.83748213122503,0 88.79383114630726,24.83742360697783,0 88.79372221920443,24.83742268907125,0 88.79354397530415,24.83742118743975,0 88.79338553033436,24.83742041672379,0 88.79321691406724,24.8374461073764,0 88.79305357003989,24.83744021189187,0 88.7929224139438,24.83743402301386,0 88.79278204170282,24.83735997692643,0 88.79270616069637,24.83727404935354,0 88.7926400340132,24.83720288895356,0 88.79256444565908,24.83708815716073,0 88.79249889171049,24.83696051982205,0 88.79246057998914,24.83683198146375,0 88.79237338054857,24.83664146621474,0 88.79223740235273,24.83637824149255,0 88.79211990079635,24.83624621169157,0 88.79203181606415,24.83614323636138,0 88.79193327307601,24.83609495952595,0 88.7918194414444,24.83608948005465,0 88.79166630502995,24.83605373361699,0 88.79155983756453,24.83605452978021,0 88.79145579428479,24.83606042945931,0 88.79128039974904,24.8360222355127,0 88.79115180763598,24.83600759437252,0 88.79100357033197,24.83597697173317,0 88.79086582530211,24.83588826076768,0 88.7906982187924,24.83581454798338,0 88.79059003242796,24.83574077216167,0 88.79046247690212,24.83562390636715,0 88.79038429564625,24.83552101355487,0 88.79015876096041,24.83530052123848,0 88.78997238896564,24.83512441625684,0 88.78986479361126,24.83499246808169,0 88.78976695218977,24.83487528815643,0 88.78961974875632,24.83474300519647,0 88.7895118628854,24.83463985997266,0 88.78940367251191,24.83456664843148,0 88.78920681550755,24.83444806522781,0 88.78909847644475,24.83438953725132,0 88.7889799425393,24.83435972876869,0 88.78889126453288,24.83431548748829,0 88.78874317302328,24.83427074389324,0 88.78860527761056,24.83419727967341,0 88.78848703644687,24.83413866750564,0 88.78837870943626,24.83407900937724,0 88.78828042275553,24.83400588068521,0 88.78823898693615,24.83394170498786,0 88.78820150340131,24.83397584128118,0 88.788082080926,24.83403357239066,0 88.78784353871407,24.83411910057282,0 88.7877143625138,24.8341620629183,0 88.78760498466305,24.83420575708255,0 88.78747551559498,24.83427752342049,0 88.78732622492015,24.83435081507738,0 88.78722660586845,24.83440871315586,0 88.78714663496231,24.83448202698643,0 88.78698700489288,24.83459815818136,0 88.78688663231621,24.83473004040565,0 88.78680666200576,24.83480335496487,0 88.78671694398368,24.83486133567638,0 88.78664643295652,24.83497822112303,0 88.78653704923242,24.83502247979855,0 88.78639736583072,24.83512465866191,0 88.78624793461738,24.8352115044677,0 88.78608844062899,24.83531407966036,0 88.78598865931191,24.83538778949592,0 88.78587853750324,24.83550433907055,0 88.78578866337648,24.8355775683438,0 88.78570824362069,24.8356949347476,0 88.78564792602921,24.83578310040201,0 88.78559720648073,24.83590128284165,0 88.78552683177396,24.83600461270393,0 88.78547626147605,24.83610811128652,0 88.78541564562028,24.83622564449979,0 88.78531496446779,24.83638745961996,0 88.78528404995079,24.83650580982467,0 88.78521397936521,24.83657920756989,0 88.78510399952881,24.83668163627351,0 88.78496461306554,24.83675444537936,0 88.7847950694461,24.83687105397191,0 88.78459566273752,24.83700265954324,0 88.78439641666772,24.83711845144675,0 88.78430684540297,24.83716174702112,0 88.78415726163409,24.83726327474941,0 88.7839976126542,24.83738053176868,0 88.78390787992269,24.83743964054619,0 88.78381846461288,24.83746768675671,0 88.78368913374202,24.83752532970716,0 88.78361907314185,24.83759759718451,0 88.78355814304108,24.83774562793409,0 88.78350742653363,24.83786324454172,0 88.78346599493875,24.83804137627524,0 88.78346463545842,24.83817466307627,0 88.78340431513119,24.83826282795319,0 88.7832542619725,24.83841010123182,0 88.78310496948092,24.83848282379915,0 88.78294592934563,24.8385402139734,0 88.78274728971748,24.83859613713706,0 88.78257834727644,24.83865344283834,0 88.7824592228387,24.83868123508801,0 88.78234983902848,24.83872492660736,0 88.78220070115033,24.83878239923173,0 88.78205171295691,24.83882518787604,0 88.78192253539713,24.83886758032321,0 88.78161419910107,24.83899769046101,0 88.7815246206773,24.83904154972372,0 88.78145754102779,24.83906413602457,0 88.78135567598659,24.83909885321313,0 88.78118673211836,24.83915615650791,0 88.78103805449894,24.83916844690044,0 88.78080969424293,24.83922524366311,0 88.7806509586959,24.83925269854792,0 88.7805319831666,24.83926580546817,0 88.78037309647212,24.83930794392273,0 88.78027361430441,24.83935171732699,0 88.78016453010854,24.8393660378046,0 88.78000580474898,24.8393923624367,0 88.77979784994477,24.83939058992357,0 88.77966897788394,24.83940304753128,0 88.7791525391267,24.83954549840661,0 88.7789343863584,24.83957244464927,0 88.77884481126226,24.83961573713939,0 88.77872598630898,24.83961415878284,0 88.7784086621762,24.83965437841136,0 88.77827962680603,24.83968264830964,0 88.77810123507028,24.8396952461139,0 88.77800191356478,24.83972320460808,0 88.77777369614049,24.83976587733343,0 88.77768427657445,24.83979392004561,0 88.77751548594938,24.83983597021739,0 88.77737654227229,24.83986472016691,0 88.77719785510914,24.83990612029169,0 88.77706881913625,24.83993438917287,0 88.77684045527772,24.83999118004045,0 88.77664210719504,24.84001829194684,0 88.77653256942361,24.84007666234226,0 88.77619497476266,24.84016188957885,0 88.7760857502446,24.84018976141316,0 88.77593691421191,24.84021729504067,0 88.77579574865835,24.84022117217679,0 88.77567915455126,24.84024333232613,0 88.77557022521113,24.84024240129963,0 88.77544119520503,24.84027010355121,0 88.77521344490819,24.84026702599483,0 88.7750548512477,24.84028035464119,0 88.7749360313057,24.84027820895423,0 88.77475778879646,24.84027611895358,0 88.77453979084952,24.84028780885596,0 88.77442095828674,24.84028679146671,0 88.77421330981976,24.84025507823462,0 88.7740845867494,24.84025284722278,0 88.77397566312722,24.8402513497823,0 88.77378740246097,24.84026046903328,0 88.77359922295503,24.84026168085613,0 88.7735097961372,24.84029028639021,0 88.77338106718189,24.8402886182188,0 88.77332153533879,24.84029940505903,0 88.7732843251424,24.84030642843086,0 88.77323223124255,24.84031614917865,0 88.77312299320123,24.84034514940364,0 88.77294446029525,24.84037129541655,0 88.77266672669718,24.84041353590882,0 88.77248849546153,24.8404103136091,0 88.7723099506667,24.84043758847533,0 88.77212179980806,24.84043597580752,0 88.77195345422605,24.84043453160093,0 88.77184453618108,24.84043246826511,0 88.77169584485739,24.84044587817694,0 88.7715077113524,24.840442568982,0 88.77139878166562,24.84044163492089,0 88.77106211364537,24.84043648639042,0 88.77089377381421,24.84043447664001,0 88.77070562284673,24.84043286128404,0 88.7705346560313,24.84044551380887,0 88.77019055570956,24.84044086398298,0 88.77001231266864,24.84043876832716,0 88.7697845626206,24.84043568158708,0 88.76960632637565,24.84043302108526,0 88.7693191545236,24.84042998823719,0 88.76917062573254,24.84042758123889,0 88.76901188525943,24.84045502307434,0 88.76887324795126,24.84045383127409,0 88.76874421002221,24.84048209218311,0 88.76856597363734,24.84047942953943,0 88.7683875731877,24.84049258110965,0 88.76813970882088,24.84051925396592,0 88.76801098522365,24.84051701682563,0 88.76790206114755,24.84051551496423,0 88.76779313222502,24.84051457736087,0 88.76767431179883,24.84051242590195,0 88.76751571647218,24.84052574570139,0 88.76736718749487,24.84052333781664,0 88.76725856750075,24.84049246673571,0 88.76708032519129,24.84049036757023,0 88.76695159091065,24.84048925910411,0 88.766773511861,24.84047134514677,0 88.76659526371306,24.84046980974982,0 88.7664863454528,24.84046774160032,0 88.76633781164627,24.8404658970248,0 88.76619917319707,24.84046470275313,0 88.76607045056917,24.84046246392347,0 88.76587240870751,24.84045962767876,0 88.76573377121744,24.84045843206004,0 88.76557533421303,24.84045650151795,0 88.76535748697587,24.84045349414185,0 88.76516934141917,24.84045130655603,0 88.76502081339746,24.84044889541588,0 88.76483267367189,24.84044614305525,0 88.76470393932821,24.84044503264802,0 88.76457536854667,24.84042810859428,0 88.76437731494497,24.84042639906217,0 88.76419937639612,24.84039492767765,0 88.76398153500431,24.8403913530338,0 88.76383330609552,24.84036013807448,0 88.76371955415077,24.84034672918985,0 88.76351660166426,24.84033989397763,0 88.76339776954688,24.84033886780337,0 88.76326888319241,24.84035243918977,0 88.76306078608765,24.84036419777373,0 88.76296144829988,24.84039327518098,0 88.76283226251432,24.84043565064511,0 88.76274283364458,24.84046424896119,0 88.76267274109365,24.8405381995023,0 88.76256289724233,24.84062536267085,0 88.76244345529236,24.840683072443,0 88.76231162933915,24.84074123877136,0 88.76218538108415,24.8407390179749,0 88.76205649998784,24.84075202489671,0 88.76199783975474,24.84067865495531,0 88.76196922284704,24.8405733508077,0 88.76192078889353,24.84046900442211,0 88.76189293994588,24.84028971434464,0 88.76187465958947,24.84014270208703,0 88.76187590261834,24.84002297036751,0 88.76182746898614,24.83991862392816,0 88.76178909564985,24.83979911374792,0 88.76169099631622,24.83970902381213,0 88.76162291581745,24.83958925711271,0 88.76158469603067,24.83945506289583,0 88.76146756588756,24.83929025061877,0 88.76136079696548,24.8390814727649,0 88.76130261923632,24.83896179138805,0 88.7612540332684,24.83887212866475,0 88.7612060643788,24.8387231648267,0 88.76114896679275,24.83849956605408,0 88.76110146196787,24.83830598502816,0 88.76105348081626,24.83815815072439,0 88.76105488391319,24.83802317061981,0 88.76100675648858,24.83788945589268,0 88.76097905028296,24.83769661112828,0 88.76095104439388,24.83753256992577,0 88.76095289389851,24.83735466662148,0 88.76092581585992,24.83710139111761,0 88.76089779949807,24.83693847947452,0 88.7608696416055,24.83678912218527,0 88.7608416361559,24.83662508182672,0 88.76084301612642,24.83649235999302,0 88.76077556053632,24.83631272725498,0 88.76076706118697,24.83617766064831,0 88.76069075993142,24.83589628323623,0 88.76062299332825,24.83574658357719,0 88.76056604014313,24.83550942909056,0 88.76055721778252,24.83540542524109,0 88.76050909794932,24.83527114587223,0 88.76046067341704,24.83516623440961,0 88.76040295098656,24.83500306581944,0 88.76036442255048,24.8348988042588,0 88.76032574663924,24.83480866230989,0 88.760277786613,24.83465913449995,0 88.76022935568527,24.8345547872932,0 88.76012243993499,24.83436069206865,0 88.76005421757827,24.83425504394481,0 88.75996679595605,24.83409105299927,0 88.75989840283486,24.83400178362671,0 88.759840229188,24.83388210229651,0 88.7597716837825,24.83380751682338,0 88.75971320535024,24.83371720337234,0 88.7596350751989,24.83361203372463,0 88.7595177951784,24.83346246947942,0 88.75945931123002,24.83337272025748,0 88.75936169509973,24.83323688245234,0 88.75930319964269,24.83314826276057,0 88.75927441598067,24.8330593357184,0 88.75919613995224,24.83296828631589,0 88.7591277597672,24.832877886907,0 88.75904947221467,24.83278796611672,0 88.75899098894136,24.83269821666752,0 88.75894240148624,24.83260911905074,0 88.75887432789037,24.83248935062934,0 88.75879603491218,24.83239999493268,0 88.75873781031382,24.83228539582595,0 88.75863110547613,24.83207153247194,0 88.75858253615094,24.83198073984222,0 88.7585147686023,24.83183160414876,0 88.75848706821412,24.83163875938815,0 88.75838031745059,24.83142941420939,0 88.75835169347391,24.83132523857622,0 88.75827480130856,24.83110146653506,0 88.75824634294131,24.83098147726537,0 88.75817888180438,24.83080297247492,0 88.75812147700478,24.83060987029978,0 88.75806345367668,24.83047606931226,0 88.75798657439347,24.83025116743402,0 88.75793828929011,24.83013326573525,0 88.75789018639291,24.8299978555569,0 88.75779318093215,24.82980384481123,0 88.75775465556129,24.82969958321312,0 88.75770715923895,24.82950600132784,0 88.75767837772534,24.8294170747301,0 88.75764048329918,24.82925238223601,0 88.75756265857738,24.82911840845292,0 88.75755399819532,24.82899915583354,0 88.75750557301356,24.82889480831181,0 88.757447715811,24.82874519337478,0 88.75735163588836,24.82846251298846,0 88.75730383416004,24.82829829978746,0 88.75725571515504,24.82816458415856,0 88.75724705029805,24.82804589582778,0 88.75716954426784,24.82788142415444,0 88.75710178681352,24.82773172317298,0 88.75704407868292,24.82756798834436,0 88.7569863766024,24.8274036891291,0 88.75691846089924,24.82726923638008,0 88.75686987137529,24.82718070218126,0 88.75684124985719,24.82707652607859,0 88.75679283689648,24.82697104953247,0 88.75673452287847,24.82686548618715,0 88.75671580367442,24.82676139590968,0 88.75663905892452,24.82652406908783,0 88.75658089230173,24.82640438600846,0 88.75652319146225,24.82624008652646,0 88.75648450373698,24.82615163804503,0 88.75644661805259,24.82598638158754,0 88.75639819412635,24.82588203356255,0 88.75635007718155,24.82574831749559,0 88.75632129766748,24.82565939049239,0 88.75625369655047,24.82549500494383,0 88.75622523488133,24.82537558029232,0 88.75616722223398,24.82524121297643,0 88.75613906178503,24.82509298462458,0 88.75611029436885,24.82500292794819,0 88.75609345039203,24.82495646633736,0 88.75606217814244,24.82486921264043,0 88.75596595677943,24.82460065055211,0 88.75591784676743,24.82446636991824,0 88.75588010960163,24.82428699265244,0 88.75583229999538,24.8241239092091,0 88.75581327505782,24.82404918675044,0 88.75575603561752,24.82384083477336,0 88.75568828234306,24.82369113285869,0 88.75565965691546,24.82358752164031,0 88.75557224936649,24.82342352897271,0 88.7555236801204,24.82333330019507,0 88.75544709910838,24.82308072314529,0 88.75541847994617,24.82297654750068,0 88.75539961544168,24.82288657657545,0 88.75537161460929,24.82272309959788,0 88.75532335299056,24.82260350268087,0 88.75527539767464,24.82245453770889,0 88.75526674037498,24.82233528561192,0 88.75521831903595,24.82223093702313,0 88.75521940357386,24.8221270192829,0 88.75517082336691,24.82203791994292,0 88.75512271536952,24.82190363890726,0 88.75509395546115,24.82181301756411,0 88.75506533693905,24.82170884089997,0 88.75503670670432,24.8216057947384,0 88.75498859904665,24.82147151363499,0 88.75493012347955,24.82138176292626,0 88.75486253275243,24.82121681207592,0 88.75480451789278,24.82108300922791,0 88.75477574665982,24.82099351740038,0 88.75472748539246,24.82087392020766,0 88.75470892227582,24.82075514633737,0 88.75466081436521,24.82062086508787,0 88.7546323448348,24.82050256951118,0 88.75460357879412,24.82041251328777,0 88.75455546624265,24.82027879632686,0 88.75452670130812,24.82018874006856,0 88.75447874215168,24.82004033904482,0 88.75443017515727,24.81995010975639,0 88.75440186417092,24.81981656573735,0 88.75437309946177,24.81972650852947,0 88.75429467675885,24.81965070502721,0 88.75426589449845,24.81956234265673,0 88.75421731607597,24.81947324288486,0 88.75415900713344,24.8193676790338,0 88.75410147246853,24.81918812973098,0 88.75406310237047,24.81906974790415,0 88.75404453927618,24.81895097388587,0 88.75400602783334,24.81884614645336,0 88.75400726683009,24.81872754549574,0 88.75393889386721,24.81863770815361,0 88.75388104055628,24.81848865639729,0 88.75383278127254,24.81836905967926,0 88.75375605996049,24.81813060182702,0 88.75369788871237,24.81801204764154,0 88.75364948238226,24.81790656961402,0 88.7536210195056,24.81778770937429,0 88.75354337210248,24.8176379199261,0 88.75349495427169,24.81753357143885,0 88.75342720759646,24.8173838689424,0 88.75334970817562,24.81721996057955,0 88.75332108553316,24.81711634955281,0 88.75327282837094,24.81699675165981,0 88.75324452539789,24.81686264291181,0 88.75318698752004,24.81668365741725,0 88.75315898562017,24.81652074581839,0 88.75316007214383,24.81641682792551,0 88.75311182036515,24.81629666560389,0 88.75309325385503,24.81617845659794,0 88.75309465315792,24.81604460626458,0 88.75305659788631,24.81589629159117,0 88.75300865425602,24.8157467611185,0 88.75297989068306,24.81565670350002,0 88.75294152295569,24.81553832211595,0 88.75285304331366,24.8154776798543,0 88.75273455516636,24.81544614706327,0 88.75259626070695,24.81541500703347,0 88.75248767881416,24.81538299588497,0 88.75227127186919,24.81524668181066,0 88.75218279374579,24.81518604001169,0 88.75208440859298,24.81512587628639,0 88.75197644221241,24.81503512854158,0 88.75182871373737,24.8149592841295,0 88.75173018125656,24.81491323894216,0 88.75160147371231,24.81491211666897,0 88.75141336396361,24.81491047572269,0 88.75130491866939,24.81486547448931,0 88.75117700987086,24.81478810799474,0 88.75105852863084,24.81475600855539,0 88.75095009639439,24.81470987742555,0 88.75082138999947,24.81470875355433,0 88.75071264359298,24.81469255472185,0 88.75061395208589,24.81466175807611,0 88.75051542024414,24.8146157120485,0 88.75020850966546,24.81461246821796,0 88.75009960371008,24.8146115173439,0 88.74987174964527,24.81462308342127,0 88.74972294023831,24.81465058960782,0 88.74942562789641,24.8146762334341,0 88.74927681829885,24.81470373918517,0 88.74912816152789,24.81471656164211,0 88.74898955484586,24.81471534975978,0 88.74882125152494,24.81471331406032,0 88.7486922421029,24.81474099214376,0 88.74850414426371,24.81473821880923,0 88.74834573515307,24.81473683340452,0 88.74798933389204,24.81473202209483,0 88.74783093167821,24.81473007177688,0 88.74760323101624,24.81472695034688,0 88.74745456899281,24.81474033549403,0 88.74733038530444,24.81477991617702,0 88.74727574204091,24.8147975121737,0 88.74713698699421,24.81481041829648,0 88.7469388217545,24.81482336922949,0 88.7468101328421,24.81482054793917,0 88.74663192310723,24.81481898754954,0 88.74646362544594,24.81481638484523,0 88.74628511319285,24.81484362694171,0 88.74600790420972,24.81484063434626,0 88.74584951855317,24.8148369870732,0 88.74570101136646,24.81483568639957,0 88.74546340419462,24.81483303941338,0 88.74533469742303,24.81483191172432,0 88.7449188922414,24.81482657210772,0 88.74474085458802,24.81480863140413,0 88.74446396725472,24.81477513813376,0 88.74428576336365,24.81477300968273,0 88.74414715638274,24.81477179421324,0 88.74393894186028,24.81479877325289,0 88.74381998075359,24.81481241422271,0 88.74369096983423,24.81484008805549,0 88.74348275505788,24.81486706647106,0 88.7432446839274,24.81490846824558,0 88.74306648572227,24.81490577399383,0 88.742887972332,24.81493301208029,0 88.74275927127489,24.81493131691874,0 88.74260039862997,24.81497397772033,0 88.74243193396889,24.81498718329592,0 88.74217406165334,24.81502840874167,0 88.74206516690961,24.81502632241416,0 88.74183746624838,24.81502319130773,0 88.74160928343655,24.81506580704131,0 88.74140138316604,24.81506284913177,0 88.7412723723051,24.81509052090811,0 88.74116347151868,24.81508899828248,0 88.7410545657706,24.81508804082526,0 88.74093064735283,24.81510220130933,0 88.74082656117196,24.81511371204373,0 88.74069785387695,24.8151125794726,0 88.74057905279537,24.8151109694317,0 88.74039063811631,24.81513811758268,0 88.74028173229422,24.81513715956435,0 88.74013323535939,24.81513472286719,0 88.73998472749115,24.81513341562725,0 88.73987582663392,24.81513189296732,0 88.73971741750586,24.81513049842841,0 88.73956892154229,24.81512806115803,0 88.73938081658504,24.81512583981703,0 88.73925180509619,24.81515350987715,0 88.73900398636418,24.81518013289567,0 88.73890467651161,24.8152080639541,0 88.73881526688237,24.81523608206323,0 88.7383879828562,24.8153797349744,0 88.73829857298225,24.81540775368961,0 88.73819925081524,24.81543681301164,0 88.73802073522482,24.81546404538273,0 88.73766354854321,24.81553319362232,0 88.7375343689654,24.81557667508259,0 88.73736323714668,24.81560792528623,0 88.73717717564026,24.81564638654871,0 88.73691944897217,24.81567348332349,0 88.73679011960239,24.81573108393336,0 88.7366607891183,24.81578868444889,0 88.73652172547591,24.81583038294476,0 88.73639270648836,24.81585861496664,0 88.73618479357719,24.81585677947315,0 88.73595710390006,24.81585250985356,0 88.73580859395797,24.81585119852001,0 88.73557114744663,24.81583328648299,0 88.73534375083339,24.81580134253088,0 88.73516601844808,24.81575458649543,0 88.73506734220514,24.81572264979365,0 88.73495844163391,24.81572112266151,0 88.73477976311135,24.81576359881661,0 88.73464099894822,24.81577705782437,0 88.73447222753958,24.81581905754284,0 88.73436253483717,24.81589207942922,0 88.73425316720297,24.81593460331525,0 88.7340051956408,24.81597533706863,0 88.73384646775756,24.81600386900942,0 88.7336875960746,24.81604595531149,0 88.73348911584232,24.81608825506919,0 88.7333797347455,24.81613190887403,0 88.73325056480095,24.81617425712458,0 88.73312123201937,24.8162318537856,0 88.7330216012443,24.81628971371532,0 88.73295136095504,24.81637720436516,0 88.73289979892827,24.81657048174541,0 88.73286915503475,24.81665888761075,0 88.73286805056129,24.81676280448551,0 88.73286663453806,24.81689609055765,0 88.73286347195359,24.81719372317407,0 88.73287180063093,24.81734178088572,0 88.7328901915733,24.81747467668256,0 88.732888919397,24.81759440731188,0 88.73288750344486,24.81772769336939,0 88.73296591155975,24.81780350801221,0 88.73299468947306,24.8178907457466,0 88.7330030004297,24.81804049740397,0 88.73300141588501,24.8181895963213,0 88.73299999409178,24.81832344672173,0 88.73299747901294,24.81856008435934,0 88.73299637474609,24.81866400210766,0 88.73299479122342,24.81881310100247,0 88.73299337446704,24.81894638704632,0 88.73299164019998,24.81910960483006,0 88.73298975020187,24.81928750765634,0 88.73299854757447,24.81939151286602,0 88.73302683374756,24.81952506132885,0 88.73302524932875,24.81967416021768,0 88.73305368634958,24.81979358887046,0 88.73310193675286,24.81991206374308,0 88.7331489154754,24.82015027007633,0 88.73314765567962,24.82026887193893,0 88.7331559721591,24.82041805827448,0 88.73317467052453,24.82052215091272,0 88.73320311992376,24.82064045078988,0 88.73320091192755,24.82084828621643,0 88.73319901538071,24.82102675336045,0 88.73321708406634,24.82119014690115,0 88.7332052927716,24.8213679613171,0 88.73324315714829,24.8215320950207,0 88.7332417358119,24.82166594535429,0 88.73323042465498,24.8217985786234,0 88.73326860663278,24.82193277967148,0 88.73327708618285,24.82206671744898,0 88.7333033154659,24.82239398136521,0 88.7333015878596,24.82255663560617,0 88.73330047803536,24.82266111764964,0 88.73334873595216,24.82277902796816,0 88.73337442827118,24.82292384966684,0 88.73340512550368,24.82306363223826,0 88.73343388722157,24.82315256462519,0 88.73347238922561,24.82325683201379,0 88.73348087418151,24.82339020539402,0 88.73349957342498,24.82349429791304,0 88.73350820213341,24.82361411677093,0 88.73353665274432,24.8237324164822,0 88.73355519547073,24.82385119403025,0 88.73358395150774,24.82394068981854,0 88.73358269232448,24.82405929160698,0 88.73358095822111,24.8242225101671,0 88.73357985470048,24.82432642782088,0 88.73357859553342,24.82444502960389,0 88.7335872314122,24.82456428316316,0 88.73360577436232,24.82468306068296,0 88.73361409203008,24.82483224686305,0 88.73365259381711,24.82493651506056,0 88.73368135621645,24.82502544644268,0 88.73368984164,24.82515881976221,0 88.7337083738315,24.8252787268564,0 88.73370710785602,24.82539789298892,0 88.73360731967048,24.82546987250602,0 88.73349809222422,24.82549827740255,0 88.73334957160927,24.82549696333826,0 88.73325798909775,24.82549558753821,0 88.73311196097839,24.82549260112982,0 88.73298419081921,24.82540222806488,0 88.73295605965112,24.82525399562048,0 88.73291834991923,24.82507517783017,0 88.73291777703352,24.82489612453604,0 88.73289133497568,24.82482189806836,0 88.73286288465339,24.82470359823083,0 88.73273606996891,24.82452342698476,0 88.73265749571755,24.82446286009964,0 88.73247927820212,24.82446071740399,0 88.73227168019454,24.82442781409314,0 88.73209346270593,24.8244256709342,0 88.73195390129462,24.8245131121483,0 88.73185457525511,24.82454160334976,0 88.73164933835736,24.82428674482655,0 88.7315911983071,24.82416705149276,0 88.73151403686133,24.82397376318956,0 88.73139743867297,24.82376431080856,0 88.73129089778135,24.82354026174219,0 88.73119409728397,24.82333154864912,0 88.73110705312561,24.82313647850231,0 88.73102957424405,24.82297312251153,0 88.73096217144041,24.8227934759316,0 88.73090465774915,24.82261504743528,0 88.7308284543773,24.82233195973426,0 88.73080016871205,24.82219841082098,0 88.73078098597891,24.82214006424055,0 88.73073292273969,24.82200408083154,0 88.73069489344044,24.82185576009969,0 88.73064665640327,24.82173615477609,0 88.73059857647468,24.82160186526696,0 88.73057029826613,24.8214677519054,0 88.73052268664703,24.82128941080196,0 88.73046518639998,24.8211098515078,0 88.73043689548841,24.82097686772986,0 88.73039856082819,24.82085734991394,0 88.73036116958362,24.8206491636877,0 88.73028465581802,24.82039544473118,0 88.73021662342289,24.82027509862796,0 88.73018834000706,24.82014154949128,0 88.73011103252767,24.81996237992037,0 88.73006326617842,24.81979872272708,0 88.7298990588848,24.81941149258617,0 88.72980211922778,24.81921633363434,0 88.72974508455867,24.81899328667424,0 88.72973322502682,24.81894460699136,0 88.72969747528248,24.81881494513589,0 88.72962927624934,24.81871041334848,0 88.72959189916921,24.81850109714735,0 88.72954382084453,24.81836680712515,0 88.72951696426907,24.81809940809605,0 88.72946967509687,24.81789113372924,0 88.72944123601091,24.81777226851383,0 88.72944234330038,24.81766835152173,0 88.72941375411912,24.8175636051972,0 88.72938641051846,24.81734195258147,0 88.72938752988708,24.81723690596113,0 88.72936004224805,24.81702880696807,0 88.72934165514263,24.81689591052073,0 88.72931369908174,24.81673186400405,0 88.72929563653035,24.81656847048743,0 88.72926736120661,24.81643435665478,0 88.72923939238137,24.81627143973589,0 88.72924051191086,24.81616639219338,0 88.72921317508742,24.81594417421118,0 88.72919480040206,24.81581014899194,0 88.72916652442213,24.81567603512342,0 88.7291098174254,24.81542249151291,0 88.72908137939619,24.81530362614228,0 88.72901397823109,24.81512454429412,0 88.72893682624478,24.8149312548293,0 88.7288984942633,24.81481173727119,0 88.7288502681013,24.81469156665893,0 88.72880170444141,24.81460302272339,0 88.72874342193127,24.81449744845719,0 88.72869487046378,24.81440777575786,0 88.72859697319279,24.814302979003,0 88.72854841589495,24.81421387060339,0 88.72849987168215,24.81412363255033,0 88.72844142033446,24.81403387194371,0 88.72837306885441,24.81394402259454,0 88.72831446034635,24.81386894521332,0 88.72826591044235,24.81377927232595,0 88.72818797777947,24.81365940233708,0 88.72813958342871,24.81355504522892,0 88.72811084014354,24.81346498357181,0 88.72819145872958,24.8133329668887,0 88.72827110797328,24.81329187705332,0 88.72836071144586,24.81324579305066,0 88.72849051266995,24.81314414890413,0 88.72855149271324,24.81299670699712,0 88.72855259997418,24.81289278992171,0 88.72860304745792,24.81280456037535,0 88.72864471399706,24.8126111972217,0 88.72864573199671,24.81251575094166,0 88.72867663063006,24.8124036264417,0 88.728777518003,24.8122277325448,0 88.72885782857378,24.81212451865729,0 88.72893813802514,24.81202130474394,0 88.72901828604991,24.81193333931891,0 88.72908852091719,24.81184641571597,0 88.7291587797253,24.81175723284134,0 88.72921895712733,24.81168490470171,0 88.72931938651551,24.81155193430723,0 88.72937950364519,24.81148525421888,0 88.72947984255772,24.8113607536353,0 88.72954993160741,24.81128738441014,0 88.72961012157901,24.81121392740324,0 88.72971022477168,24.81111145295948,0 88.72983044109733,24.81097978645478,0 88.72989062977024,24.81090632936057,0 88.72999072648962,24.81080442001295,0 88.730100422701,24.81073083704412,0 88.7302696645112,24.81064422563975,0 88.73039916027196,24.81057081786681,0 88.73050836871288,24.81054298112858,0 88.73061773918644,24.81049989487965,0 88.73076702339908,24.81042779177066,0 88.73088629358692,24.81038479300313,0 88.73105537829863,24.81031286493008,0 88.73115484845542,24.81026969065801,0 88.73128433727553,24.81019684742608,0 88.73138396325446,24.81013898884227,0 88.73145484442983,24.80999106832788,0 88.73145609940528,24.80987303241792,0 88.73145768035327,24.80972449852565,0 88.73145878532426,24.80962058061611,0 88.73145989031163,24.809516663608,0 88.73133371857372,24.80927775589875,0 88.73128580465645,24.80912821856044,0 88.73125705435938,24.80903872188479,0 88.7311993538798,24.80887836592384,0 88.73115131427915,24.80874068908815,0 88.73110339481832,24.80859171601719,0 88.73107543106333,24.80842823496595,0 88.73105658686835,24.80833826152406,0 88.73104778049131,24.80823538554393,0 88.73098022901301,24.80807042420438,0 88.73097159180195,24.80795173530746,0 88.73092335978677,24.8078321304967,0 88.73089492226785,24.80771326625862,0 88.73086632772971,24.80760908529458,0 88.7308380524089,24.80747497159862,0 88.73083915900138,24.80737105452807,0 88.73084057678983,24.8072377700179,0 88.73082203916422,24.80711899251998,0 88.7308231577921,24.80701394582278,0 88.73089355088322,24.80691177300077,0 88.73100339230999,24.80682406974316,0 88.73112281607715,24.80676638677249,0 88.73118300207989,24.80669292927071,0 88.73121380725497,24.80658927517227,0 88.73121506863029,24.8064706739405,0 88.73118695533387,24.80632131176198,0 88.73114846237006,24.80621704406151,0 88.73110021896559,24.80609856887557,0 88.73105198766348,24.80597896404571,0 88.73100376246913,24.80585879483398,0 88.73100501906293,24.80574075793045,0 88.73104634903801,24.80557845661333,0 88.73104754459433,24.80546606782713,0 88.73104934743202,24.80529663719737,0 88.73105187763325,24.80505887030931,0 88.7310312253489,24.80490618584191,0 88.7310253447819,24.8047609749645,0 88.73094820223194,24.80456712175483,0 88.73088064818127,24.80440272542852,0 88.73084230527098,24.80428433776689,0 88.73076469500297,24.80413453696641,0 88.73067734164901,24.80396996422769,0 88.73063868682877,24.80388094485652,0 88.73054127731933,24.80373096850377,0 88.73041480156095,24.8035214277988,0 88.73033702917043,24.8033868761678,0 88.73027873826548,24.80328243176821,0 88.73015241964387,24.80305820749557,0 88.73007449163467,24.80293833897444,0 88.72997660291917,24.80283354344544,0 88.72991848084737,24.80271328595832,0 88.72987008993471,24.8026089291123,0 88.72982216783842,24.80246052147928,0 88.72981369471647,24.80232658379881,0 88.72981511990024,24.80219273389341,0 88.72976657305847,24.8021030611826,0 88.72973828853938,24.80197007757745,0 88.72969022865955,24.80183465917501,0 88.72964246939664,24.80167100198637,0 88.7296138786088,24.80156682146137,0 88.72956611356652,24.80140372949448,0 88.72953737264505,24.80131366787572,0 88.72950862477607,24.80122417152235,0 88.72946102331022,24.80104583003099,0 88.72920381309461,24.80102716721012,0 88.72907513383058,24.80102489508779,0 88.72894644154927,24.80102375248901,0 88.72881775527031,24.80102204451638,0 88.72870854355287,24.80105101013456,0 88.72858976342596,24.80104882544039,0 88.72848040023899,24.80109190984457,0 88.72833159663884,24.8011199584974,0 88.72822255218918,24.80113311086037,0 88.72810360347486,24.80114673870664,0 88.72801420186963,24.8011747499771,0 88.72788552141894,24.80117247684957,0 88.72776672911144,24.80117142113071,0 88.7276674212028,24.80119990956603,0 88.72753857916372,24.80121288469505,0 88.72737988097228,24.80124027924553,0 88.72728056786687,24.80126933178056,0 88.72712218365383,24.80126735854136,0 88.72698359182661,24.80126612631605,0 88.72688491700603,24.80123531303964,0 88.72676628722785,24.80121900795902,0 88.72667767532103,24.80117303393208,0 88.72655953358236,24.80111098206672,0 88.72634238100346,24.80104974410956,0 88.72621368855567,24.80104859825608,0 88.72588702741494,24.80104399692426,0 88.72567868228374,24.80108506846052,0 88.72552956337753,24.80114248189917,0 88.72536047708984,24.80121553290562,0 88.72523132613038,24.80125730924273,0 88.72513201844153,24.80128579511488,0 88.72498321364168,24.80131384048822,0 88.72475410206647,24.80144509647459,0 88.72448525329176,24.8015889898939,0 88.72438546845575,24.80166209231689,0 88.72425614768432,24.80171968079601,0 88.72410655653636,24.80182114465184,0 88.72394736767886,24.8018942822954,0 88.72378851667084,24.80193579208155,0 88.72360969795754,24.80199293919727,0 88.72348052740509,24.80203640807999,0 88.72335152682213,24.8020640629934,0 88.72322251312139,24.80209284833794,0 88.72304322175992,24.80219404568935,0 88.72287335218532,24.80233994811179,0 88.72277340869383,24.80242773376406,0 88.7226332364524,24.80257390063653,0 88.72246240413723,24.80280960111093,0 88.72240189422675,24.80291298813571,0 88.72233179810183,24.80298691843359,0 88.72223154449799,24.8031035060696,0 88.72210127729647,24.80324919639811,0 88.72202111823549,24.80333828778832,0 88.72196094016965,24.8034106122128,0 88.7218408619166,24.80352928231603,0 88.72173102238088,24.8036164129042,0 88.72161144048169,24.80368877178602,0 88.72153128683053,24.80377729767866,0 88.72147109012741,24.80385131591616,0 88.72140099997156,24.80392468145437,0 88.72132102139715,24.80399682902741,0 88.72124086228112,24.80408591913296,0 88.72116088956463,24.80415750226791,0 88.72104049530296,24.80430553936281,0 88.72096019567387,24.80440761869144,0 88.72083007688872,24.80453918907198,0 88.72069995078574,24.80467132372495,0 88.72061979685721,24.80475984917572,0 88.72048982862587,24.80487730032196,0 88.72034007220189,24.80499344408524,0 88.72016045347902,24.80512457113157,0 88.72000079085323,24.80524119145466,0 88.71991090600251,24.80531381429713,0 88.7197713578088,24.80540124272608,0 88.71964170899298,24.80548876036426,0 88.71949209733819,24.80559134872654,0 88.71939279075993,24.80561926666722,0 88.71926314142739,24.80570678309859,0 88.71915409258312,24.80571992819532,0 88.71905446378138,24.80577777787504,0 88.71895515694024,24.80580569553769,0 88.71877648163409,24.80584871648099,0 88.71860771792286,24.80589069698716,0 88.71845890579895,24.80591873622786,0 88.71831041578324,24.80591684155669,0 88.71820151812798,24.80591586608938,0 88.71807267479291,24.80592826811746,0 88.71791381128618,24.80597033637553,0 88.71778479809332,24.80599855203545,0 88.71765578482277,24.80602676668436,0 88.71745778949897,24.80602499275759,0 88.71732863055195,24.80606676175308,0 88.71716991821452,24.80609471025654,0 88.71707044683424,24.80613787531682,0 88.71696139021921,24.80615158321998,0 88.71683110145406,24.80629839813003,0 88.71676069669859,24.80640056404176,0 88.71673003101905,24.80649009592275,0 88.71668931295017,24.80659365818075,0 88.71668788504408,24.80672637813355,0 88.71667702468353,24.8068155228771,0 88.71667558464291,24.80694937245421,0 88.71667415674267,24.80708209240189,0 88.7166629686968,24.80720173437129,0 88.71665195054115,24.80730556336275,0 88.71664971365411,24.80751339767333,0 88.71664828575875,24.80764611761304,0 88.71663694498767,24.80777987857349,0 88.71662592677788,24.80788370665659,0 88.7166244928176,24.80801699185634,0 88.71663311640636,24.80813568141851,0 88.71666105323781,24.80829973059238,0 88.71665993483859,24.8084036472839,0 88.71657993950048,24.80847692219898,0 88.71644070699055,24.80853441493726,0 88.7163011526892,24.80862184041748,0 88.71626060460748,24.80870958960004,0 88.7162200382471,24.80879903186048,0 88.71615953155316,24.80890128710103,0 88.71608799392222,24.80910850000565,0 88.71605701663978,24.80922683412669,0 88.71600639736775,24.80933030759285,0 88.71593565549595,24.8094635357102,0 88.71590501288068,24.80955080820511,0 88.71577248038898,24.80990545671651,0 88.71569136346932,24.81008264794064,0 88.71561998843138,24.81027461205429,0 88.71556888774099,24.8104227016283,0 88.71549783516211,24.81058473281803,0 88.71546685096914,24.81070363210951,0 88.71541608492316,24.81082065913726,0 88.71536497773789,24.81096931392143,0 88.71534390551517,24.81108717225208,0 88.71531308603758,24.81119082289309,0 88.71526086525201,24.81144282999273,0 88.71515995774438,24.81161871398827,0 88.71510933685131,24.81172218630898,0 88.71507819415503,24.81185576978999,0 88.71504706354732,24.81198822363855,0 88.71502614276268,24.81209196294769,0 88.71497440196995,24.81229935284091,0 88.71487235649927,24.81258084826922,0 88.71485143549991,24.81268458755925,0 88.71477080266637,24.81281659689735,0 88.7147497296764,24.81293445516361,0 88.71466892549343,24.81308227834781,0 88.71461781663373,24.81323093202898,0 88.71455745856188,24.81331906776305,0 88.71447682503909,24.81345107697081,0 88.71435643144783,24.81359741453985,0 88.71432576765146,24.81368638078044,0 88.71422532001237,24.81381934112058,0 88.71404504815362,24.81400919693825,0 88.71394493527276,24.81411109550814,0 88.71384512616278,24.81418475513724,0 88.71377277546613,24.81423719861341,0 88.71370541181848,24.81428629756052,0 88.71353631152863,24.81435820498772,0 88.71340696524175,24.81441634844233,0 88.7132674144641,24.81450264186697,0 88.71311793784852,24.81459110471514,0 88.71300872120383,24.81461892913518,0 88.71290908241799,24.81467677428855,0 88.71278995315389,24.81470563934916,0 88.71263107648154,24.81474770174296,0 88.71252218304441,24.81474559292534,0 88.71236377478324,24.81474416752379,0 88.71206677109406,24.81474036617305,0 88.7119083699081,24.81473837681687,0 88.71173017313714,24.81473564331433,0 88.71157177093808,24.81473365270942,0 88.71144338738841,24.81470256199231,0 88.71134471804186,24.81467060833599,0 88.71121601178906,24.81466944941206,0 88.71108779382922,24.81462310973842,0 88.71091039112572,24.81454695568466,0 88.71077227207607,24.81450052586831,0 88.71054569722851,24.81439342829978,0 88.71043726817891,24.81434839474556,0 88.71030922145417,24.81428624046687,0 88.71018115656157,24.81422578006319,0 88.71012935652993,24.81420893355329,0 88.71008248887235,24.81419382642537,0 88.70998412505149,24.81413363381023,0 88.70987586811903,24.81407278681084,0 88.70969847296061,24.81399606596535,0 88.70957025619116,24.81394972491831,0 88.70943245027053,24.81387449049586,0 88.70928427359445,24.81384265444224,0 88.70914615684148,24.8137962230332,0 88.70904763613508,24.81375071402685,0 88.70893889598329,24.81373448263046,0 88.7088108332542,24.81367402097087,0 88.70869236479652,24.81364188725907,0 88.70856398294958,24.81361079396529,0 88.70846530899367,24.81357940268105,0 88.70835672873967,24.81354848745547,0 88.70821860041529,24.8135031856841,0 88.70809007326265,24.81348564571093,0 88.70789303210567,24.81339462527406,0 88.70778445213104,24.81336370961577,0 88.70766565951307,24.81336150710841,0 88.70753696055742,24.81335978057805,0 88.70737824225161,24.81338715310858,0 88.70727876039378,24.81343031121756,0 88.70718934464784,24.81345830981591,0 88.70707053970138,24.81345723647023,0 88.70694184161098,24.81345550942105,0 88.7068329369141,24.8134545260228,0 88.70670423171062,24.81345336314389,0 88.70658543897083,24.81345115978162,0 88.70647685920949,24.8134202431589,0 88.7061592627977,24.81348967013275,0 88.70602974843926,24.8135630560072,0 88.70592994183399,24.81363614620865,0 88.70578048598153,24.81372234267992,0 88.70563444199395,24.81372215133732,0 88.7055229148875,24.81373469843503,0 88.70539406252207,24.8137470891118,0 88.70521294488027,24.81378555379771,0 88.7051558146276,24.81380367581227,0 88.70503605274222,24.81389070489279,0 88.70498542241363,24.81399417425638,0 88.70492505692548,24.81408230557545,0 88.70487457942551,24.81417165587326,0 88.70480417268942,24.81427268628344,0 88.70477334170293,24.81437633524527,0 88.70474266564017,24.8144658642419,0 88.70470210044697,24.81455417423618,0 88.70467142943326,24.81464313886832,0 88.70466259376741,24.8147729686107,0 88.70463947011582,24.81485070486684,0 88.70458836682523,24.81499766086887,0 88.70458723765694,24.815101577937,0 88.70456630770759,24.81520531623695,0 88.70482257461796,24.81531325732773,0 88.70482096834093,24.8154612263795,0 88.70484841272435,24.81566932947005,0 88.70484711146769,24.81578905955833,0 88.70487537182835,24.81592204892476,0 88.70490379233567,24.81604035397091,0 88.70490232595144,24.81617533361607,0 88.70495070048219,24.81627969832737,0 88.70499811253518,24.81647273228298,0 88.70502587668601,24.81665146758496,0 88.70508317632999,24.81684572047883,0 88.70511095906475,24.81702276084819,0 88.70514958653972,24.81711291708846,0 88.70517734499749,24.81729221759501,0 88.70518563884706,24.81744027593709,0 88.70521325063837,24.81763313018322,0 88.70525043084949,24.81785657198201,0 88.70525824065273,24.81804924755598,0 88.70525662184619,24.81819834617653,0 88.70528504238079,24.81831665107982,0 88.70530274073307,24.81851054558809,0 88.70533099014816,24.81864466439326,0 88.70535924574246,24.81877821792103,0 88.70538749529703,24.81891233670442,0 88.70543554631142,24.8190466340984,0 88.70548183122737,24.81934358562988,0 88.70551056517606,24.81943308712504,0 88.70553833711085,24.81961125782574,0 88.70559451209016,24.81990942819452,0 88.7056224422833,24.82007291458083,0 88.70562132131444,24.82017626717073,0 88.70562002715344,24.82029543279588,0 88.70566711099117,24.82051896361325,0 88.70571387511848,24.82077186299368,0 88.70571211029701,24.82093451619524,0 88.70571081627418,24.82105368270814,0 88.70570968831358,24.82115759965711,0 88.70573793894634,24.82129171828432,0 88.70575675440296,24.8213828252915,0 88.70577545884277,24.82148409716716,0 88.7057936426876,24.82163337515174,0 88.70581102986003,24.82185607276085,0 88.70581963789496,24.82197532851717,0 88.70586736579352,24.82213955947298,0 88.70586544745005,24.82231633166516,0 88.70586414752626,24.82243606251466,0 88.70582341585698,24.82253962146498,0 88.70579275530761,24.82262745758343,0 88.70572231956245,24.82273074780381,0 88.70564213555953,24.82281982970012,0 88.70555223387707,24.82289187963414,0 88.7055113540838,24.82300899317935,0 88.7054310168825,24.82311219399345,0 88.7053300673121,24.82328976544556,0 88.70523624236142,24.82349507840629,0 88.70514799394068,24.82364282844309,0 88.70503584797444,24.82393947692023,0 88.70498442208471,24.82411580165089,0 88.70496300011304,24.82426472064635,0 88.70496123357697,24.82442737473569,0 88.7049592947762,24.82460584093974,0 88.70495719697172,24.8247989923248,0 88.70496468228808,24.82502160068219,0 88.70496311152588,24.82516618158629,0 88.70496112998005,24.82534860192868,0 88.704909065427,24.82558366288238,0 88.70490744569514,24.82573276139459,0 88.70490501661853,24.82595641005499,0 88.70489595897712,24.82610657120059,0 88.70486190810895,24.82627853458679,0 88.70476117662949,24.82643577422768,0 88.70474024453895,24.82653951250735,0 88.70471944187474,24.82663139101829,0 88.70471832457875,24.8267341783146,0 88.70467746131277,24.82684959769102,0 88.70465552899678,24.82704539311894,0 88.70461378782049,24.82724157515067,0 88.70458270943682,24.82736781396173,0 88.7045704326253,24.82758629040297,0 88.70452969745755,24.82768984909167,0 88.70450889449829,24.82778172757839,0 88.70446815922472,24.8278852862539,0 88.70443719584733,24.82800079582994,0 88.70444610927238,24.8280918126913,0 88.70444510294287,24.82818443510936,0 88.70444397425534,24.82828835291687,0 88.70444159964089,24.82850691776081,0 88.70444035373949,24.82862156660239,0 88.70444850664333,24.82878261507389,0 88.70448599600188,24.82897781861785,0 88.70448398958649,24.82916249816414,0 88.70451221584072,24.82929887703167,0 88.70456022686015,24.82943712852928,0 88.70461839230987,24.8295523141612,0 88.70473597938692,24.82966690781788,0 88.70482423608283,24.82974678201949,0 88.70505063360116,24.82987252614572,0 88.70518927065599,24.82987265008062,0 88.70531826903894,24.82984839985423,0 88.70542719427888,24.82984882012595,0 88.70553612562038,24.82984867505251,0 88.70568454194584,24.82986018407203,0 88.70579347940203,24.82985947444752,0 88.70590242394528,24.82985819946675,0 88.70601097544281,24.82989307073473,0 88.70612943465864,24.82992746587276,0 88.70626746491197,24.82998350136697,0 88.70644496717507,24.83005231942749,0 88.70670132898768,24.83015460901983,0 88.70686904713658,24.83021260634385,0 88.70705632950339,24.83029280908706,0 88.70728298747179,24.83039482925665,0 88.70753908717512,24.83052140298581,0 88.70767699049111,24.83058929684075,0 88.70785425634018,24.83068013951748,0 88.70802160761704,24.83077202161686,0 88.70815937724335,24.83085233999458,0 88.70833626363513,24.83097819781996,0 88.70846388708861,24.83108101757668,0 88.70872877210329,24.83131103141741,0 88.7088760593267,24.83142701911839,0 88.70903391399884,24.83148153595745,0 88.70923072939546,24.83159627526345,0 88.7093486963154,24.83167641444623,0 88.70942705561306,24.83175619667643,0 88.70954470492482,24.83186570328656,0 88.70964156090709,24.83206652441571,0 88.70968005682154,24.83216966914023,0 88.70972807480196,24.83230791946183,0 88.7097758552713,24.83246819522138,0 88.70981409457531,24.83259506115951,0 88.70983278628795,24.83269802700581,0 88.70987052418978,24.83287120401656,0 88.70988420979833,24.83297920914586,0 88.70989737661534,24.83313521934402,0 88.70989600704404,24.83326172763092,0 88.7098945105412,24.83340009653047,0 88.70989302522615,24.83353733490996,0 88.70988187057436,24.8336530241306,0 88.70988001266502,24.83382471386471,0 88.70987875985746,24.83394049203425,0 88.70988755002396,24.83404336889062,0 88.70988555814345,24.83422748450537,0 88.7098643848116,24.83435381397249,0 88.7095236522814,24.83747083861755,0 88.70954208788264,24.83759752566348,0 88.70954109083689,24.83768958345379,0 88.70956981448464,24.83778077936763,0 88.70962723046526,24.83796599479344,0 88.70968566694249,24.83805689406561,0 88.70974421314514,24.83813762667704,0 88.7098321005865,24.83825251304033,0 88.70995936055147,24.83838978319741,0 88.7100965281234,24.83852657689374,0 88.71017487420089,24.8386080523915,0 88.71026326367864,24.83867662830006,0 88.71035152439607,24.8387570638752,0 88.71059701091266,24.83895131525338,0 88.71074432654062,24.83906560644479,0 88.71083283837989,24.83912288662849,0 88.71108835133796,24.83930593061663,0 88.71115693013932,24.83937489261125,0 88.71123541739328,24.83944337814434,0 88.71135351593844,24.83951221983651,0 88.71145218107858,24.83954643247943,0 88.71162932877752,24.83964969561218,0 88.71176723237328,24.83971871547636,0 88.71186578222093,24.83976365791087,0 88.71204318084438,24.83984376455291,0 88.71216153047159,24.83988945050001,0 88.71226006843844,24.83993552318573,0 88.71238819798937,24.83999259306456,0 88.71247684591708,24.84003744631112,0 88.71262453725868,24.84011728596725,0 88.71289056680904,24.84024393862002,0 88.71307762506842,24.8403467242717,0 88.71322531712504,24.8404265623874,0 88.71347143281901,24.84056320225194,0 88.71367829170605,24.84066672971533,0 88.71381619748101,24.8407357475569,0 88.71408213234227,24.84087143492996,0 88.71422969815065,24.84096313257513,0 88.71441699622811,24.84104389010693,0 88.71457459332555,24.8411238153987,0 88.7146730168071,24.84118061736652,0 88.71479111879145,24.84124945613421,0 88.71829010318086,24.84281375748766,0 88.71842801468729,24.84288277077434,0 88.71855590784878,24.84296242655236,0 88.71865420842455,24.84303108536695,0 88.71874284851096,24.8430770642599,0 88.71890998338107,24.8431915251,0 88.71900841134503,24.84324832398939,0 88.71910682728962,24.84330625152721,0 88.7192645630884,24.84337374750226,0 88.71941213646505,24.84346543962014,0 88.71955983601683,24.84354527102106,0 88.71983960760851,24.84377709220931,0 88.71989275094674,24.84390069906121,0 88.7199510647753,24.84400401862019,0 88.72001953110829,24.84408427139336,0 88.72010767493114,24.84417656116723,0 88.72019620153945,24.84423327006301,0 88.7203337460741,24.84433673261875,0 88.72052081724739,24.84443950821922,0 88.72064858645632,24.84453102259402,0 88.72387534700769,24.84563580968219,0 88.72401203150793,24.84582003140347,0 88.72410007201614,24.84592248513204,0 88.7241978819328,24.84603745166531,0 88.72430523341291,24.84618639191974,0 88.72441245068791,24.84634775790854,0 88.72449034721312,24.84647271400637,0 88.72451906503541,24.84656560113284,0 88.72455757833188,24.84666874272969,0 88.72458569308043,24.84681810716348,0 88.72458470754589,24.84691016434929,0 88.72458335469379,24.84703667354464,0 88.72457209799224,24.84716309482973,0 88.72455153653141,24.84723351431111,0 88.72451034031126,24.84738113189232,0 88.7244398939947,24.84748556197646,0 88.72427957465152,24.84765866545947,0 88.72410043988471,24.84773896864851,0 88.72398097240141,24.84779664623093,0 88.72381209060684,24.84784428080337,0 88.72363381391082,24.84784438681166,0 88.72347533099648,24.84784579820719,0 88.72332701817751,24.84782244760131,0 88.72315863836435,24.8478232053983,0 88.72299063431301,24.84778894750009,0 88.72285233910013,24.84775495350569,0 88.72271416556281,24.84770966498116,0 88.72258589602113,24.84766446436175,0 88.72243795243864,24.84760666170761,0 88.72224047436903,24.84755011163922,0 88.72206280929439,24.84749317310146,0 88.72189492658602,24.84744761773289,0 88.72174672910927,24.84741353548204,0 88.72161846017794,24.84736833399437,0 88.72150010530466,24.84732209090649,0 88.72135203581342,24.84727614768136,0 88.72113450437807,24.8472425747873,0 88.72102530296698,24.84726645138876,0 88.72093567081532,24.84731253138501,0 88.72081557206461,24.84742894224516,0 88.72073523068596,24.84753215297322,0 88.72069450283752,24.84763571725061,0 88.72065328374298,24.84778502799334,0 88.72061267653919,24.84787729605299,0 88.72056204554671,24.84798077212164,0 88.72052143823156,24.84807304106399,0 88.72046003639011,24.84825719002713,0 88.72038799149591,24.84851015402379,0 88.72033735908606,24.84861362914058,0 88.72022692497609,24.84875215404866,0 88.72014682595028,24.84883277389613,0 88.72001707577972,24.84892537488412,0 88.71991741114081,24.84898322579815,0 88.71981787430731,24.84902921698097,0 88.71967871215371,24.8490759829862,0 88.71937080332749,24.84915738841446,0 88.71920225211332,24.84917395563202,0 88.71900396046128,24.84919308053058,0 88.71892397422248,24.84926296794062,0 88.71872428034814,24.84941255513856,0 88.71864405792898,24.84950446866057,0 88.71858325952471,24.8496321404667,0 88.71852235113271,24.84976997794691,0 88.71848943092535,24.84983802715179,0 88.71835026524549,24.85011524054502,0 88.71827993920496,24.85020780748374,0 88.71819959497559,24.85031101700975,0 88.71812902570882,24.85042617450682,0 88.71807851170536,24.85051835367149,0 88.71804756294105,24.85063330190215,0 88.71798639233428,24.85079542380408,0 88.71795507838439,24.85094425795503,0 88.71785408190843,24.85112579255374,0 88.71788203678567,24.8512892783746,0 88.71782499184035,24.85152825411856,0 88.71779845925592,24.85169294620921,0 88.71776727200209,24.85182991976266,0 88.71777544462599,24.8519909687394,0 88.71779413375323,24.85209506425998,0 88.71783251551891,24.85221006740037,0 88.71790062038073,24.85232420772369,0 88.7179590580236,24.85241623252373,0 88.71807544155445,24.85264602943009,0 88.71812298608286,24.8528300240561,0 88.71833992002063,24.85292007915771,0 88.71842856730322,24.85296605870812,0 88.71854692571205,24.85301230398067,0 88.71874416235869,24.85309201528869,0 88.7188525017492,24.8531489020713,0 88.71902968219254,24.85325159140419,0 88.71913751307562,24.85335591930155,0 88.71926492024279,24.85348188548627,0 88.71938218757211,24.85362978955192,0 88.71946996854659,24.85375653130738,0 88.71954785132006,24.85388261862279,0 88.71960604320955,24.85399779940465,0 88.71964443238205,24.85411223758222,0 88.71966331783737,24.85419825971794,0 88.71967168157164,24.85434180064167,0 88.71967068667431,24.85443442407007,0 88.71966969780304,24.85452648133363,0 88.71964816184972,24.85468726537933,0 88.71964643888181,24.85484766058959,0 88.71961498627469,24.85500948514312,0 88.71961399738515,24.85510154240202,0 88.71959171510548,24.85533179309991,0 88.71959011296126,24.85548089300962,0 88.71958838492741,24.85564185345723,0 88.7195964386361,24.85581419741719,0 88.71960534732258,24.85590690904368,0 88.71964324680954,24.8560670944973,0 88.71964163872704,24.856216758749,0 88.71966036146955,24.85631803025316,0 88.7196696216905,24.85637798560465,0 88.71966851206902,24.85648133903834,0 88.71969662299699,24.85663070441428,0 88.71971507202197,24.85675739100013,0 88.71971396849018,24.85686017916636,0 88.71974219438313,24.8569988144915,0 88.71977996660591,24.85717085951812,0 88.71979854268918,24.85728568552742,0 88.71984646243416,24.85743522901954,0 88.71987482757521,24.85756087412756,0 88.71991333407109,24.85766458207392,0 88.71993154191858,24.85781385916903,0 88.71996002300531,24.85792877330602,0 88.71999853575048,24.85803191685748,0 88.72011637220101,24.85812729584503,0 88.72014372530539,24.85834725821214,0 88.72019181504076,24.85848098776937,0 88.72023973579248,24.85863053015934,0 88.72026833213864,24.85873471417695,0 88.72027712090156,24.85883872097407,0 88.72032567791997,24.85892896237986,0 88.72035395340812,24.85906307901626,0 88.7203815930128,24.85925649747825,0 88.72042967737104,24.85939079126842,0 88.72045843808574,24.85947972581211,0 88.72049677572429,24.85959924729102,0 88.72052537255834,24.85970343122285,0 88.72058273135301,24.85989654963883,0 88.72061132330208,24.86000129879178,0 88.72063976240599,24.86012016683286,0 88.72069794550198,24.86023647561214,0 88.72075606232869,24.86035899771276,0 88.72081436737467,24.86046401204343,0 88.72089232251291,24.86058388670342,0 88.72092092094324,24.86068807050485,0 88.72099904026804,24.86079269659144,0 88.72099744719733,24.86094123195588,0 88.7209961800181,24.86105927033905,0 88.72089553692713,24.86120748548853,0 88.72083515941574,24.86129562426923,0 88.72075512972073,24.86136890178247,0 88.72068499890973,24.86144283262308,0 88.72055450827651,24.8616032081412,0 88.72049396635128,24.86170659530524,0 88.7203933342509,24.86185368144894,0 88.72029254393851,24.86201545077729,0 88.72026171484548,24.86211910407431,0 88.72019112245958,24.86223595752088,0 88.72012099083979,24.86230988813277,0 88.72004080911013,24.86239728418539,0 88.7199530837094,24.86249534501045,0 88.71985118694303,24.86252945414074,0 88.71972291370224,24.86248312050358,0 88.71957530550982,24.86239255794698,0 88.71944654722381,24.86239140701543,0 88.71930790295262,24.86238847288999,0 88.71922145684005,24.86236736526974,0 88.7190011982055,24.86235466347309,0 88.71883282857776,24.86235259295481,0 88.71866493747848,24.86230590454876,0 88.71853618022938,24.86230475281517,0 88.71847129126253,24.86235161686619,0 88.71831654487437,24.86246432776945,0 88.71820632084535,24.86258195512542,0 88.71812645298996,24.86263998192893,0 88.71802597454065,24.86277238250616,0 88.71792565411182,24.86289009796625,0 88.71784562262302,24.86296337404088,0 88.71776574226864,24.86302253119258,0 88.71768587392228,24.86308055778337,0 88.7175060070299,24.86322636777379,0 88.71742597407329,24.86329964275388,0 88.71730633638614,24.86337143475135,0 88.71722646759554,24.86342946111733,0 88.71709675402626,24.86351697750835,0 88.71696704025844,24.8636044928928,0 88.71684723153039,24.86369209832939,0 88.71673668825932,24.86383909213394,0 88.71665649607743,24.86392705180506,0 88.71655633183927,24.86403008318871,0 88.71645649535917,24.86410261567857,0 88.71637662569421,24.86416064163097,0 88.71629674990507,24.86421923280533,0 88.71613684669184,24.86435053392705,0 88.71603684519755,24.86443831558483,0 88.71596671587078,24.86451167916261,0 88.71583700026254,24.86459919455516,0 88.71575680794597,24.86468715378358,0 88.71568667831431,24.86476051724389,0 88.71562629441796,24.86484865418057,0 88.71552660312466,24.86490763155988,0 88.71545921108152,24.8649567315513,0 88.71533651467881,24.86508215291583,0 88.71523651907141,24.86516936881856,0 88.71518587539092,24.86527284347812,0 88.71511573903035,24.86534677105909,0 88.71506526487904,24.8654344319095,0 88.7149555099041,24.86550800463711,0 88.71482643801995,24.86553565205188,0 88.71468745465813,24.86556377613405,0 88.71449928280811,24.86556039254832,0 88.71433090250942,24.86555888154045,0 88.71397450295542,24.86553986628009,0 88.71385596997749,24.86550886562378,0 88.71372737297625,24.8654924604942,0 88.71351970894146,24.86545952930142,0 88.71343089530455,24.86542823056325,0 88.71331203893688,24.86542716307527,0 88.71320308692793,24.865426184089,0 88.7130545346626,24.86542315483048,0 88.71291555189443,24.86545127636365,0 88.71279606015227,24.86550894518034,0 88.71265707721533,24.86553706648077,0 88.71250787209908,24.86559446737341,0 88.71235898969285,24.86562193541499,0 88.71226952436358,24.86565106665889,0 88.71214012770044,24.86570864541533,0 88.71201121983111,24.86572104189792,0 88.71185717181167,24.86576823213655,0 88.7117329350681,24.86580665222372,0 88.71155450303115,24.86581860306775,0 88.71144555060984,24.86581762281612,0 88.71127716976493,24.86581610747692,0 88.71113850920142,24.86581429467735,0 88.71100974795233,24.86581313573996,0 88.71089042100769,24.86585555363283,0 88.71075176646846,24.86585317611657,0 88.7106324332985,24.86589615816917,0 88.71050367703859,24.86589443445133,0 88.71041421101044,24.86592356461585,0 88.71028498439796,24.86596532801036,0 88.71018496511259,24.86605423473953,0 88.71010509110575,24.86611225754564,0 88.70998544520347,24.86618404312972,0 88.70988574995835,24.86624301693206,0 88.7097766389039,24.86625671966321,0 88.70969676456814,24.86631474226647,0 88.7095478804943,24.866342206678,0 88.70941864193415,24.86638509896971,0 88.70931928197842,24.86641300915156,0 88.70919051903483,24.86641184868831,0 88.70905185870093,24.86641003397278,0 88.70890345121465,24.86639344607632,0 88.70877550305735,24.86631717028022,0 88.70871704748689,24.86622683510231,0 88.70869868162842,24.86609336994126,0 88.70870012566324,24.86596008345207,0 88.70870125107486,24.86585616535969,0 88.70870269512051,24.86572287886672,0 88.70867443107772,24.86558875953206,0 88.70864616710493,24.86545464018648,0 88.7086474518961,24.86533603698224,0 88.70864874280005,24.86521687031917,0 88.70868947452718,24.86511443832339,0 88.7087201617914,24.86502490763064,0 88.70867176450891,24.86492054234226,0 88.70859316922188,24.86486052639485,0 88.70846489809496,24.86481418389094,0 88.70830675977734,24.86478169164865,0 88.70815899184564,24.8647063660811,0 88.70804972854556,24.86473418643259,0 88.70794987400751,24.86480784314498,0 88.70780020216179,24.86490816239015,0 88.7077104111161,24.86496722370626,0 88.70759124312043,24.86499495477572,0 88.70748197842737,24.86502277474223,0 88.70736263864809,24.86506631946564,0 88.70722364854231,24.8650950001073,0 88.70725208258359,24.86521330688646,0 88.70725079033886,24.8653324736092,0 88.70729854968529,24.86549557532416,0 88.70732712509989,24.86560089185024,0 88.70732600972769,24.86570368038542,0 88.70732439352443,24.86585278076272,0 88.70733236280748,24.86603133853387,0 88.70733043279554,24.86620924296811,0 88.70732930625226,24.86631316110699,0 88.70726908718352,24.86638548027135,0 88.70712977150016,24.86644409456596,0 88.70694126765318,24.86647119863589,0 88.70681251163266,24.86646947175146,0 88.70661442739858,24.86646655272738,0 88.70650514997182,24.86649550256899,0 88.70635642436136,24.86650827963461,0 88.70622766826568,24.86650655134451,0 88.70605881438701,24.86654851752682,0 88.70590976425274,24.86659122783075,0 88.70575112783735,24.866604479587,0 88.70560256775673,24.86660200733739,0 88.70524536955875,24.86665639146837,0 88.70515604808715,24.86667196399151,0 88.70508657320744,24.86668432674344,0 88.70492763022007,24.86672581643586,0 88.70479869574316,24.86674046512679,0 88.70468722312221,24.8667434109296,0 88.70446179635147,24.8667498443457,0 88.70421171262784,24.86674645219416,0 88.70408542547564,24.86674530963623,0 88.703897240019,24.86674304147363,0 88.703739101087,24.86671054445547,0 88.70364037190546,24.86668028021662,0 88.70338335118271,24.86663163745422,0 88.70325491375445,24.86660053816172,0 88.70305714392828,24.86656881121926,0 88.70289883927821,24.86655156277892,0 88.7027628261295,24.86653395069673,0 88.70261177127688,24.86653314712958,0 88.70248301500033,24.86653141560735,0 88.7023245513514,24.86652884986879,0 88.70219579506744,24.86652711809831,0 88.70194818699161,24.8665237444654,0 88.70168076990871,24.86652019080632,0 88.7014529656629,24.86651756031496,0 88.70122500122213,24.86652961461551,0 88.70111605488098,24.86652806157656,0 88.70093778118191,24.86652531468279,0 88.70083841884831,24.86655321932545,0 88.70070965635874,24.86655205153716,0 88.70053088338972,24.86659505086917,0 88.70044126611127,24.8666377298201,0 88.70032225483035,24.86665077010676,0 88.70013374962564,24.86667786566203,0 88.70001440532862,24.86672140381974,0 88.69983596994474,24.86673333987913,0 88.6997070539625,24.86674629020479,0 88.69959745970054,24.86680403741033,0 88.69944872743598,24.86681737290212,0 88.69929026228887,24.86681480396913,0 88.6991611734222,24.86684356680179,0 88.69905206015875,24.86685726178217,0 88.69888369040216,24.86685460198694,0 88.69877473756794,24.86685361251696,0 88.69866562422276,24.86686730631476,0 88.69851706351685,24.86686482702111,0 88.6983681765943,24.86689228043322,0 88.69822918897883,24.86692038763526,0 88.69810011099629,24.86694802085611,0 88.69802022522801,24.86700660186999,0 88.69780168295685,24.86706279245316,0 88.6976131763669,24.86708988398301,0 88.69748408674968,24.86711864630257,0 88.69724557420083,24.86718934018208,0 88.69712639507411,24.86721762658495,0 88.69704651380633,24.86727564275841,0 88.69694714369528,24.86730410924811,0 88.69683770310667,24.86734773551195,0 88.69673801243179,24.86740557037522,0 88.69663832067209,24.86746340518766,0 88.69654838079335,24.86753544950685,0 88.69644884345172,24.86757916520636,0 88.69634898549738,24.86765224935339,0 88.6961997702869,24.86770963264664,0 88.69611987596146,24.86776877798745,0 88.69599064284742,24.86781052843887,0 88.69588168905005,24.86780953599748,0 88.69571250233074,24.86788142272296,0 88.69566184098814,24.86798489074519,0 88.69562109648652,24.86808731797597,0 88.69555094542096,24.86816123705279,0 88.69548015278613,24.86829389223205,0 88.69541990717357,24.86836790100492,0 88.69529034525002,24.86843958378476,0 88.69522820412027,24.86846048113593,0 88.69516109267181,24.86848302755593,0 88.69503168522668,24.86854059022068,0 88.69482272246195,24.86862623495782,0 88.69462365178019,24.86871309886063,0 88.69452379180491,24.86878618188118,0 88.69438415088227,24.86887358709271,0 88.69428445778104,24.86893142043136,0 88.69413507183036,24.8690040513295,0 88.69402531888713,24.86907591276095,0 88.69389573690862,24.86914928929861,0 88.69381585282444,24.86920730297175,0 88.69369602753976,24.86929432294532,0 88.69354616466967,24.86941044083257,0 88.69340603286059,24.86954246237686,0 88.69332598201771,24.86961572533763,0 88.69317643350861,24.86970303871418,0 88.69302671847596,24.86980560147944,0 88.69291679685065,24.86989271169998,0 88.69273753945362,24.86997918872357,0 88.69253862622814,24.87005136574579,0 88.69245858586918,24.87012349866391,0 88.69234898599501,24.87018123994446,0 88.69222930664391,24.87025470509845,0 88.69208949496345,24.87035735696053,0 88.69196950506816,24.8704590599477,0 88.69180989555906,24.87056040106738,0 88.69168016167629,24.87064732956713,0 88.69158029834848,24.87072040987137,0 88.69145006165527,24.87085308502014,0 88.69135004286207,24.87094028510229,0 88.69126998370221,24.87101411051927,0 88.69120958523999,24.87110167242218,0 88.69113927562073,24.87118970863068,0 88.69105904764585,24.87127878260328,0 88.69093874041376,24.87140928903174,0 88.69084893618741,24.87146833992676,0 88.69065003171353,24.87153938497335,0 88.69052869301456,24.87153827530992,0 88.69041231245907,24.87153664623215,0 88.69020431616669,24.871533614827,0 88.69008545912347,24.87153196297225,0 88.68997650282168,24.87153096637912,0 88.68985763959301,24.87152987870582,0 88.68958859105383,24.87167370845636,0 88.68948888716976,24.87173210317108,0 88.68940866999192,24.87182004760481,0 88.68932861525964,24.87189330769967,0 88.68919985287583,24.8718915650027,0 88.68902042819336,24.87199272121704,0 88.68887119069822,24.8720512272467,0 88.68871240225069,24.87207745073306,0 88.68858314329159,24.87212088820603,0 88.68846379542157,24.87216385232163,0 88.68832496083921,24.87217726641711,0 88.68820611028563,24.87217504872208,0 88.68799778214375,24.87220194635943,0 88.68783914881622,24.87221404900266,0 88.6876405523635,24.87225685121941,0 88.68751179668854,24.87225454090422,0 88.68737312884492,24.87225270547311,0 88.68721464479582,24.87225125278912,0 88.68704626811216,24.87224858000254,0 88.68685808041005,24.87224572459915,0 88.68670009436076,24.87219908973212,0 88.68655151535192,24.87219772756961,0 88.68636332150355,24.87219543590142,0 88.6862733710288,24.87226747449222,0 88.68613370765789,24.8723560011862,0 88.68598448057526,24.87241337479034,0 88.68587504360653,24.87245586289452,0 88.68572646423499,24.87245449902353,0 88.68561751835148,24.87245236966899,0 88.68539003322256,24.87241978041788,0 88.68528125040562,24.87240296739784,0 88.68515297969496,24.87235660303577,0 88.68501517257737,24.87227682622915,0 88.68489692581701,24.87221982192101,0 88.68471979025571,24.87211313714836,0 88.68454279852695,24.87199346182931,0 88.6843853123743,24.87190164187028,0 88.68428707656406,24.87182674659054,0 88.68417879231401,24.87176475016066,0 88.6840508480191,24.8716890170479,0 88.68394271281797,24.87161346575777,0 88.6837753226158,24.87152155458792,0 88.68368666272727,24.87147668329365,0 88.68350919847427,24.87139992906618,0 88.68325299218574,24.87127726487196,0 88.68305312422069,24.87121103645989,0 88.6829668968449,24.87117014062305,0 88.6827891025391,24.87112331940682,0 88.68272729577089,24.87111371343394,0 88.68238365963805,24.87105915262637,0 88.6821462789042,24.87102590235808,0 88.68201784921089,24.87099422037677,0 88.68176032766574,24.87099072031706,0 88.68161175605087,24.87098878788904,0 88.68150279990164,24.87098778507982,0 88.68131462622114,24.87098379294471,0 88.68116604936385,24.87098242442595,0 88.68098726283871,24.87102540010206,0 88.68088772382751,24.87106853965803,0 88.68069920714447,24.87109560941049,0 88.68050077822068,24.87112315256189,0 88.68034182074608,24.87116461586588,0 88.68023270173283,24.87117829557199,0 88.68011350787511,24.87120713314533,0 88.67993523351345,24.87120379531158,0 88.67977675039052,24.87120233465249,0 88.67951889752858,24.87122876378141,0 88.6793703317375,24.87122626386687,0 88.67921184954412,24.87122480259783,0 88.6789840493727,24.8712210076807,0 88.67889441439007,24.87126423769705,0 88.67877555194437,24.87126314116634,0 88.67866644504898,24.87127569010693,0 88.67837870048388,24.87131765687512,0 88.67823013552713,24.87131515581869,0 88.67808139422092,24.87132846860748,0 88.67799194140532,24.87135531974214,0 88.67782305797644,24.87139838261988,0 88.67764476453577,24.87139673606067,0 88.67753582033629,24.871394600738,0 88.67742686989952,24.87139302970129,0 88.67724858891557,24.87139025393656,0 88.67711983376617,24.87138793459669,0 88.67686245536312,24.87137143666818,0 88.67671437948219,24.87132488194039,0 88.67655607879485,24.87130703859619,0 88.67642780054591,24.87126179611974,0 88.67632909386163,24.87122981874344,0 88.67620082823571,24.87118344642829,0 88.67606264527855,24.87113811259417,0 88.67595419072742,24.87109192302378,0 88.67582576843904,24.87105967036522,0 88.67570756504738,24.87099926956775,0 88.67559944339047,24.87092314753809,0 88.67549115240722,24.87086227415106,0 88.67534423169738,24.87071179963768,0 88.67530770300351,24.8706561086088,0 88.67519780209355,24.87051727275576,0 88.67518937172461,24.87038445982365,0 88.67511163113839,24.87024874629679,0 88.67509297671207,24.87014464479177,0 88.67505517091342,24.86998105833953,0 88.67503683590738,24.86984815336598,0 88.67500828827637,24.86974283110168,0 88.67498021805623,24.86959458536096,0 88.67498137352636,24.86949066695815,0 88.67498351397066,24.86929807979681,0 88.67498501475811,24.86916309955496,0 88.67496635966783,24.86905899801661,0 88.67496800504203,24.86891102740295,0 88.67497971749457,24.86874846445215,0 88.67491252997239,24.86855467054085,0 88.67488414611032,24.86843466384414,0 88.6748060618513,24.8683300127862,0 88.67470849491411,24.86819580975376,0 88.67462083915082,24.86806113342509,0 88.67455282965055,24.86794132461364,0 88.67452410088146,24.86785238056174,0 88.67449538464543,24.86776230686536,0 88.67449654060097,24.86765838842151,0 88.67447805582417,24.8675390380284,0 88.67446946325903,24.86742090842528,0 88.67442092537871,24.86733178111371,0 88.6743724062994,24.86724095887651,0 88.67436382012377,24.86712226488984,0 88.67432584683193,24.86697392773584,0 88.67431726698638,24.86685466937253,0 88.67426889908002,24.86675029234205,0 88.67425042096185,24.86663037752166,0 88.67421195780895,24.86652609254272,0 88.67421311405543,24.86642217407278,0 88.67414526309287,24.86628824587438,0 88.67413684690986,24.86615430310064,0 88.67411835655058,24.86603551787956,0 88.67416094102376,24.86576931176916,0 88.67416226602174,24.86565014545599,0 88.67416358574945,24.86553154259405,0 88.67408567371699,24.86541164224622,0 88.67398728564554,24.86535142390825,0 88.67388874147463,24.86530532550289,0 88.67380042975596,24.86522995037087,0 88.6737022116733,24.86515448307978,0 88.67357543710567,24.86497482171582,0 88.67354704931216,24.86485537986876,0 88.67347871052567,24.86476550349611,0 88.67345015313742,24.86466131037124,0 88.67342192805954,24.86452718411197,0 88.67340376571553,24.86437902995911,0 88.67349505069971,24.86418726913412,0 88.67355596728542,24.86405396850147,0 88.67363652378351,24.86393609995259,0 88.67373688264863,24.86381897998731,0 88.67385786733676,24.86362862318461,0 88.67388873707669,24.86352498011727,0 88.67391993991109,24.86339140390972,0 88.67396055669604,24.8633019720606,0 88.67399125035368,24.86321414299713,0 88.67399240593916,24.86311022448784,0 88.6739935625298,24.86300630686888,0 88.67399471812236,24.86290238835701,0 88.67394635224061,24.86279801197697,0 88.67386893793068,24.86263349476252,0 88.67383031308123,24.86254389393631,0 88.67376263462505,24.86239471661084,0 88.67371410567121,24.86230502361265,0 88.67367629748236,24.86214200261006,0 88.67363800616982,24.86202246856993,0 88.67359938696706,24.86193230330222,0 88.67351157371075,24.86181231030835,0 88.6734531409803,24.86172252594955,0 88.67339454383102,24.86164742596349,0 88.6733161383394,24.86157214162399,0 88.67322815584005,24.86146739809137,0 88.67314017349136,24.86136265449769,0 88.67306209546429,24.86125800212237,0 88.67296422173899,24.86115203658717,0 88.67286617209352,24.86106188500868,0 88.67278760370418,24.86100128474411,0 88.67270919274483,24.860926565309,0 88.6726106526081,24.86088046582482,0 88.67246394995168,24.86071191596685,0 88.67208888903224,24.86059151920144,0 88.67199018666152,24.86056010276507,0 88.67190138121292,24.8605293429016,0 88.67167458983542,24.86043686680194,0 88.67154633809412,24.86039049063884,0 88.6714477862587,24.86034551997694,0 88.67118122058514,24.86026679486226,0 88.6710034476789,24.86021995846592,0 88.67088492412597,24.86018948717217,0 88.67075634521071,24.8601724782098,0 88.67059855188822,24.86011057720716,0 88.67046022560511,24.8600793565064,0 88.67029235827363,24.8600326115821,0 88.67020354730761,24.86000241593535,0 88.67002561741629,24.8599696974735,0 88.6698773945886,24.85993782035073,0 88.66977868596389,24.85990696767479,0 88.6696702445312,24.85986077372714,0 88.66954148953931,24.85985957774292,0 88.66943304723701,24.85981338362695,0 88.66928481843757,24.85978207026554,0 88.66915640412107,24.85975037637821,0 88.6690479620422,24.85970418196939,0 88.66889974599074,24.85967173857416,0 88.66876190024105,24.85959759444242,0 88.66845589275603,24.8595032464808,0 88.66834743857896,24.85945818117604,0 88.66819938083991,24.85941161790993,0 88.66810084342592,24.85936551528924,0 88.66794288183047,24.85931885923792,0 88.66778441420686,24.85931738502921,0 88.66766557728492,24.85931515028579,0 88.66753716378395,24.85928345495678,0 88.66739850525063,24.85928216453448,0 88.66729831505185,24.85938403071967,0 88.66722815813078,24.85945737100927,0 88.66717714686899,24.85959019578106,0 88.66717598541565,24.85969411367827,0 88.66714494018761,24.859813004445,0 88.66714377772747,24.85991692235154,0 88.6671125816932,24.86004936698404,0 88.66711108438155,24.86018321720369,0 88.66710958807727,24.86031706831293,0 88.66709820019859,24.8604496971995,0 88.66709619753203,24.8606287303246,0 88.66708463907783,24.86077660799921,0 88.66704353765604,24.86090896004782,0 88.66703146747174,24.86110258499586,0 88.6670301344149,24.86122175168151,0 88.66697946345688,24.8613240788213,0 88.66693818493574,24.86147224490971,0 88.66692729598792,24.861560257044,0 88.66690581953716,24.86170917266794,0 88.66687477993875,24.86182749811642,0 88.66686371309345,24.86193132431936,0 88.66681220769604,24.86210820136315,0 88.66678100461381,24.86224121030474,0 88.66675012910378,24.86234485221259,0 88.66671925353515,24.86244849321263,0 88.66666840401993,24.86256663434342,0 88.66661789031384,24.86265484223552,0 88.66646750342527,24.86281611322664,0 88.66635789747535,24.86287383485583,0 88.66625836011274,24.86291696461236,0 88.66613900672596,24.86296047432074,0 88.66596040417474,24.86298761761923,0 88.66584155010919,24.86298651035441,0 88.66571329852826,24.86294012920725,0 88.66558504603569,24.86289374705292,0 88.66546686242781,24.86283277393754,0 88.66538829093754,24.86277273492212,0 88.66528975169426,24.86272662964755,0 88.66516149957448,24.862680248011,0 88.6649743214719,24.86258869503873,0 88.66487578252743,24.86254259037689,0 88.66476684043037,24.86254100967062,0 88.66466746626168,24.86256945396124,0 88.6645872381324,24.86265738394009,0 88.66445765085911,24.86273016845132,0 88.66436478816594,24.86284057454442,0 88.6642574100611,24.86292034339683,0 88.6641481383959,24.86294813022266,0 88.66398933138231,24.86297658545383,0 88.66391257824965,24.86297530453407,0 88.66374123837141,24.86301719764956,0 88.66361197952364,24.86306061259419,0 88.66352251628676,24.86308858457737,0 88.66337329114539,24.86314593376497,0 88.66324387361298,24.86320346847361,0 88.66286685627193,24.86325756144174,0 88.66267801209285,24.86331454036999,0 88.66251903937726,24.86335767761696,0 88.66241968385449,24.86338442644764,0 88.66229058991959,24.86341315673831,0 88.66216150753142,24.86344075729016,0 88.66204232415809,24.86346901499606,0 88.66190316607171,24.86351177124009,0 88.66172373072308,24.86361289344716,0 88.66162434958076,24.86364190104985,0 88.66146489385788,24.86372795910705,0 88.66136517639097,24.86378689980859,0 88.66125573194634,24.86382993340431,0 88.6611368831817,24.86382825716092,0 88.66104740612828,24.86385735645442,0 88.66094770095916,24.86391516725016,0 88.66082769182282,24.86401684356242,0 88.66074762399599,24.86409008811528,0 88.66069710540904,24.86417829423768,0 88.6606457543861,24.86434048516983,0 88.66059522931981,24.86442925563343,0 88.6605539097376,24.86458024401155,0 88.66049318782264,24.86469490142289,0 88.66048227421894,24.86478460732537,0 88.66041128502737,24.86493136427057,0 88.6603804025914,24.86503500424498,0 88.66033844864782,24.86524247017783,0 88.66030657679374,24.86543421411838,0 88.66027519272247,24.86558247179318,0 88.66023307971726,24.86580405597492,0 88.6601723055032,24.86592323186172,0 88.66000161431366,24.86612723368136,0 88.65989149433452,24.86623013203307,0 88.65978137948905,24.86633246505043,0 88.65968182424906,24.86637672030686,0 88.65958246562342,24.86640346739587,0 88.659423989479,24.86640198386419,0 88.6592257422424,24.86641368356705,0 88.65909681480133,24.86642716247377,0 88.65898752606807,24.8664560744687,0 88.6588881535813,24.86648395075933,0 88.65878092129374,24.86655016116812,0 88.65872818493791,24.86661518824451,0 88.65864745227952,24.86674716692292,0 88.65855696207109,24.86686606379375,0 88.65849654152295,24.86695361179923,0 88.65841413785095,24.86723412531958,0 88.65837334856421,24.86733767273778,0 88.65834246491828,24.86744131236698,0 88.6583115802363,24.86754495200207,0 88.65827079175388,24.86764849848411,0 88.65823990697045,24.86775213810741,0 88.65818938423348,24.86784034352049,0 88.65812828919049,24.86798775706447,0 88.65805712393799,24.86814976189495,0 88.65802607455861,24.86826808502521,0 88.65797520822957,24.86838678803004,0 88.65780416585275,24.86862128439606,0 88.65774356600166,24.86872464534481,0 88.65770587559125,24.86877286768178,0 88.65766315638641,24.86882782083138,0 88.65754313892414,24.86892949573854,0 88.65748253871482,24.8690328565963,0 88.65738233160354,24.86913471593858,0 88.65730209313357,24.86922264242694,0 88.65717282536524,24.86926605221294,0 88.65702376671602,24.86930758145413,0 88.65687501352214,24.86932200181958,0 88.65671638071184,24.8693340704231,0 88.65656780653167,24.86933267637086,0 88.65647899890973,24.86930190748221,0 88.65635074265251,24.86925551759255,0 88.656202677737,24.8692089419442,0 88.65602506919072,24.86914683838479,0 88.65586709865239,24.86910016912001,0 88.65575848161733,24.86906921320065,0 88.65558070154988,24.86902235792648,0 88.65546185493348,24.86902011303787,0 88.65535323805229,24.8689891568144,0 88.65522447927295,24.86898738279021,0 88.65503645700392,24.86897036682595,0 88.65490769289416,24.86896915778923,0 88.65470994417369,24.86893623484223,0 88.65458168985812,24.86888984336521,0 88.6544730796133,24.86885832211301,0 88.654246611061,24.86873701424318,0 88.65401024445717,24.86861504912129,0 88.65386269010527,24.86852328890315,0 88.65377387828968,24.86849308269631,0 88.65367533919772,24.86844696978808,0 88.65354741738763,24.86837120931934,0 88.65334043482403,24.8682788905555,0 88.65318296484448,24.86818816578528,0 88.65308459208772,24.86812736888303,0 88.65300602265455,24.86806732235009,0 88.6528092722334,24.86794629258104,0 88.6527013396127,24.86785490419726,0 88.65256384610181,24.86774968124451,0 88.65246564092794,24.86767419940132,0 88.65233772061634,24.86759843780874,0 88.65218009156921,24.86752183201665,0 88.65206174430719,24.86747553178319,0 88.65192358763387,24.86742904433295,0 88.65177552632495,24.86738246408254,0 88.65163685897444,24.86738115856648,0 88.65143877488163,24.86737816355232,0 88.65133016663779,24.86734663989697,0 88.6511812559889,24.86737517371053,0 88.65107231554578,24.86737301794624,0 88.65094356562146,24.86737067575625,0 88.65076595028611,24.86730969528516,0 88.65063836366987,24.86720456407228,0 88.65055980865695,24.86714338650784,0 88.65048141456809,24.86706809056754,0 88.65040319948564,24.86697698043875,0 88.65024639808264,24.86682751617366,0 88.65011898499891,24.86670713559216,0 88.65004076406454,24.86661659051783,0 88.64992293087992,24.86652510624424,0 88.64981480348722,24.86645122374552,0 88.64970762313591,24.86629375544546,0 88.64948789577015,24.86623407020122,0 88.64921600794673,24.86618801374595,0 88.64879796870302,24.8661456618652,0 88.6482953039035,24.86614091812469,0 88.6477719642868,24.8662122303369,0 88.64733012115772,24.86630351353573,0 88.64686737700609,24.86649062049413,0 88.64644630403222,24.86671539800031,0 88.64591970223871,24.86707360646813,0 88.64543228619257,24.86747002833403,0 88.6450099033168,24.86780945007366,0 88.64467214008263,24.86811182775186,0 88.64438089034685,24.86846152717561,0 88.64434950563273,24.86860808573829,0 88.64431845470375,24.86872527705387,0 88.64427783367179,24.86881300614763,0 88.64428573451083,24.86898930908425,0 88.64424344215355,24.86922387891141,0 88.64425202345917,24.86934031590906,0 88.64446004154897,24.86934115506242,0 88.64454869794106,24.86938492176849,0 88.6446371875108,24.86944337203634,0 88.64468555043578,24.86954606405816,0 88.64481431560368,24.86954728279189,0 88.64495300483557,24.86954690050674,0 88.64518117308849,24.86951799325601,0 88.64531043858953,24.8694751589144,0 88.64551913029156,24.86941669594876,0 88.64567846394154,24.86934308016662,0 88.64582787973166,24.8692704999135,0 88.64606762656562,24.86909428029259,0 88.64621704082438,24.86902169968559,0 88.64635638433394,24.86896370951661,0 88.64648548851193,24.86893499344243,0 88.64673379816504,24.86887690269807,0 88.64692201827211,24.8688764219173,0 88.64702073383624,24.86890672615171,0 88.64709915364506,24.8689797655399,0 88.64731458174042,24.86920038975948,0 88.64744103291393,24.86940548901346,0 88.6475375968122,24.869625555488,0 88.64759403434988,24.86988986533341,0 88.64759172113354,24.87009374807711,0 88.64759829370301,24.87038752299708,0 88.64757566457473,24.8706358350391,0 88.64754328315733,24.87087049929433,0 88.64748134665369,24.87109076369963,0 88.64744006648431,24.87123666540036,0 88.64735848604496,24.87144205938217,0 88.64727741136277,24.87160283544563,0 88.64718642501016,24.87176408289076,0 88.64708537311621,24.87193935655958,0 88.64700412483771,24.87211538137498,0 88.64689183990559,24.87240746822614,0 88.64682049625699,24.87258358683316,0 88.64673874741138,24.8728036641406,0 88.64669645788783,24.87303823438721,0 88.64669397047898,24.87325736598869,0 88.64669163597256,24.87346294364073,0 88.64674974734781,24.87357984788219,0 88.64683824098384,24.87363829660591,0 88.64694720616994,24.87363876206516,0 88.6471552386095,24.87363903270658,0 88.64728434735319,24.87361031571736,0 88.64741362992157,24.8735663506405,0 88.64754323902596,24.87349358082978,0 88.6476730134962,24.8734061282317,0 88.64778265170358,24.87334729071798,0 88.64808099676233,24.87324561377716,0 88.64819063363127,24.87318677599067,0 88.6484790790729,24.87308443923048,0 88.64868709674452,24.87308583743996,0 88.64886474608879,24.87314456156798,0 88.64909159437566,24.87323255601797,0 88.64921954433979,24.8733060617539,0 88.64951357551125,24.87358503736598,0 88.64960123903698,24.87371690501893,0 88.64969796942054,24.87392285130307,0 88.64978430984051,24.87417162673004,0 88.64973196064142,24.87442022486779,0 88.64966093991754,24.87456810621362,0 88.64955032312213,24.87471335440179,0 88.64940057718817,24.87481474225797,0 88.64932065460754,24.87487386118236,0 88.64918080091795,24.87497647127847,0 88.64910087910364,24.875035589181,0 88.64897110947122,24.87512247958136,0 88.64885091134421,24.87523883079303,0 88.64876007835126,24.87538652430978,0 88.64865953156628,24.87551718206339,0 88.64865803330655,24.8756493388688,0 88.64877242393663,24.87604523648294,0 88.64887973317262,24.87619197551793,0 88.64894791342468,24.87629485320191,0 88.64905572203642,24.87639754043163,0 88.64910425155141,24.87648611229221,0 88.64923153983369,24.87661835394686,0 88.64927016943113,24.87670626677696,0 88.64940654401842,24.87691089293211,0 88.64952209680865,24.87720456632071,0 88.64952010715987,24.87738021032957,0 88.64949829906628,24.87755623316531,0 88.64949714702558,24.87765789219537,0 88.64935711052281,24.87777631580902,0 88.6492283370153,24.87777510143928,0 88.64905018085531,24.8777604297863,0 88.6488918442178,24.87774538006114,0 88.64848633154591,24.8776867660066,0 88.64815975198456,24.87765657141625,0 88.64792233541347,24.87762608872903,0 88.64763554483352,24.87758158361293,0 88.64729954688558,24.87750837128245,0 88.64703258156997,24.87746292207175,0 88.64676526954158,24.87744797011755,0 88.64660609848053,24.87750633862992,0 88.64670758411897,24.87816589345514,0 88.64717194926379,24.87914913636288,0 88.64721059842689,24.87923535570562,0 88.64739679897563,24.87963249769422,0 88.64747357551306,24.87963265783992,0 88.64759179216546,24.87969138723117,0 88.64774996478657,24.87972112269894,0 88.64785843596728,24.87976563886878,0 88.65099388910214,24.88021092219792,0 88.65140931663944,24.8802696233745,0 88.65157772404136,24.88027064365251,0 88.65167728700995,24.8802269593307,0 88.65183596088474,24.88021263786433,0 88.65198505984218,24.88016885471325,0 88.65209436338475,24.88013994717716,0 88.65218418085729,24.88008204983305,0 88.65234435488848,24.87993500599963,0 88.65242459714935,24.87984764703048,0 88.65252516304609,24.87971529190936,0 88.65258608588981,24.87958425960477,0 88.65271735832071,24.87936464415592,0 88.65276788290468,24.87927700555434,0 88.65284962538627,24.87905692454465,0 88.65286069296619,24.87895422945567,0 88.65291236747989,24.87876493190715,0 88.65301292470794,24.87863314179477,0 88.65307369974572,24.87851509797098,0 88.65318432902264,24.87836871672316,0 88.6533146034614,24.87823720671204,0 88.65367404885825,24.8779892350781,0 88.65385319995028,24.87791579621423,0 88.65409096203294,24.87791577170285,0 88.65431880584862,24.87791678309792,0 88.65447681899963,24.87796062974401,0 88.65467395231465,24.87804946547287,0 88.65477203437139,24.87813680605746,0 88.6548298107565,24.87828420603837,0 88.65486596600596,24.87859181419084,0 88.65486298939356,24.87885556367351,0 88.65486084182047,24.87904589177903,0 88.65477794901066,24.87936819780395,0 88.65474624254055,24.87954412767404,0 88.65468432197902,24.87976383092026,0 88.65466285863789,24.87990992173,0 88.65460159398124,24.88007145331712,0 88.65455024126307,24.88023251294426,0 88.65449789358328,24.88048167747163,0 88.65449624150988,24.88062795312303,0 88.65452430883393,24.88077450874797,0 88.6545328885622,24.88089207498672,0 88.65460950303272,24.88112607068387,0 88.65470707712379,24.88125859324954,0 88.6548439636166,24.88141916204375,0 88.6551180371541,24.88171375485311,0 88.65518640393275,24.88180081600484,0 88.65529371321635,24.88194868021245,0 88.65537099930501,24.88212337412567,0 88.65541838870678,24.88231360318707,0 88.65538403230561,24.88272447971638,0 88.65537295937148,24.8828277401351,0 88.65530213219792,24.8829586810855,0 88.6552212197129,24.8831053428275,0 88.65512990440754,24.88329596458139,0 88.65507904797764,24.88341297193071,0 88.65502786034493,24.88355934815226,0 88.65500714255124,24.88363935985683,0 88.65497616858021,24.88375034116651,0 88.65497469016442,24.88388136881466,0 88.65502091891472,24.8841743863646,0 88.65506913117866,24.88429175943028,0 88.65510709905234,24.88443897336154,0 88.65525240417601,24.88473179115348,0 88.65529978832166,24.88492258541851,0 88.6553562565463,24.88518632804178,0 88.65540313821944,24.88542173902547,0 88.65546952580019,24.88568444517777,0 88.6556237404447,24.88606602576766,0 88.65569094457349,24.88625644011594,0 88.65573915741133,24.88637381377271,0 88.65577060157763,24.88644075905402,0 88.65583592256104,24.88657862685928,0 88.65593366800256,24.88669646470999,0 88.65602200461075,24.88677015687326,0 88.65619868980845,24.88691641229798,0 88.65629693933947,24.88698963220296,0 88.65649326075315,24.88715188677078,0 88.6566699417059,24.88729870593079,0 88.65676835083745,24.88735780723824,0 88.65699390915941,24.88756326237032,0 88.65713130181226,24.88767977695263,0 88.65730781267898,24.88784184406121,0 88.65743545217634,24.88794471042731,0 88.6575333727729,24.8880472982728,0 88.65782778273001,24.88829745513925,0 88.65798482557877,24.88842883850682,0 88.65813243257838,24.88851833555594,0 88.65838855380022,24.88864951666477,0 88.65846714562471,24.88870899502599,0 88.65872441257414,24.88873851693767,0 88.65885271542764,24.88878264520502,0 88.65906027809005,24.88882695115744,0 88.65930713025925,24.88890156102855,0 88.65959346967965,24.88898896564004,0 88.65987963092347,24.88909218373812,0 88.6603337305032,24.88923933458951,0 88.66057035424309,24.8893426529116,0 88.66086559301351,24.88951994649803,0 88.66112089496387,24.8897245437432,0 88.66134630085976,24.88994467692453,0 88.6615220081824,24.89017903000772,0 88.66170195338016,24.89047724931001,0 88.66177317805567,24.89075185925962,0 88.66174164973444,24.89091254214622,0 88.66169096175202,24.8910148688834,0 88.66156116472753,24.89110346449423,0 88.66148125093527,24.8911614604162,0 88.66117296580775,24.89126307368671,0 88.66107322488621,24.89132201335888,0 88.66085427175891,24.89140921105558,0 88.66070483786919,24.89148180709928,0 88.66032950214849,24.8915986065042,0 88.66015099475322,24.89161331714591,0 88.65995318139332,24.8915826597789,0 88.65982471029805,24.89155321614651,0 88.65959748188695,24.89149517176086,0 88.659498914765,24.8914496273707,0 88.65928142828628,24.89140635894674,0 88.65902465811833,24.89133222159702,0 88.65857072342435,24.89116981743398,0 88.65854974622427,24.89127298576138,0 88.65854859588025,24.89137521047845,0 88.65851755320244,24.8914924049217,0 88.65848601417649,24.8916536517014,0 88.65845480629665,24.89178553144787,0 88.65840377769032,24.89191778951398,0 88.65830272550301,24.89209307128205,0 88.65821224027026,24.89220970928896,0 88.65813198652764,24.89229763582607,0 88.65795165896832,24.89247386975221,0 88.65785143255789,24.8925757300871,0 88.657721478467,24.89267787733973,0 88.6575913453311,24.89279583764952,0 88.65741103522502,24.89297037607827,0 88.65732087366602,24.89305821003875,0 88.65719058714282,24.89318972480947,0 88.65713014031705,24.89327840233065,0 88.65703948787186,24.89340972322274,0 88.65694833943448,24.89358509731348,0 88.65690738699563,24.89370219929177,0 88.65691498332619,24.89390730537326,0 88.65692175234871,24.89418583172527,0 88.65692042919378,24.89430330524474,0 88.65692770043631,24.89453721487434,0 88.65692637631427,24.89465468839946,0 88.65692522476215,24.89475691222787,0 88.65698383991597,24.89483089025736,0 88.65708242694932,24.8948747422029,0 88.65733854277376,24.89500762018638,0 88.65766271054099,24.89525636155282,0 88.65794641872034,24.89557871638455,0 88.65834669908789,24.89610776216825,0 88.65834488111354,24.89626928792113,0 88.65828179990655,24.89659178226697,0 88.65820055828377,24.89676725009695,0 88.65813995713589,24.89686948191329,0 88.65803906510804,24.89703008012984,0 88.65792792182407,24.89722108190255,0 88.65774611050658,24.8975283431815,0 88.65767477472244,24.89770390382202,0 88.65761235923277,24.89796709686131,0 88.65761069926791,24.8981145025816,0 88.65760823677728,24.89833307106226,0 88.65764505487458,24.89858307364203,0 88.6576921296181,24.89880210553112,0 88.65774843860112,24.89908109677319,0 88.65783497240132,24.89931574949786,0 88.65796032177063,24.89962306481945,0 88.65805577211439,24.89994591497767,0 88.65815007802473,24.90037042439378,0 88.6581984519257,24.90047424278182,0 88.65825626330144,24.90061994716056,0 88.65835352667135,24.90078183571652,0 88.65843098813198,24.90094240948242,0 88.65862651558423,24.90117751727028,0 88.65872427595289,24.90129535414286,0 88.65890047832001,24.90148678856897,0 88.65910559039138,24.90175079209506,0 88.65933003611489,24.90205790375853,0 88.659488355485,24.90229774625033,0 88.65960285260884,24.90246939808856,0 88.65972951939823,24.90266036773815,0 88.65985570360115,24.90289426078107,0 88.65997180227156,24.90314387393651,0 88.66007784161962,24.90340694974901,0 88.66014339236874,24.90374589958346,0 88.66021955023271,24.90402281576227,0 88.66021772794129,24.90418490653387,0 88.66020486748101,24.90444743494827,0 88.66019958438186,24.90491732884928,0 88.66019760892131,24.905092974357,0 88.66019513272539,24.90531323736084,0 88.66018292619624,24.90551759349297,0 88.66016112891008,24.90569361855221,0 88.66011819445903,24.90598693114066,0 88.66008582796474,24.90622160086115,0 88.66004405529485,24.90641155930641,0 88.66003167740161,24.90663116506134,0 88.66002788576829,24.90696833599894,0 88.66002591651971,24.90714341710585,0 88.66004390999338,24.90730569353632,0 88.66009230110976,24.90740838135901,0 88.66019801433326,24.90770082549702,0 88.66023616092367,24.90783335353372,0 88.66031296961584,24.90805266332077,0 88.6603803523542,24.90822895764414,0 88.66048820033556,24.90833163695811,0 88.66058581000578,24.90846359121812,0 88.66076219702639,24.90863977475792,0 88.66091893321155,24.90880108811223,0 88.66103635978669,24.9089332276044,0 88.6613105185582,24.90922724512606,0 88.6614672562233,24.90938855871881,0 88.66151581404138,24.90947656158515,0 88.66161308922668,24.90963844905457,0 88.66167554640114,24.9098124374219,0 88.6617090584098,24.90991667991988,0 88.66176407480437,24.91031201471414,0 88.6618306307691,24.91056229433637,0 88.66194625305467,24.91085539385038,0 88.66197235262669,24.91095787339862,0 88.66203182023365,24.91117758566201,0 88.66216611262463,24.9115730955845,0 88.66229049137831,24.91196907700172,0 88.66230236982425,24.91201437534021,0 88.66240479721175,24.91237965084495,0 88.66250919554678,24.91279013187201,0 88.66255445987746,24.91317181954878,0 88.66253995482026,24.91358119031542,0 88.66241684931771,24.91373367677298,0 88.66227983701738,24.91380074209411,0 88.66212128584455,24.91380039153323,0 88.66187354866949,24.91379977269199,0 88.66166610744271,24.91374078595688,0 88.66153810654504,24.91366729112735,0 88.66141026412681,24.91357967709141,0 88.66115444033808,24.91341687284564,0 88.66084970989984,24.91319712787271,0 88.66057438773456,24.91300589789908,0 88.66023893544283,24.91287454376221,0 88.66003117217001,24.91284435899878,0 88.65975371165372,24.91284345803363,0 88.65941613329804,24.91290130208591,0 88.65907822279188,24.9129885132475,0 88.65879992890116,24.91306159676656,0 88.65854130003353,24.91314841946675,0 88.65833187108466,24.9132662030281,0 88.65815168352648,24.91342718867774,0 88.65804053164334,24.9136176274431,0 88.65798835485232,24.91385098123773,0 88.65810660429739,24.91391026715446,0 88.65826399795885,24.91401341171168,0 88.65844122337981,24.91411561229743,0 88.65871670270397,24.91429272623587,0 88.65885445260383,24.91438043553963,0 88.65905115889097,24.91451275425982,0 88.65928750784471,24.91464487890861,0 88.65951411992727,24.9147616615656,0 88.65974070621922,24.9148807022323,0 88.65986870744536,24.9149541985844,0 88.65996698227346,24.91502741725164,0 88.66012455188324,24.9151153109273,0 88.66024280348833,24.91517459502399,0 88.66054786214001,24.91536553843087,0 88.66069519893983,24.91548214213462,0 88.6608512782814,24.91570275767511,0 88.66099663595448,24.91599557243221,0 88.66099531574996,24.91611304639556,0 88.66099218668631,24.91639148121779,0 88.66091125881609,24.91653814713609,0 88.66075023951748,24.91675692925241,0 88.66062025557642,24.91685964339054,0 88.66039100341206,24.91697724538325,0 88.66028983699748,24.91694071503176,0 88.65689714974157,24.9157098009414,0 88.6568365372201,24.91581203253637,0 88.65678566904388,24.91592904151105,0 88.65665551628204,24.916046437617,0 88.65657508617221,24.9161484839348,0 88.65649480216753,24.91623753984091,0 88.65642461913261,24.91630974599908,0 88.65628356904698,24.91651458797634,0 88.65620263537407,24.916661251628,0 88.65609197449328,24.9168076360225,0 88.65599122204698,24.91695411343013,0 88.65584076593316,24.91711424534194,0 88.65566981528714,24.91733405809529,0 88.65557947483272,24.91743601084013,0 88.65543907269684,24.91758324512637,0 88.65530826099047,24.91775881154456,0 88.65517728891497,24.91794849698454,0 88.65504631013455,24.91813874759505,0 88.65496503598882,24.91831534381317,0 88.65488344886772,24.91851961386086,0 88.65488163122492,24.91868057502333,0 88.65487864043953,24.91894545560721,0 88.65500698140937,24.91898902379639,0 88.65512541260209,24.91903249784552,0 88.6554017274257,24.91913619738184,0 88.6555396397472,24.91920979133436,0 88.65571703508969,24.91929731045981,0 88.6558744413647,24.91939989374358,0 88.65596279616109,24.91947415150323,0 88.65599087291314,24.91962070742589,0 88.65595965517943,24.91975258670034,0 88.65580869082419,24.91995733621948,0 88.65567803631184,24.92011878390686,0 88.65564682347033,24.92025009787277,0 88.65564550470897,24.92036700672014,0 88.65571372231173,24.92046931753436,0 88.65589919447459,24.92071958627698,0 88.65598739669913,24.92080739870606,0 88.65606502723226,24.9209538555152,0 88.65609376202353,24.92104223912461,0 88.65609145584284,24.92124668892316,0 88.65605907750444,24.92148135793232,0 88.65593007170038,24.92149652740314,0 88.65557281917668,24.92153892823837,0 88.65543407577074,24.92153875545378,0 88.65528509171443,24.92156785818485,0 88.65507664490936,24.92159696822154,0 88.65479833548173,24.92166947913687,0 88.65462919387762,24.92172832807897,0 88.65444999028385,24.92180063931385,0 88.65427094555564,24.92185883033267,0 88.65393283388312,24.92196127903121,0 88.65372405402664,24.92201975509321,0 88.65342592448431,24.92209207619952,0 88.65313785558877,24.9221509361471,0 88.65287936913616,24.92222306481828,0 88.65264977339312,24.92236945832119,0 88.65264861750775,24.922471682873,0 88.65266710799035,24.92258934274003,0 88.65286166865555,24.92291200093831,0 88.65301774909712,24.92313206036567,0 88.65314542978618,24.92323436658557,0 88.65323396313204,24.9232928127676,0 88.65345166587868,24.92332197062975,0 88.65361979538572,24.92335292229624,0 88.6537783719962,24.92335215344048,0 88.65406575425696,24.92335428802926,0 88.65419459589248,24.92335380354779,0 88.65448133991184,24.92341241648051,0 88.65462949126261,24.92345729978509,0 88.65480688698435,24.92354538582632,0 88.65508239500637,24.92372137763435,0 88.65525945983229,24.92383883094312,0 88.6554162087035,24.92400015096221,0 88.65541455108109,24.92414699379056,0 88.65530322631844,24.92435155007655,0 88.65520262629092,24.92448390717253,0 88.65509212209395,24.92461560764493,0 88.65496196532484,24.92473243652341,0 88.65468215578066,24.9249371051406,0 88.65454417593598,24.92508831618967,0 88.65449104697058,24.92518553421329,0 88.65444033860616,24.92528785818943,0 88.6544089444635,24.92543498596062,0 88.65437607051157,24.92571314256154,0 88.65432286683597,24.92603629560493,0 88.6542921622368,24.92612242747517,0 88.65424144606182,24.92622531667969,0 88.65413093934841,24.92635701563994,0 88.65395056060879,24.92653267979214,0 88.65387061288386,24.92659123712511,0 88.65376076923502,24.92666419923752,0 88.65366116150044,24.92670845007529,0 88.65356139988317,24.92676625559721,0 88.6534224840332,24.92678076562548,0 88.65329381061233,24.92676599998053,0 88.6531748738721,24.92676657710838,0 88.65286864191989,24.9266778424246,0 88.65264149624355,24.92660679688417,0 88.65248345749281,24.92655955832567,0 88.65214732511927,24.92648579192777,0 88.65184093415239,24.92641117508032,0 88.65164554999933,24.92637996471442,0 88.65156392877643,24.92636733509404,0 88.65127735826884,24.92629290281842,0 88.6509714548571,24.92617536148797,0 88.65063582268161,24.92605753840034,0 88.65028274107128,24.92594915317481,0 88.64986545761859,24.9258215215293,0 88.64943055793454,24.92571801162914,0 88.64916363109802,24.92565957612941,0 88.64882634281592,24.92568802666016,0 88.64866677623546,24.92577576628308,0 88.64840677316322,24.92598060989796,0 88.64834632135998,24.92606758885506,0 88.64824539183208,24.92622818085147,0 88.64821415082228,24.92636118764791,0 88.64824288598817,24.92644900949119,0 88.64826138584789,24.92656554039206,0 88.64827970596289,24.92669788533425,0 88.64830827516272,24.92680039065014,0 88.64832642928816,24.92694741997606,0 88.64840356044508,24.92713736888387,0 88.64843179770742,24.92726924205046,0 88.64847010432892,24.92738709052476,0 88.64846861742657,24.92751811870223,0 88.64846611209698,24.92773894728997,0 88.64846477956948,24.92785642069295,0 88.64846180046844,24.92811904319296,0 88.64843040498073,24.92826560478347,0 88.64833807636646,24.9285415045474,0 88.64819729922149,24.92871979572026,0 88.6481071107083,24.92880705923171,0 88.64798734548927,24.92888048815006,0 88.6477484938822,24.9289674784703,0 88.64764888194976,24.92901172548103,0 88.64748997602781,24.92904072736769,0 88.64724137388346,24.92911350417773,0 88.64712144795266,24.92920105156823,0 88.64692190138307,24.92931778300996,0 88.64682180081873,24.92940495308226,0 88.64662982219184,24.92972792206451,0 88.64670661926685,24.92994723973669,0 88.64674458539139,24.93009502183432,0 88.6466742207818,24.93018190748773,0 88.64656386232174,24.93029948133069,0 88.64651331804517,24.93038655331533,0 88.64645185582999,24.93056220243804,0 88.64653988453453,24.93066527002518,0 88.6466873880334,24.93076776977,0 88.64680548740969,24.93084118402579,0 88.64704301594455,24.93087110496978,0 88.64722207102187,24.93081348712931,0 88.64735158217108,24.93075483672327,0 88.64753030996269,24.93072602296054,0 88.64763983409021,24.93068186953834,0 88.64776917140459,24.93063846755751,0 88.64797830942926,24.93055006673999,0 88.64818726003416,24.93047804496439,0 88.64843602490595,24.93039114644161,0 88.6486243349175,24.93039122845689,0 88.64872310909799,24.93042096709964,0 88.64883097376349,24.93052308970324,0 88.64897764590961,24.93069900816174,0 88.64912414516661,24.93089017521509,0 88.64912265280482,24.93102176857641,0 88.64912116679945,24.93115279756863,0 88.64911949578941,24.93130020494852,0 88.64906744058517,24.93152056599082,0 88.64895627051085,24.93170986857689,0 88.64889563788759,24.93181266274259,0 88.64882508791355,24.93191592776654,0 88.648723660066,24.93212000810231,0 88.64873241128292,24.93222232617151,0 88.64873090588334,24.93235504916534,0 88.64880837452802,24.93251562964779,0 88.64888666360771,24.93260391775668,0 88.64906290245027,24.93279480080827,0 88.64916118615366,24.93286802693709,0 88.64925913609419,24.93297062087807,0 88.64938515197734,24.93322033808365,0 88.64951034954983,24.93354234743404,0 88.64953675796231,24.9338357474939,0 88.64954400464426,24.93407078929469,0 88.64949196302014,24.93429002078077,0 88.6494602338644,24.93446595217159,0 88.64933964433662,24.93461167375309,0 88.64922978462954,24.93468519641716,0 88.64907037847941,24.93475768821673,0 88.64889195832174,24.93475883023755,0 88.64877303367912,24.93475770842693,0 88.64861444745989,24.93475790744855,0 88.64842614251219,24.93475669613671,0 88.64825763977566,24.93475736563096,0 88.64800061644142,24.93469789207451,0 88.64791208859616,24.93463831353477,0 88.64774458565283,24.93455087789112,0 88.64751796084434,24.93443294655731,0 88.64710485443615,24.93415340490354,0 88.64694743632276,24.93405081222662,0 88.64675186552724,24.93381681671976,0 88.64657563487586,24.93362536558047,0 88.64650742398322,24.93352248545828,0 88.64642963035817,24.9333907081137,0 88.64617593494407,24.9330386754833,0 88.64599970633456,24.9328472244436,0 88.64580397929298,24.93262734659636,0 88.64562741174582,24.93246582822792,0 88.64549956783269,24.93237763497687,0 88.64532216598381,24.93228953734939,0 88.64526170277563,24.93237708052414,0 88.64516225997401,24.93240607636501,0 88.64508229781423,24.93246519371374,0 88.64500234730201,24.93252318049307,0 88.64489282052666,24.93256733209749,0 88.64476315884799,24.9326389700057,0 88.64464305392967,24.93274176441094,0 88.64445272755513,24.93291845307245,0 88.64435245586024,24.93302030518757,0 88.64427183652526,24.93313702925593,0 88.64424109590689,24.93322541872444,0 88.64423877654107,24.93342930377815,0 88.64428732461114,24.93351787742467,0 88.64430580853565,24.9336355393997,0 88.64439268201836,24.93384026852027,0 88.64448995366918,24.93400216776454,0 88.64453834302877,24.93410486132698,0 88.64466535916659,24.93426591300615,0 88.64484160069235,24.93445623595393,0 88.64492997133684,24.93452937118746,0 88.6450383180529,24.93458913905996,0 88.64519606924046,24.9346623649839,0 88.64540320496315,24.93475074371366,0 88.64552163597313,24.93479535615018,0 88.64569903529519,24.93488401859029,0 88.64583679856904,24.93497174082005,0 88.64605300550198,24.935134198637,0 88.64613064636336,24.93527953086935,0 88.64625699230842,24.9354998829578,0 88.64635327351272,24.93574932187111,0 88.64638018142436,24.93599810521654,0 88.64637884633447,24.93611557949607,0 88.64638692808323,24.93627663533058,0 88.64633604061775,24.93639364049016,0 88.6462658259673,24.93646697132512,0 88.64612572999457,24.93658426411308,0 88.64602612318242,24.93662738071355,0 88.64592650457132,24.93667162687701,0 88.64582705856618,24.93670062331474,0 88.64561891615212,24.93670035089328,0 88.64550989981792,24.93669932026429,0 88.64540119815138,24.93667061566262,0 88.64526361231472,24.93656707909725,0 88.64513725415537,24.93634785579909,0 88.64507928786738,24.93621569998485,0 88.64504064097332,24.93612778482299,0 88.64498234103758,24.93602499686098,0 88.64495360452548,24.93593717540588,0 88.64478577508531,24.9358785390581,0 88.64462786778327,24.93581886755128,0 88.64447028285156,24.93573095578009,0 88.64429304421438,24.93562817276061,0 88.64411597339151,24.93551070509968,0 88.64389018569479,24.93531934701921,0 88.64366455991384,24.93511386940943,0 88.64345808675152,24.93496731585261,0 88.64329076655542,24.93486406100736,0 88.64308396628414,24.93474631044335,0 88.64276863476115,24.93458516849259,0 88.6426208014599,24.93451146854943,0 88.64226450326836,24.93446629469256,0 88.64215547603867,24.9344663920475,0 88.64198581442001,24.9345687139373,0 88.64200362722922,24.93474511306555,0 88.64200246207832,24.93484733784032,0 88.64202112366826,24.93494918612632,0 88.64211773055609,24.9351692594166,0 88.64222308307765,24.93549165130403,0 88.64227130252473,24.93560903008379,0 88.64228995272705,24.93571200793674,0 88.64228878049363,24.93581479797106,0 88.64228744887035,24.93593170713395,0 88.6422555477197,24.93612175574848,0 88.64223454853591,24.93622492230769,0 88.6421443430996,24.93631274790231,0 88.64197551595062,24.93634164869405,0 88.64184666547548,24.93634155714048,0 88.64175813376029,24.93628254012391,0 88.64165968545149,24.93622399255715,0 88.64154158353197,24.93615057347628,0 88.64138349759767,24.93610671162168,0 88.64125533057299,24.93604675310898,0 88.64101762596083,24.93603150781037,0 88.6407999098364,24.93600176573419,0 88.64041403113639,24.93594275080982,0 88.63991929855578,24.93586858004022,0 88.63941448075946,24.93580956320596,0 88.63853153589127,24.93588081893483,0 88.63827317102458,24.93593880218382,0 88.63827182822439,24.93605627588257,0 88.63830039189575,24.93615878330832,0 88.63836726688983,24.93637801148986,0 88.6384351375663,24.9365102644378,0 88.63852266724541,24.9366568248459,0 88.63871872310966,24.93684734453112,0 88.63879716902748,24.93692151896682,0 88.63901093042998,24.93708057504763,0 88.63908003455893,24.93710495458027,0 88.63918054741686,24.93719967207743,0 88.63931828897272,24.93728909533667,0 88.63945621255866,24.93736270437307,0 88.63955467362801,24.93742012375516,0 88.63965311021772,24.93747980143244,0 88.63980077656883,24.93756818864472,0 88.6400568032593,24.93771521751475,0 88.64023354524073,24.93786149448301,0 88.64036105566665,24.93797906095038,0 88.64053779838112,24.93812533751496,0 88.64079331794784,24.93831698263741,0 88.6407723236607,24.93841958467467,0 88.64072159056249,24.93852246905696,0 88.64061139992332,24.93862422496927,0 88.64051144808269,24.93869727035975,0 88.64034177942023,24.9387995915901,0 88.64022234023868,24.93884307989532,0 88.64003367533944,24.93887292113003,0 88.63982503308451,24.93891612789048,0 88.63965637614896,24.93892977745459,0 88.63946803868301,24.93893081351413,0 88.63934893518571,24.93894493317997,0 88.63917053472156,24.93894380367551,0 88.6390317718739,24.93894361570083,0 88.63882329721262,24.93897213755001,0 88.63869410211493,24.93900197573322,0 88.63856474518016,24.93904593387408,0 88.63841574168642,24.93907445477868,0 88.63833577736887,24.93913300357966,0 88.63817568765876,24.93926421931486,0 88.63807572739969,24.93933782843578,0 88.63799543366372,24.93942518066146,0 88.63781502372541,24.93959969570568,0 88.63775453258035,24.93968893021336,0 88.63765357687019,24.93984951514281,0 88.63760234954854,24.93999532136712,0 88.63761981986937,24.94020109006217,0 88.63764753741928,24.94037758317841,0 88.63768601883372,24.94047962047972,0 88.63773456543451,24.94056819718301,0 88.63779169990359,24.94077264769381,0 88.6379079503638,24.94100816181031,0 88.63805311544182,24.94131568555667,0 88.63809108648978,24.94146233947386,0 88.6381584681895,24.94163751599165,0 88.63827405587702,24.94193120215108,0 88.63830161950797,24.94212125073305,0 88.63834899299512,24.94231261633574,0 88.63834681070416,24.94250351207765,0 88.63834464219761,24.94269327816503,0 88.63834079397022,24.94302988671189,0 88.6383478518772,24.94327961337753,0 88.63830535347843,24.94352886930432,0 88.63827461917246,24.94361612723119,0 88.63827344492236,24.9437189172928,0 88.63823178518841,24.94389475198476,0 88.63816022439246,24.94408498771759,0 88.63807841707261,24.9443044990069,0 88.63799678306886,24.94450875966909,0 88.63791563328996,24.94467066283452,0 88.63778426187442,24.94489026660565,0 88.63765289640955,24.94510930591023,0 88.63749178364525,24.94532919217372,0 88.63735117090219,24.94548996462676,0 88.63716582126354,24.94566217332072,0 88.63701080717664,24.94578213933837,0 88.63683121296188,24.94588436200979,0 88.63662187879936,24.94598686608811,0 88.63637306731698,24.94607430839146,0 88.63600531194872,24.94616118322503,0 88.63582690086514,24.94616005024523,0 88.63561907322267,24.94613095924039,0 88.63550029820462,24.94611570732692,0 88.63534235676006,24.94605828395497,0 88.63518494666293,24.94595454871285,0 88.63501260465124,24.9458563186105,0 88.63485028390683,24.94574858297118,0 88.63475199936035,24.94567534668483,0 88.63460431985484,24.94558751833398,0 88.63450604840628,24.94551315313225,0 88.63434845823073,24.94542523101239,0 88.63414114244885,24.9453515201774,0 88.63404234720085,24.94532290107778,0 88.63391350076216,24.94532167258299,0 88.63373474693365,24.94535047029786,0 88.63362503582609,24.94540929697022,0 88.6334949973171,24.94551198797369,0 88.63331540130719,24.94561420652521,0 88.63320569617549,24.94567246853962,0 88.63295638998314,24.94580282802566,0 88.63279661623108,24.94590523407348,0 88.63271646961535,24.9459790289864,0 88.63258609847847,24.94611052288922,0 88.63250613327011,24.94616850270436,0 88.6324258238709,24.94625641665625,0 88.63229528968159,24.94640202951116,0 88.63214440798835,24.94659320052473,0 88.63203370284754,24.94673843789553,0 88.63190329067665,24.94687331929677,0 88.63182318241905,24.94694372484436,0 88.63167315491151,24.94706034444843,0 88.6315130341173,24.94719268251849,0 88.63138316635531,24.9472801221218,0 88.63112392987325,24.94741151382999,0 88.63099439963584,24.94746958510591,0 88.63078573913145,24.94751277914983,0 88.63054783814722,24.94751276523059,0 88.63022829686486,24.94750067372019,0 88.62980458141614,24.94749662300719,0 88.62944774170595,24.94749547000074,0 88.62931887350598,24.94749593165474,0 88.62909088363654,24.94749601013969,0 88.62898928390851,24.94749560265279,0 88.62875387371351,24.94749448058658,0 88.6284171959511,24.94746414570087,0 88.62801078614788,24.94746364491882,0 88.62780245669853,24.94747803025867,0 88.62749466759566,24.94752140012632,0 88.62733540063506,24.94757918284988,0 88.62715595919832,24.94766727334731,0 88.62702658867379,24.94771122118241,0 88.62689756351006,24.94772523648912,0 88.62679794046177,24.94776833915896,0 88.6265897733546,24.94776860362931,0 88.62641202468711,24.94770985120857,0 88.62623445120508,24.94763584882455,0 88.62612609546214,24.94757663185018,0 88.62589357092176,24.94732530654888,0 88.6258426954011,24.94722427705711,0 88.62579481336874,24.94707865323714,0 88.62579650677613,24.9469318111455,0 88.62583012410528,24.94659548804869,0 88.62584190571529,24.94643349115229,0 88.62591382620407,24.94621389230016,0 88.62595534107049,24.94605218119428,0 88.62602691648451,24.94586251562599,0 88.6260796777687,24.94558511941864,0 88.62609028664018,24.94552478332703,0 88.62614186241829,24.94535017666507,0 88.62608707367978,24.94064678161417,0 88.62592967145639,24.94054360104609,0 88.62583124038032,24.94048391408746,0 88.62573279648598,24.94042535580008,0 88.62555522118686,24.94035248253359,0 88.62540721678251,24.94029401422388,0 88.62527905317251,24.94023404090807,0 88.62510164815737,24.94014648347498,0 88.62483488324966,24.94007218861153,0 88.62466688739283,24.9400282130117,0 88.62442968602014,24.93996888710829,0 88.62422205335471,24.93992396626397,0 88.62401440888657,24.9398801738538,0 88.62378678531438,24.93984974665483,0 88.62363809703723,24.93985057799606,0 88.6234005629363,24.93982005415248,0 88.62314354120183,24.9397605358273,0 88.62301468716426,24.93976042724778,0 88.62278705201864,24.93973112722879,0 88.622628805235,24.93970136369545,0 88.62240117573496,24.9396714987156,0 88.62202503576364,24.93962721330059,0 88.62180715440809,24.93961156188113,0 88.62150039005084,24.93956794286284,0 88.62123067942258,24.93953428147794,0 88.62112427547322,24.93952139585831,0 88.62099559182784,24.93950660099881,0 88.62059980721257,24.93944687240526,0 88.62040189186743,24.93941898436771,0 88.62014420463483,24.93941706828752,0 88.61988649794783,24.93941684577971,0 88.61964861992674,24.93941624926635,0 88.61934186949394,24.93937149518827,0 88.61914379793345,24.93935716033011,0 88.61885669847193,24.93932728065573,0 88.61857951171103,24.93929749678494,0 88.6183025001191,24.93925246260416,0 88.61783715940069,24.93920787131495,0 88.61759979158209,24.93916321881994,0 88.6174511176776,24.9391629142863,0 88.61721323891817,24.9391623129658,0 88.61690631995073,24.93913223832392,0 88.61674737995556,24.93916233532995,0 88.61654864066425,24.93920560458605,0 88.61638954264306,24.93924925521145,0 88.6162897533232,24.93930703526048,0 88.61618038646409,24.93933591581438,0 88.61606110342301,24.9393652650027,0 88.61595190729687,24.93937946084888,0 88.61577265331736,24.93945172422888,0 88.61566310979659,24.93949585332313,0 88.61535430552377,24.93962786627304,0 88.61527433667449,24.93968583706885,0 88.61512997952933,24.93974036161588,0 88.61504535010108,24.9397728691301,0 88.61496536800992,24.9398319694194,0 88.61485498293159,24.9399483892304,0 88.61475381886848,24.9401242072624,0 88.61465299652109,24.94027065613714,0 88.61457250739004,24.94037324370845,0 88.61451202357485,24.94046020944467,0 88.61441137171663,24.94059197453024,0 88.61431054761258,24.94073842321462,0 88.61419947141761,24.94091414426017,0 88.61408890061772,24.94104637777155,0 88.61399376147097,24.94113018307993,0 88.6138081345444,24.94132382294409,0 88.61371739205367,24.94145568341024,0 88.61354650632884,24.94166019744682,0 88.61333563443493,24.94189369533049,0 88.61314509597611,24.94208333277187,0 88.61290515431155,24.94225950113072,0 88.61269529903639,24.94240545797323,0 88.6125976669213,24.94249036838697,0 88.6124950126549,24.9425808795178,0 88.61228498605485,24.94274151947097,0 88.61204504737887,24.94291712128949,0 88.61180597014349,24.94301873650107,0 88.61158705054142,24.94309173937185,0 88.61137144498406,24.9430930396325,0 88.61117074538227,24.94309109411784,0 88.61102240821887,24.9430614142895,0 88.61072590553815,24.94298737051776,0 88.61050870456029,24.94291296454115,0 88.61032104649928,24.94285522486972,0 88.61004437399177,24.94278080734447,0 88.6097670220344,24.94276456048009,0 88.60960841839352,24.9427652810358,0 88.60932097742513,24.94276418621433,0 88.60919212705765,24.94276350054449,0 88.60906325710367,24.9427645087871,0 88.60881546073088,24.94276379828544,0 88.60870677555288,24.94273393618698,0 88.60857809035791,24.94271912978352,0 88.60838037030801,24.94267428202097,0 88.60829064938584,24.94271803296745,0 88.60816094122406,24.94279076746832,0 88.60806113092632,24.94284967197491,0 88.60790117433042,24.94296616968017,0 88.60778137660614,24.94303900005083,0 88.60766105776247,24.94315644842856,0 88.60760995763273,24.94328812503031,0 88.60760858407326,24.94340559893361,0 88.60765711654712,24.94349362026873,0 88.60768582714105,24.94358145010624,0 88.60768428186383,24.94371360857914,0 88.60763335337364,24.94383060061289,0 88.60755252547662,24.94396142335194,0 88.60751965425028,24.9440175881238,0 88.60749185005697,24.94406419985732,0 88.60742144188082,24.94415163118488,0 88.60726043983318,24.94435736359859,0 88.6070998006149,24.94453203358157,0 88.60701981707317,24.94459056464592,0 88.60685967884304,24.94472231032123,0 88.60669100354851,24.94473648567016,0 88.60656215754672,24.94473523345295,0 88.60632426151551,24.94473517873492,0 88.60609627655268,24.94473522083184,0 88.60585838048858,24.94473516627227,0 88.60565022516886,24.94473483501281,0 88.60547060716198,24.94483701836247,0 88.60541916647658,24.944997498229,0 88.60541745331085,24.94514377518157,0 88.60549503116233,24.94529082457471,0 88.60559329726942,24.94536408108555,0 88.6057906909204,24.94543717187218,0 88.60591954423043,24.94543786034649,0 88.60602823127209,24.94546772438361,0 88.60627569594476,24.94549724403919,0 88.60640420540507,24.94552730124974,0 88.60649272645473,24.9455863406553,0 88.60664021379465,24.94568888158992,0 88.60701362017957,24.94596815477627,0 88.60714965149178,24.94620275738466,0 88.60715733707363,24.94639318325775,0 88.60715579236783,24.94652534169662,0 88.60707392565092,24.94674483515024,0 88.60689396787444,24.94687582325891,0 88.60674424712245,24.94696417760838,0 88.60648533387416,24.94706559146243,0 88.60629613845283,24.94713887578819,0 88.60595895205275,24.94715254077951,0 88.60574088042286,24.94715211447214,0 88.60548316365247,24.94715130075293,0 88.60513623030045,24.94715074826855,0 88.60485869093203,24.94714974167725,0 88.60466043521866,24.94715007088931,0 88.60450184622175,24.94714909134938,0 88.60432342711867,24.94714848322615,0 88.60409596070724,24.94710390434454,0 88.6037770853879,24.94703527589304,0 88.60362135840172,24.94700156295833,0 88.60347267981597,24.94700067877031,0 88.60324470450827,24.94699958704745,0 88.60288682029405,24.94708760294962,0 88.60274616625107,24.94724777615319,0 88.60267489100448,24.9474086266238,0 88.60268343080948,24.94752563188677,0 88.60277109086249,24.94765809555857,0 88.60293925478163,24.94768797729716,0 88.60307750490088,24.94773281747557,0 88.60368114542392,24.94782060268433,0 88.60371451748749,24.9479333316735,0 88.60362864813928,24.9480708817991,0 88.60351840318384,24.9481737381565,0 88.60338868644331,24.94824646887566,0 88.60323914579287,24.94831900566233,0 88.60315915140451,24.94837809921249,0 88.60310900446154,24.94842788144784,0 88.60302875898272,24.94850843653144,0 88.60302754610515,24.94861179123166,0 88.60299643419943,24.94872897488584,0 88.60299455260939,24.94888937210123,0 88.60291284939049,24.94909417815477,0 88.60284191159271,24.94922622480672,0 88.60281113656352,24.94931460544032,0 88.60276038586204,24.94941578274043,0 88.60269866318203,24.94960722675928,0 88.60266635829117,24.94982607101777,0 88.60259559878112,24.94994286860977,0 88.60237940320621,24.94999329050769,0 88.60222882107199,24.94994324548082,0 88.60197213841614,24.94985375585713,0 88.60168552946129,24.94978035469885,0 88.60148779433861,24.9497360617252,0 88.60129439104747,24.94974490554279,0 88.60120016374454,24.94974963482586,0 88.60112957539434,24.9498517471922,0 88.60112819598243,24.94996922124746,0 88.60119516298977,24.95017547725494,0 88.60126146079169,24.95043877665649,0 88.60126024750541,24.95054213138056,0 88.60125888136727,24.95065847576876,0 88.60118845758413,24.95074646886751,0 88.60109839718821,24.9508184544797,0 88.60096866209759,24.95089231203502,0 88.60081911677869,24.95096484659673,0 88.60070921211968,24.95103833279009,0 88.60044925020034,24.95122784073347,0 88.6003492567168,24.95130142422535,0 88.60019919354113,24.95141801018311,0 88.60002860855268,24.95159370454449,0 88.5998581957809,24.9517547150339,0 88.5997474338803,24.95190105738178,0 88.59963615257738,24.95209145166244,0 88.599534962934,24.95226669358585,0 88.59947375781621,24.95241352015817,0 88.59945584838238,24.95246135692969,0 88.59937137262935,24.95269042272099,0 88.59936999068715,24.95280789681238,0 88.59943679047511,24.95302827382911,0 88.59961505223731,24.95304300670673,0 88.5997138330673,24.95307277927874,0 88.59985227415123,24.95310180883276,0 88.60005000870153,24.95314666898715,0 88.60023800980457,24.95317618236181,0 88.60048496483329,24.95325032996967,0 88.60058322820946,24.95332415391903,0 88.60058204071862,24.95342524932503,0 88.60058082599473,24.95352860404417,0 88.60057920702403,24.95366641002636,0 88.60057840410221,24.95373474819068,0 88.60049584421033,24.9540118455568,0 88.6004144771439,24.95418728221834,0 88.60029447841782,24.95427591966195,0 88.60012475210463,24.95437819310692,0 88.59999554389219,24.95440686836676,0 88.59981694232302,24.9544209390464,0 88.59964807232053,24.95445035517741,0 88.5995041551558,24.95446532960526,0 88.59925105318482,24.95449222801201,0 88.5990032257907,24.95449206401801,0 88.59887434957918,24.95449249877701,0 88.59876531028067,24.95449199815836,0 88.59857696830669,24.95449128603178,0 88.59833804945984,24.9545764997988,0 88.59826811375403,24.95462269808871,0 88.59818812608131,24.95468065958885,0 88.5980573610052,24.95484149011348,0 88.59797684224975,24.95494463405778,0 88.59787564710726,24.95511987503273,0 88.59777496387294,24.95525162832086,0 88.5976845448274,24.95535354568061,0 88.59758437903312,24.955441245958,0 88.5975139510047,24.95552923751948,0 88.59745326748664,24.95563144521264,0 88.59730232397187,24.95582201418489,0 88.59724181411973,24.9559095380916,0 88.59716163899033,24.95598331245058,0 88.59674287971413,24.95618707572517,0 88.59666254421877,24.95627440479001,0 88.59659229370055,24.95634714608831,0 88.59653177551884,24.95643523412395,0 88.59641160525726,24.95653798889104,0 88.59633126271832,24.95662588217122,0 88.59625092665274,24.95671321103761,0 88.59619057457415,24.95678717962151,0 88.59609041313624,24.95687431370993,0 88.59602016294781,24.95694705565841,0 88.59592974122576,24.95704897116075,0 88.59579931048545,24.95718099688604,0 88.5957191402594,24.95725420616456,0 88.59559862778457,24.95738576338661,0 88.59550820540089,24.95748767866035,0 88.59535760307547,24.95764887846168,0 88.59524718277942,24.95776528338903,0 88.59514701330885,24.95785298218205,0 88.59504684468621,24.95794068090311,0 88.59496667352521,24.95801388981578,0 88.59483606090066,24.95816116286651,0 88.5946955555327,24.95830664479,0 88.59454511785111,24.95845372361711,0 88.5943646152881,24.95862818465894,0 88.59419401886925,24.9588033077995,0 88.5939934976674,24.95899395301975,0 88.59381281358498,24.95918366244822,0 88.5936020386941,24.95940301318954,0 88.59339108965182,24.95963704827903,0 88.59323777647452,24.95981742355276,0 88.59317995978725,24.95988633209386,0 88.59296866880521,24.96014916970374,0 88.59282746411472,24.96035338672189,0 88.59269443744179,24.96070454329584,0 88.59274140479276,24.96092472924126,0 88.59281828972676,24.96112995840418,0 88.59291395906753,24.96142348669827,0 88.59300858823323,24.96180512167645,0 88.59307504140826,24.96205430557212,0 88.5930929652459,24.96221546250286,0 88.59311294713021,24.96241222444291,0 88.59311976768856,24.9624642570998,0 88.59316639639435,24.96271324673469,0 88.59319371281778,24.96291855363859,0 88.59320051049188,24.96318240300953,0 88.59319860950717,24.96334336483075,0 88.59319583387823,24.96357831317954,0 88.59319254462565,24.96385675007076,0 88.59318960978855,24.96410525244712,0 88.59313588241386,24.96445718866437,0 88.59310406227583,24.96463310822659,0 88.59304146989719,24.96489627620291,0 88.59292809743576,24.96526174739308,0 88.59282461739491,24.96562901143933,0 88.59268916211293,24.9661851836877,0 88.59262621373874,24.966478285119,0 88.59251163111925,24.96694598121409,0 88.59239737393941,24.96738600386727,0 88.59223234221416,24.96792776420573,0 88.59209774992263,24.96841051478357,0 88.59201463176873,24.96873222478051,0 88.59192141342956,24.96906965185876,0 88.59183846802016,24.96937667807201,0 88.59174584864662,24.96966327423007,0 88.59157289545536,24.97003606746217,0 88.59154158523516,24.97016849821767,0 88.5914701213033,24.97034289829912,0 88.59138054689355,24.97037195469611,0 88.59125131309462,24.97040118670832,0 88.59110224524466,24.97043078771923,0 88.59094293664694,24.97048796567008,0 88.59068463456001,24.97053230862358,0 88.59048635436804,24.97053148844869,0 88.59017901276634,24.97053072528428,0 88.59008943886379,24.97055978091454,0 88.58975450833029,24.97058642258647,0 88.58945440189544,24.97060267412652,0 88.58931560738127,24.97060187359868,0 88.58908757973774,24.97060132312561,0 88.58882980583343,24.97060104466469,0 88.58857203852206,24.9706002013816,0 88.58829443053823,24.97060029166565,0 88.58800692254262,24.97059915438428,0 88.58772932872125,24.9705981139492,0 88.58741240928919,24.97056900806025,0 88.58708577733189,24.97052286009935,0 88.58675895819928,24.97049252569085,0 88.58642221272352,24.97046322180874,0 88.58608512554869,24.97046272113856,0 88.58571847196778,24.97044724154262,0 88.58541165490035,24.97040241549918,0 88.58507457438228,24.97040134725237,0 88.58468791353556,24.97040091893389,0 88.58425169222315,24.97039943522295,0 88.58386503887709,24.97039843947602,0 88.58351839402091,24.97036790164854,0 88.58317138687669,24.97036786104652,0 88.5831118999855,24.97036783821668,0 88.58289379307985,24.97036681156271,0 88.58261670987531,24.97032283817909,0 88.58234956094915,24.97027726709591,0 88.5822017077257,24.97020463472185,0 88.58204983383193,24.9700534474687,0 88.58195700825247,24.96993899501331,0 88.58189908936835,24.96980737779506,0 88.58182168612797,24.96964676091427,0 88.58173455133412,24.96947079623178,0 88.58160863907037,24.96922101780979,0 88.58146376073636,24.96889875087248,0 88.58140724121942,24.96864965976189,0 88.58134029114662,24.96844395764774,0 88.5812444695773,24.96816510482479,0 88.58110029388966,24.9677841014449,0 88.58095700102162,24.96732911107772,0 88.58088152515361,24.96700696675223,0 88.58088571810515,24.96665510915567,0 88.58088746105425,24.96650883141817,0 88.58099826015767,24.966362503414,0 88.58110782752078,24.966319530549,0 88.58128628250024,24.96631960256116,0 88.58146474311715,24.96631910908994,0 88.58166284145169,24.96633462629172,0 88.58192999486994,24.96637906850329,0 88.58223715043512,24.9663945338941,0 88.58245524373665,24.96639612623344,0 88.58267283964254,24.96643951199824,0 88.58293025526166,24.96646916996641,0 88.58315827481505,24.96646972936034,0 88.58336645429634,24.96647122263399,0 88.58361430723546,24.96647141237928,0 88.58383207046781,24.96650067706414,0 88.58407990352441,24.96650256096646,0 88.58428811050663,24.96650179272231,0 88.58457560837537,24.96650293767192,0 88.58488346180397,24.96645966080292,0 88.58513148230072,24.96644572865972,0 88.58549829068372,24.96644709004577,0 88.58588493142186,24.9664480812557,0 88.58630132499474,24.96644823436984,0 88.58673840947846,24.96637572611305,0 88.5869474668599,24.96630322773091,0 88.58715704732109,24.9661866760594,0 88.58730767157515,24.96602548548424,0 88.58740871702459,24.96586493537854,0 88.58739114230508,24.96567497440382,0 88.5873427892811,24.96557226088257,0 88.58723530110952,24.96544015676355,0 88.58694155229411,24.96513055009745,0 88.58683406495746,24.9649984465437,0 88.58671647668017,24.9648820587972,0 88.58655978106496,24.96471953203575,0 88.58635402400381,24.9645141584792,0 88.58612878407693,24.96427978550865,0 88.58593294116514,24.96407450883135,0 88.5856482324122,24.96383898350452,0 88.5855000509566,24.96379459278475,0 88.58532125785277,24.96382332965866,0 88.58517237142931,24.96383824067819,0 88.58508280092539,24.9638672931385,0 88.58493340348497,24.9639251264156,0 88.58475410766904,24.96399622162332,0 88.58457493864604,24.96405658533133,0 88.58443546104546,24.96411395139085,0 88.58422657345062,24.96417232678371,0 88.58409716948411,24.96421623611833,0 88.58394759759774,24.9642887530881,0 88.58373836700196,24.96437593094346,0 88.58363852628621,24.96443481855852,0 88.5834786853375,24.96453717015315,0 88.58334910610709,24.9645957626185,0 88.58316979405031,24.96466798567145,0 88.58293046803873,24.96478480201005,0 88.58262103822001,24.96496079826671,0 88.58236154840962,24.96510565605267,0 88.58207229864657,24.96525191402922,0 88.58173401603545,24.96535306395211,0 88.5813559047326,24.96546850368164,0 88.58100768708671,24.96557124819644,0 88.5806497451474,24.96565807878492,0 88.58024239808131,24.96573086390374,0 88.5797560976097,24.96577349220402,0 88.5793887530035,24.96581729931814,0 88.57908126203829,24.96583006674161,0 88.57884332378049,24.96582996649355,0 88.57854591500609,24.96582871233658,0 88.57820884043147,24.96582819319035,0 88.5779416901473,24.96578374416071,0 88.57769384567233,24.96578297870568,0 88.57738669263428,24.96576750382327,0 88.57720895470119,24.9657075604996,0 88.57701035637429,24.96552653262328,0 88.57695433545081,24.96544407353189,0 88.57689643751033,24.9653113251689,0 88.57685851967932,24.96516578336006,0 88.57686062582688,24.96498957165309,0 88.57686289302481,24.9647998067335,0 88.57691439436987,24.96463820701961,0 88.57697650303668,24.96441853379543,0 88.57700728762342,24.96433128812806,0 88.57705983393586,24.96408214825765,0 88.57721046956682,24.96392096823928,0 88.57730144565107,24.96377444655642,0 88.57737258849498,24.96362829295523,0 88.57740337929312,24.96354048193957,0 88.57748408499678,24.96342379577819,0 88.57748531197541,24.96332100570181,0 88.57748653994737,24.96321821561367,0 88.57749038486386,24.96289629213223,0 88.57749178813994,24.96277881825704,0 88.57749353532226,24.96263254029141,0 88.57749545780366,24.96247157854089,0 88.57749208625506,24.96233880608649,0 88.57748817552942,24.96225121644241,0 88.57749044195053,24.96206145059316,0 88.57749236447103,24.96190048883102,0 88.57749430032916,24.96173839740668,0 88.57746666725262,24.96156189127726,0 88.57738186587156,24.9611916405584,0 88.57732442704223,24.96102048736804,0 88.57727748879202,24.96080029609066,0 88.57716166865205,24.9605370585863,0 88.57700691509727,24.96021355985661,0 88.57678433314184,24.95975890815643,0 88.57673599232787,24.95965619145553,0 88.57668923118121,24.95942131608529,0 88.57662228042663,24.95921674244817,0 88.57656525654811,24.95901113639416,0 88.57651936650059,24.95870340543002,0 88.57651295704332,24.95841018668192,0 88.57651562379452,24.95818709972504,0 88.57651698718358,24.95807301383235,0 88.57655110388728,24.95770676891915,0 88.57657530257173,24.95734098924827,0 88.57660840748964,24.95705945989894,0 88.57664161335344,24.95676945943232,0 88.57664353631354,24.95660849753144,0 88.5766627518713,24.95645222635755,0 88.57667643789424,24.95634391218848,0 88.57674067682214,24.95615306746367,0 88.57675871203493,24.95609563310155,0 88.57684011453019,24.95592020949915,0 88.57694204249074,24.95568624614925,0 88.57702205476593,24.95562716679154,0 88.57710205362733,24.95556921705425,0 88.57719197112152,24.95551080107319,0 88.57737128550276,24.95543745688141,0 88.57749041287379,24.95542338930954,0 88.57773387262608,24.9553744042187,0 88.57795701663463,24.95536645196864,0 88.57818467033442,24.95539582321718,0 88.57831335908483,24.95541122068418,0 88.57857039959926,24.9554702550059,0 88.57883700203226,24.9555587554165,0 88.57913264042998,24.95570628732295,0 88.57938863126334,24.95585342469811,0 88.57944993577125,24.95590825813073,0 88.5795357507162,24.95598592754125,0 88.57976096169561,24.95622031030459,0 88.5799755480294,24.95651446218755,0 88.58007276491819,24.95667527586697,0 88.58016945609208,24.95688014352638,0 88.58024631761891,24.95708537863864,0 88.5803426528194,24.95732017898231,0 88.58043968161118,24.95749680670024,0 88.58045810627637,24.95761447643026,0 88.58053654239043,24.95768755373627,0 88.58066454062164,24.95776112156642,0 88.58079271491886,24.95782000549233,0 88.58094071941356,24.95787851986301,0 88.58103915629924,24.95793710892333,0 88.58119689175081,24.95801097088996,0 88.58130557750599,24.95804141886932,0 88.58150331947286,24.95808573921637,0 88.58170088676053,24.9581447439669,0 88.5819382779561,24.95818945607104,0 88.58219601805285,24.95819031214491,0 88.58252299096598,24.9582048430611,0 88.58268107695099,24.95824933495786,0 88.58286943805784,24.95824893817323,0 88.5829883935572,24.95824954985785,0 88.58316735303113,24.95820613148042,0 88.58329656896278,24.95817747226775,0 88.58342596606272,24.95813356300029,0 88.58355588120509,24.95804616670512,0 88.58367606515475,24.95794342262773,0 88.58384666944752,24.95776887702731,0 88.58406842588349,24.95746096829706,0 88.58419991618597,24.95724084876593,0 88.58439174004958,24.9569490243094,0 88.58454305447906,24.95672909988359,0 88.58465418233337,24.95655396558404,0 88.58486617616735,24.95623296753235,0 88.58498670616044,24.95610085409297,0 88.58511714696672,24.95596883912456,0 88.58527748572629,24.95582356194502,0 88.58543836052186,24.95563310277574,0 88.58557922220143,24.95545826164717,0 88.58567975136677,24.95534063714483,0 88.58580914558081,24.95529672596738,0 88.58593784141893,24.95531155242468,0 88.58609522179248,24.95541534202584,0 88.58623261637972,24.95553249041154,0 88.58641888287301,24.95570829978129,0 88.58661452497479,24.95592938916102,0 88.58680061741119,24.95611988265133,0 88.58697730769184,24.95626735496007,0 88.58717349407223,24.95644269641404,0 88.5873501918704,24.95658960294976,0 88.58757679984664,24.95670763004917,0 88.58772462605378,24.95678138660405,0 88.58813958673055,24.95689957412089,0 88.58845594134561,24.95697329584679,0 88.58855472213666,24.95700307579659,0 88.58886168036864,24.95703321057738,0 88.58903977250732,24.95706264144129,0 88.58926708511838,24.95712136380624,0 88.58945473518153,24.95718082517879,0 88.58968187429731,24.9572542306235,0 88.58988952385312,24.95729920235165,0 88.59021561205559,24.95738826656303,0 88.59068066638601,24.9574623167763,0 88.59092884137664,24.95743369034707,0 88.59111771507203,24.95738979457549,0 88.59132710198182,24.95728792157739,0 88.59142691896905,24.95723015888229,0 88.59153735677559,24.95711262696088,0 88.59160831197929,24.95698058589725,0 88.59160987376305,24.9568484278568,0 88.5916115903684,24.95670327920483,0 88.59157402480484,24.95652667933043,0 88.59151628230715,24.95637981682636,0 88.59146827075948,24.95624830143128,0 88.59132234607257,24.95601358571396,0 88.59119487161375,24.95589540988343,0 88.59112634177451,24.95582243659002,0 88.59101869733455,24.95570389071014,0 88.59094042281839,24.9556166998074,0 88.59084249717236,24.95551462970411,0 88.59077432185524,24.95541172257636,0 88.5907164127576,24.9552789799388,0 88.59067780081355,24.95519104919906,0 88.59064944082944,24.9550744126437,0 88.59065083095273,24.95495693825512,0 88.59065222109163,24.95483946476762,0 88.59070335786083,24.95470666428318,0 88.5908344670341,24.95451760103181,0 88.59086265371266,24.95443936436046,0 88.59089602340028,24.95434197440829,0 88.59092784395392,24.95416605597338,0 88.59092992881126,24.95398984483713,0 88.59085426076098,24.95368239056572,0 88.59078607993445,24.95358004864859,0 88.5907278176538,24.9534772386951,0 88.59063024814334,24.95334523557708,0 88.59050329858931,24.95318300592364,0 88.59037616797693,24.95303602607387,0 88.59024903105592,24.95288961047428,0 88.58992572913712,24.9525661629909,0 88.58982781445947,24.9524635276317,0 88.58974972245257,24.95236108781375,0 88.58960363304949,24.95214105544493,0 88.58955528419011,24.95203834229212,0 88.58947840453401,24.95183367773988,0 88.58936258637831,24.95156875537608,0 88.58923806055525,24.95120207532108,0 88.58912361549891,24.95082137312347,0 88.58904761956474,24.95054215713918,0 88.58900269372458,24.95035983552889,0 88.58897196537406,24.9502341370613,0 88.58897369868843,24.95008785941332,0 88.58897611376665,24.9498839746182,0 88.5890084649084,24.94966343987893,0 88.58907037550941,24.94945788111869,0 88.58918131686927,24.94929742856977,0 88.58933173654945,24.94915148489218,0 88.58948199516858,24.94901909607449,0 88.58969170904089,24.94888842189729,0 88.58982144941982,24.94881457391927,0 88.59009011725944,24.94872797202374,0 88.59046748475332,24.94867011633771,0 88.59078502802768,24.9486416087281,0 88.59107282356605,24.94861393647094,0 88.59133123770283,24.94855603913244,0 88.59151036672779,24.94849679630682,0 88.5918386823128,24.9483955266978,0 88.5919381514082,24.94836656706539,0 88.59215761339266,24.94824954178382,0 88.59230699313569,24.94819113608311,0 88.59249636647547,24.94810375059102,0 88.59262592307937,24.94804514931295,0 88.59287493779341,24.94794366357124,0 88.59303336813481,24.9479582104321,0 88.59318170042994,24.9479884742771,0 88.59335021570801,24.94798843329773,0 88.59344968407956,24.94795947359059,0 88.59354967178236,24.94788645992063,0 88.59370982993168,24.94775472859553,0 88.59384007168413,24.94763795485891,0 88.5939104992636,24.94754996502863,0 88.59397100124337,24.9474630086493,0 88.59405099875902,24.94740391985012,0 88.59418124080094,24.94728714493078,0 88.59433113845012,24.94718468429858,0 88.59446155995673,24.9470526610485,0 88.59453444408111,24.94696638993553,0 88.59467265062834,24.94680450590602,0 88.59480306476962,24.94667304586167,0 88.5950132952173,24.94649774635469,0 88.59523291748799,24.94636659656632,0 88.59543271582446,24.94623525249472,0 88.59574207198435,24.94605979409467,0 88.59587179799341,24.94598650553093,0 88.59608115986445,24.94588462596809,0 88.59625053126868,24.94581172579708,0 88.59649953825274,24.94571023343289,0 88.59663934114148,24.94562292272037,0 88.59676959199371,24.94550501607052,0 88.59689009694709,24.94537289307917,0 88.59698084845347,24.94524217334309,0 88.59705161100069,24.94512537821842,0 88.5971025501802,24.94500839020015,0 88.59714444998423,24.9448173186826,0 88.5971463394262,24.94465692198481,0 88.59715014364762,24.94433386837894,0 88.59710386030663,24.94405551293209,0 88.59705585408828,24.94392343482199,0 88.59700905950703,24.9436885670041,0 88.5969326966254,24.94343928820518,0 88.59680745839215,24.94313191680721,0 88.59675979912146,24.9429704701947,0 88.59672205094198,24.94280912048163,0 88.5966742056393,24.94266348720657,0 88.59659871642275,24.94234022240718,0 88.59652286820825,24.94204745645744,0 88.59645675909468,24.94176947110676,0 88.59634163333479,24.94144525392538,0 88.59616874126512,24.94097643485809,0 88.59601533133322,24.94053661436889,0 88.59587218735003,24.94006695696788,0 88.59582486960696,24.93987670678484,0 88.59577634786507,24.93978868014869,0 88.59572851822165,24.93964191764679,0 88.59563026231839,24.93956865495757,0 88.59545236780551,24.93952454790101,0 88.59534334255022,24.93952404410789,0 88.59521448930259,24.93952391053788,0 88.59506512133153,24.93958231953532,0 88.5949554026368,24.93964055223512,0 88.59472588941281,24.93977103968278,0 88.59450662562345,24.93987281987899,0 88.59433708197204,24.93996096678259,0 88.59415746048739,24.9400631357672,0 88.59394826670624,24.94015145820147,0 88.59368969790202,24.94022404476473,0 88.59350035240251,24.94031030244796,0 88.59330141453215,24.94036935187013,0 88.59311257499574,24.94041268569606,0 88.59291364434316,24.94047117022938,0 88.59280427096604,24.94050003302288,0 88.59264499637014,24.94055777722696,0 88.59248554799224,24.94063020592237,0 88.59226609480847,24.94074779637489,0 88.59210663933783,24.940820789063,0 88.59194718367156,24.94089378158903,0 88.59176774566367,24.94098013443256,0 88.59162757782246,24.9410985029705,0 88.59150777245975,24.94117131974108,0 88.59142762356375,24.94124339680357,0 88.59140973114255,24.94128953782423,0 88.59137649228707,24.94137619745302,0 88.59137459613933,24.9415365936011,0 88.59133025746949,24.94193324283425,0 88.59117167441411,24.94193224875907,0 88.59099326392148,24.94193162426493,0 88.59084371043123,24.94200527738798,0 88.59066477828942,24.94204870468279,0 88.59049616415267,24.9420577785871,0 88.59035699646023,24.94209142975107,0 88.59017736841838,24.94219359422362,0 88.59004782971138,24.94225106351197,0 88.58993339881901,24.94228834624609,0 88.58978924165653,24.94232477235864,0 88.5893706918195,24.94251382885753,0 88.58928587889177,24.94256100591711,0 88.58916114876781,24.94263094806537,0 88.58890188299458,24.94276169826468,0 88.5886330462033,24.94286354652888,0 88.58853866428638,24.94288182165521,0 88.58840454370738,24.94290761263882,0 88.58793798675792,24.94296514914744,0 88.58770966457224,24.94299396516132,0 88.58740153720616,24.94306548744903,0 88.58731459453809,24.94308326992102,0 88.58704382787364,24.94313877970264,0 88.58665639063034,24.94321121216959,0 88.58608167535063,24.94319481127797,0 88.58582430907374,24.94316515901458,0 88.585438957653,24.94306194284587,0 88.58508386897769,24.9429144021269,0 88.58475799245836,24.94281120681939,0 88.58464729126237,24.94274289690574,0 88.58442342551675,24.94260512383703,0 88.58434552009015,24.94248799582546,0 88.58427737111815,24.94238395707401,0 88.58419980190899,24.94223859014971,0 88.5841323307468,24.94207750840403,0 88.58402592220888,24.94185673327416,0 88.58400731514051,24.94175431197663,0 88.58395967395778,24.94159286127787,0 88.58393237762169,24.94138755385342,0 88.58391516789079,24.94116765949304,0 88.58391987372121,24.9407717506961,0 88.58392247915874,24.94055261716451,0 88.5839171062777,24.94017073086875,0 88.58392196698358,24.93976183226762,0 88.58395728506882,24.93929223161209,0 88.58396303134897,24.93880878344289,0 88.58392965247469,24.93828145526022,0 88.58393470138428,24.93785674310739,0 88.58390931998507,24.93749047453829,0 88.5838736722561,24.9371540401148,0 88.58381891477015,24.93675754429455,0 88.5837050375743,24.93633165740431,0 88.58354107156356,24.93595046229641,0 88.58341013325641,24.93612596408074,0 88.58332996351902,24.9361997300303,0 88.58323988888317,24.93627283462779,0 88.58304114172806,24.93631605681089,0 88.58293211879641,24.9363155428872,0 88.58255688396576,24.93619716857213,0 88.58239986151784,24.9360657018513,0 88.5822039103958,24.9358739756746,0 88.58220530178484,24.93575706688358,0 88.58219729975069,24.93559657223021,0 88.58217975140519,24.93540548235947,0 88.58218376413573,24.93506831101047,0 88.58218514892461,24.93495196658619,0 88.5821768182015,24.93481914638511,0 88.58217821631875,24.93470167319852,0 88.58213092289925,24.93451141828236,0 88.58212415772498,24.93424700454606,0 88.58208851630053,24.93391057107455,0 88.58206384049647,24.933485565547,0 88.58195953996703,24.93308857878839,0 88.58200090911483,24.93294382375706,0 88.5818531162908,24.93287006061133,0 88.58175435647257,24.93284027689794,0 88.58162551713154,24.93283956593429,0 88.58140712264145,24.93286847033486,0 88.58127792659842,24.93289769289476,0 88.58107917063978,24.93294204190721,0 88.58084043683789,24.93301423656422,0 88.58074080274336,24.93305787217086,0 88.58061143122602,24.93310177799108,0 88.58050171929317,24.93315943484125,0 88.58038225781266,24.93320343851304,0 88.58021272729714,24.93329043977725,0 88.58003327861576,24.93337790627446,0 88.5798637409338,24.93346547154312,0 88.57970410561536,24.93355369911401,0 88.57954465958829,24.93362611302578,0 88.57944503116292,24.93366918252647,0 88.57926557469428,24.93375721343093,0 88.57918558572776,24.93381572901186,0 88.57909082503645,24.93386619016288,0 88.57894099128701,24.93396355150437,0 88.57881607455133,24.93404929841832,0 88.57866582974515,24.93418111109271,0 88.5785256836008,24.93429720740432,0 88.57837561352879,24.93441433598216,0 88.57823545251988,24.93453156171676,0 88.57808538855924,24.93464812564622,0 88.57781603567166,24.93479400552536,0 88.57756719699159,24.93488191046961,0 88.57735818928943,24.93495439449072,0 88.57722882113539,24.9349977331389,0 88.57701927884976,24.93511483350053,0 88.57690920566151,24.93520242081286,0 88.57672851731414,24.93539323748617,0 88.57656803378373,24.93555205917547,0 88.57641935047526,24.93555284129921,0 88.57629015022474,24.93558205881596,0 88.57610148724305,24.93561068628243,0 88.5758039648109,24.93562523925295,0 88.57556857854752,24.93562402919124,0 88.57546698951315,24.93562358376028,0 88.57531831941979,24.93562323602872,0 88.57502559012649,24.93565139126478,0 88.57487160606274,24.93568092641483,0 88.57471302540162,24.93568047877221,0 88.57458452767206,24.93565095855272,0 88.57441655730376,24.93560692410605,0 88.57428824122091,24.93556215450403,0 88.57419939216243,24.93553246334105,0 88.57392310396425,24.93542917158235,0 88.5738342952144,24.93539609210251,0 88.57372574689265,24.93535603760392,0 88.57346946289402,24.93523769279689,0 88.57318308854551,24.93514898586237,0 88.57285724990219,24.9350451985168,0 88.57249210884406,24.93491277721187,0 88.57211722652721,24.93476613691117,0 88.57163421255684,24.93454498784107,0 88.57147738706928,24.93439825974884,0 88.5713308380675,24.93422113272907,0 88.5711060439293,24.93395680349868,0 88.57110745359412,24.93383933077965,0 88.57109892515135,24.93372401783163,0 88.57109078265638,24.93357651253624,0 88.57106280620826,24.93342993866153,0 88.57106614563239,24.93315150510553,0 88.57106825253376,24.93297585949549,0 88.57110044929028,24.93277057777944,0 88.57110361917513,24.93250626278653,0 88.57110606510476,24.93230237909585,0 88.5710600298918,24.93200876646322,0 88.57094690731263,24.93152413350439,0 88.57083394856895,24.93102594527829,0 88.57077887820769,24.93065937789103,0 88.5707145898938,24.93023510501795,0 88.57051672940632,24.93020488817506,0 88.57038841453817,24.93016068011292,0 88.57029957693909,24.93013042198566,0 88.57007197222225,24.93010103801187,0 88.56995321588205,24.93008629695534,0 88.56986435830228,24.93005773260847,0 88.56974543134803,24.93005711088928,0 88.56950792452353,24.93002706197447,0 88.56918086130561,24.93002662085449,0 88.56904211529314,24.93002580004132,0 88.56881417237081,24.93002465311144,0 88.56866551533281,24.93002373312481,0 88.56847684596262,24.93005347938005,0 88.56827827318197,24.93008256215095,0 88.56817881402102,24.93011150467582,0 88.56791121731139,24.93011108963246,0 88.56773229441671,24.9301544889743,0 88.56753390459806,24.93016832069367,0 88.56726543871429,24.93024019606911,0 88.56703712838657,24.93026954388587,0 88.56665060491022,24.93026850171448,0 88.56649203168446,24.93026804496853,0 88.56613576103132,24.93022381202939,0 88.56572941747767,24.93022256943907,0 88.56513512434026,24.93019120074813,0 88.56498486284316,24.93032356364328,0 88.56487585319869,24.93032247183818,0 88.56474700225341,24.93032287581138,0 88.56459834563911,24.93032195177194,0 88.56445957887533,24.93032282075651,0 88.56433039502981,24.93035089811234,0 88.5642013747041,24.93036542112467,0 88.56407252367769,24.93036582451678,0 88.56390404684171,24.93036470058899,0 88.56379503712412,24.93036360799433,0 88.56363627976248,24.93037839740499,0 88.56347753581342,24.93039205607699,0 88.56334850857101,24.93040714364325,0 88.56316940615133,24.93046522060678,0 88.56299031128647,24.9305227329694,0 88.56279120439494,24.93059586025082,0 88.56260218557361,24.9306544026011,0 88.56235369923493,24.93071291265255,0 88.56214504282485,24.93075600583033,0 88.56192612251756,24.93082836815169,0 88.56169746917006,24.93088594694758,0 88.56146897946041,24.93092997025481,0 88.56124050207059,24.9309728635604,0 88.56093272523742,24.93101665484686,0 88.56061539870664,24.93103041211994,0 88.56022887292245,24.93102935338985,0 88.55981261669118,24.93102799447333,0 88.55937651986237,24.93102812863154,0 88.55913893163002,24.93100484027463,0 88.55906963603123,24.93099793030268,0 88.5588422312929,24.93095215021957,0 88.55869427764698,24.93089304809667,0 88.55835729488081,24.93089304729151,0 88.55827871234243,24.93083464230544,0 88.55813289803258,24.93059876536359,0 88.55793875235597,24.93026185958024,0 88.55778390487671,24.92995359085955,0 88.55770745607826,24.92971897652729,0 88.55763047410301,24.9295284148399,0 88.55759367166266,24.92929363434986,0 88.55752677122192,24.92908905260827,0 88.55749971578098,24.92886792590871,0 88.55747210562394,24.92869254687331,0 88.55742627643227,24.92838481049159,0 88.55729513021521,24.92857497213004,0 88.55717566470094,24.92861895649203,0 88.55703620228401,24.92867742544782,0 88.55691673656897,24.92872140961087,0 88.5568073654284,24.92875024499554,0 88.55667800411841,24.92879299965571,0 88.55649925732504,24.92882170075923,0 88.55632085188331,24.92882216254824,0 88.55621184326617,24.92882106433535,0 88.55593487423634,24.92877647430902,0 88.55574727786937,24.92871753464851,0 88.55556959261017,24.92865869445212,0 88.55542146503828,24.92861427279857,0 88.55527350890418,24.9285557314301,0 88.55516521300146,24.92849589574739,0 88.55509672154319,24.92842290561978,0 88.55492081080462,24.92821778771145,0 88.55468650359848,24.92792453066798,0 88.55458935904799,24.92776257012523,0 88.55452124410577,24.92765851683728,0 88.55446283381708,24.92757150660532,0 88.55438603648152,24.92736625802578,0 88.55433791408292,24.92724828555965,0 88.554251015562,24.92705875160332,0 88.55421263077392,24.92695499757086,0 88.55407760978206,24.92664749003984,0 88.55398116568676,24.92642792284336,0 88.55392366140038,24.92626636197943,0 88.55384705096489,24.92604586466221,0 88.55377963732202,24.9258842038724,0 88.55366319764626,24.92567912064127,0 88.55358533975397,24.92556141175551,0 88.55350747622705,24.92544426809753,0 88.55335069202683,24.92529695564174,0 88.55318399174396,24.92515010839638,0 88.55302737313625,24.92498924126747,0 88.55287006259439,24.92488541573987,0 88.55265309558607,24.92479736759303,0 88.55256425983123,24.92476766374932,0 88.5524161321044,24.9247238040854,0 88.55228765107069,24.92469426376931,0 88.55208998208145,24.92464933780522,0 88.55193195178497,24.92460481238908,0 88.5516456194344,24.92451606284569,0 88.55151731154305,24.92447240224896,0 88.55130776979877,24.92458890070018,0 88.55118848525457,24.92461819621798,0 88.55112813522692,24.92469101499576,0 88.55096903327293,24.92473459328813,0 88.55084974750459,24.92476388855518,0 88.5507201956497,24.92482245161061,0 88.55061047658738,24.92488008501476,0 88.55048110319578,24.92492396389755,0 88.55030146741487,24.92502607724859,0 88.55014236470666,24.92506965559405,0 88.55004290454585,24.92509858513827,0 88.54983371783403,24.9251857136699,0 88.5497241768044,24.92522866247615,0 88.54959480269734,24.9252725406202,0 88.54946524965665,24.92533110173229,0 88.54931551939735,24.92541883130357,0 88.54920543460314,24.92550639697426,0 88.54905534619579,24.92562349426222,0 88.54894526103308,24.92571105975605,0 88.54886508285777,24.92578424264067,0 88.54870366054077,24.92601814688063,0 88.54863286184585,24.92613491739835,0 88.54854062047865,24.92638477299144,0 88.54841742397133,24.92673485735328,0 88.54837510150624,24.92695471714551,0 88.54832144526868,24.92729138507153,0 88.54830652483898,24.92770243992164,0 88.54830117103623,24.92814183413541,0 88.54824626062587,24.92858129078115,0 88.54819349835958,24.92884453784704,0 88.5481378438006,24.92914164674429,0 88.54807912724158,24.92928339226238,0 88.5479485022507,24.9294294926511,0 88.54780974325681,24.92942978078556,0 88.54763133729136,24.92943023220255,0 88.54750250874912,24.92942892623539,0 88.5472250033345,24.92942837188026,0 88.54693723745527,24.9294565202871,0 88.54680820929848,24.92947159176448,0 88.54659954926731,24.9295146633267,0 88.54648062383593,24.92951402208116,0 88.54626222688245,24.92954287234533,0 88.54604418822464,24.92954235432073,0 88.54577641322848,24.92955658252005,0 88.54548846046433,24.92959997653385,0 88.54521096227285,24.92959885404887,0 88.54480462157927,24.92959755152611,0 88.54446747672976,24.92961107252751,0 88.54418959907997,24.92964101019314,0 88.54385210285156,24.92968333340777,0 88.54348415125392,24.92978465469074,0 88.54317547217293,24.92990182764062,0 88.54285671745629,24.93003245463427,0 88.54270200741554,24.93012125605235,0 88.54257724227209,24.93019285221012,0 88.54234714320049,24.93036787279447,0 88.54213687058655,24.93054252897512,0 88.54194569113531,24.93077668833573,0 88.54171379295558,24.93109854896468,0 88.54157198222099,24.93134789687667,0 88.54142063484876,24.93156664542681,0 88.54128945913315,24.93175679154844,0 88.54111809681149,24.93199115219297,0 88.54101790956862,24.9320788120755,0 88.54098710098771,24.93216661406678,0 88.54080457441523,24.9325030973772,0 88.54069484372064,24.93256072397217,0 88.54057536776556,24.93260469456689,0 88.54039589220534,24.93269211189402,0 88.54023622921318,24.9327802957654,0 88.54012613720666,24.93286728908626,0 88.54001396224244,24.9329220665136,0 88.53994665310114,24.93295527120254,0 88.53984701184338,24.93299831303897,0 88.53975691317783,24.93307138978697,0 88.53963707646729,24.93314472768422,0 88.53955688793427,24.93321790508289,0 88.53939687737504,24.93333432645325,0 88.53931669542742,24.93340693934663,0 88.53897647850074,24.93367007663958,0 88.538796279043,24.93381622911604,0 88.53856598678361,24.93400592747824,0 88.53834523821641,24.93422565966366,0 88.53805422178384,24.93451753940509,0 88.5378039259427,24.93472171897857,0 88.53756353391078,24.93492656343658,0 88.53728350581747,24.93513043770564,0 88.53701338734476,24.93533441331903,0 88.53669315373391,24.93558362895654,0 88.53652322680382,24.93569994653121,0 88.53636302294618,24.93583161330208,0 88.53623236921553,24.93597826778479,0 88.53614137721726,24.93612363295388,0 88.53603992058788,24.93631407881036,0 88.53598837562437,24.9364756633665,0 88.53598694645098,24.93659200674511,0 88.53593450633734,24.93682644609045,0 88.53590314315733,24.93695886457281,0 88.53586503505498,24.93723694350475,0 88.53583726690526,24.93748010790502,0 88.53583485830532,24.93767608415679,0 88.53580169696406,24.93795477931981,0 88.53579971870222,24.93811574003514,0 88.5358143192079,24.93854065248834,0 88.53589073161723,24.93877527954553,0 88.53601687690468,24.93899572746165,0 88.53615329517315,24.93918690908011,0 88.53633909966609,24.93939215150904,0 88.53658364902323,24.93965673808028,0 88.53676043256758,24.93978958677641,0 88.53698715307242,24.93989187953003,0 88.53709528375923,24.93996528352787,0 88.53717294630513,24.94009825045939,0 88.53719133928627,24.94021479645414,0 88.53723893043211,24.94037513367553,0 88.53726702688236,24.94050872390401,0 88.53728451810984,24.9406986899129,0 88.53728163318195,24.94093363672982,0 88.53727225828497,24.94109169767875,0 88.53724866170194,24.94119708268889,0 88.53719640960753,24.94141627392635,0 88.53716523494732,24.94153344328249,0 88.53705332233113,24.9417678418767,0 88.53692231586724,24.9419427354576,0 88.53681130461047,24.94210371295765,0 88.53671039126711,24.94224954201313,0 88.53662964672051,24.94236733543238,0 88.53657900275719,24.94245549920899,0 88.53652837243698,24.94254253329461,0 88.53649719592413,24.94265970254793,0 88.53649521884429,24.94282066313481,0 88.53656136982251,24.94308399222839,0 88.53656010016493,24.94318734555953,0 88.53655703967755,24.94343641108023,0 88.53652478145932,24.94364168526113,0 88.53647378228879,24.94375865264723,0 88.5363442094109,24.94381663815696,0 88.53614596725591,24.94381630782672,0 88.53601657446946,24.94385960905546,0 88.53588752852866,24.94387467093707,0 88.5355990097885,24.94396096806889,0 88.53541012956502,24.9440053550843,0 88.53513170182423,24.94407706923459,0 88.53482351934935,24.94415017201796,0 88.5345671756687,24.94423962091934,0 88.53416573024859,24.94444055397302,0 88.53408570406458,24.94449960920869,0 88.53390602514604,24.94460170274825,0 88.53369823829391,24.94457133389667,0 88.53357947158877,24.94455656251149,0 88.53334283453158,24.94445416285519,0 88.53312621481666,24.94433615231803,0 88.532841477566,24.94411520676679,0 88.532733533034,24.94402655046258,0 88.53264540427691,24.94393866173619,0 88.53256736861452,24.94383619101465,0 88.53243022717093,24.94370374229445,0 88.5322143336757,24.94352699330855,0 88.53198726300897,24.94345293182784,0 88.53179929396892,24.94342332886398,0 88.53157222370783,24.94334926672851,0 88.53128477619778,24.94334858018039,0 88.53110600090756,24.94337724934188,0 88.5309464982992,24.94345073917744,0 88.53078501592165,24.94368462352629,0 88.53083331045957,24.94378735661866,0 88.53084194728984,24.94389081142763,0 88.53089043664453,24.94397772988372,0 88.53082716753227,24.9442854875684,0 88.53087527355119,24.94440346814874,0 88.53090357970493,24.94451955202232,0 88.530980695194,24.94469657437561,0 88.53102899819922,24.944798742064,0 88.53114487460775,24.94504789734068,0 88.53120216908222,24.94522471605764,0 88.53120090879976,24.94532694075455,0 88.53123874938808,24.94547362354841,0 88.53128651621957,24.94561927881151,0 88.53134417293364,24.9457667293928,0 88.53143049169529,24.94600146089905,0 88.53143877347468,24.94613371927915,0 88.53150636371967,24.94627957785318,0 88.53152491186857,24.94638313471969,0 88.53158186658074,24.94658762718066,0 88.53165899136113,24.94676408464026,0 88.53170602126943,24.94696960636385,0 88.53175378930939,24.94711526049225,0 88.53180136193562,24.94727672920555,0 88.53186838831536,24.94746833458331,0 88.53191596224137,24.94762980322882,0 88.53203148083981,24.94790832555441,0 88.53205311405688,24.94796277221278,0 88.53208916128094,24.94805408253882,0 88.53211691158077,24.94821534777515,0 88.53216411679234,24.94840674872269,0 88.53220179366245,24.94856698634362,0 88.53223003148402,24.9486887172994,0 88.53227711137143,24.9488902852939,0 88.53231386918227,24.9491250726221,0 88.5323120667917,24.94927135018466,0 88.53226971397096,24.9494906412429,0 88.53227817783639,24.94960821635371,0 88.53219436860817,24.94997394276735,0 88.53214353686153,24.95007678927039,0 88.53206297764366,24.95017876595489,0 88.53196294943871,24.9502517365498,0 88.53172251553904,24.95045657220066,0 88.53156229297528,24.95058766944373,0 88.53147217592596,24.9506607409675,0 88.53129410616863,24.95083232355912,0 88.53123102977784,24.95092318228128,0 88.53114919441121,24.95112851283474,0 88.53114755782811,24.95126123426988,0 88.53114468180428,24.95149448716193,0 88.53119206792296,24.95167120433575,0 88.53121044192396,24.95178888077888,0 88.53127803537696,24.95193473921525,0 88.53132651476049,24.95202278785331,0 88.53146096240117,24.95237437029422,0 88.53150925341953,24.95247766726029,0 88.53154746652234,24.95259441730217,0 88.53160458391173,24.9527859213221,0 88.53160296952323,24.95291694863806,0 88.53160170198606,24.95301973762156,0 88.53159952949929,24.95319594755816,0 88.53151734463785,24.95342951754923,0 88.53142632053101,24.95357600917092,0 88.53130556700093,24.95372163264594,0 88.53113468976578,24.95391249408175,0 88.53092453333369,24.95407301517384,0 88.53062497985823,24.95424787107629,0 88.53047311932421,24.95430336413114,0 88.53038598565163,24.95433523101932,0 88.53019620145969,24.95445133822552,0 88.53002549558182,24.95462807887406,0 88.52998404227205,24.9547739493484,0 88.52998236232256,24.95491005981039,0 88.5299816934937,24.95496427805515,0 88.52998007651051,24.95509530631286,0 88.53008676649247,24.95528618964727,0 88.53018479948706,24.95537531135658,0 88.53033241416199,24.95546324632311,0 88.53046987990369,24.9555702825707,0 88.53051877127163,24.95562500904377,0 88.53063627433883,24.9557431375204,0 88.53074296592214,24.95593402029363,0 88.53075036351042,24.95613800542861,0 88.53069970918237,24.95622616752801,0 88.5306977233751,24.9563871281464,0 88.53069536795338,24.95657802297628,0 88.5306937449178,24.95670961556607,0 88.53076060157005,24.95691534066508,0 88.53081918278772,24.95698824130355,0 88.53089776267365,24.95704722660949,0 88.53104537987768,24.95713516073074,0 88.5311439654122,24.95717966437632,0 88.5313213130421,24.9572684690047,0 88.53152840377979,24.95735701266358,0 88.5317555002251,24.95743107531153,0 88.53194187694342,24.95759170629345,0 88.53194042814287,24.95770917921515,0 88.53194889270723,24.95782675420772,0 88.53194708346943,24.95797359601424,0 88.53194563470137,24.95809106983294,0 88.53194346303042,24.95826727963978,0 88.53194149272099,24.95842711138383,0 88.53190958477862,24.95860301673572,0 88.53190741211004,24.95877922744623,0 88.53190542803581,24.95894018885731,0 88.53190217691271,24.95920393916018,0 88.5319483075679,24.95948288113042,0 88.53199372740563,24.9598194311945,0 88.53205895888853,24.96015731322158,0 88.53213339335109,24.96055290355315,0 88.53217809053235,24.96094819035036,0 88.53226243765526,24.96134388259952,0 88.53233704748997,24.96172535400302,0 88.53240120220408,24.96215077617069,0 88.53242409244478,24.96270682088664,0 88.53239164052539,24.96292677914839,0 88.53239036715357,24.96303013326785,0 88.5323595498148,24.96311736942904,0 88.53211909771406,24.96332164127302,0 88.53198932092266,24.96339430701783,0 88.53178978496284,24.96349619506004,0 88.53168018801676,24.96354026019747,0 88.53152084610534,24.96359850151963,0 88.53118161985947,24.96377295193154,0 88.53101219062052,24.96384521113017,0 88.53085265926927,24.96391870015691,0 88.5306336525318,24.96399157974518,0 88.53041447053818,24.96407857864031,0 88.53019473764806,24.96421019450863,0 88.53005992509438,24.96428902035225,0 88.52999501786857,24.96432676426233,0 88.52980539253811,24.96442875105585,0 88.52967559839082,24.9645025445786,0 88.52928680228766,24.96467648255537,0 88.5291322532768,24.96474776249297,0 88.52894756873887,24.96485092815212,0 88.52886735209508,24.96492409989515,0 88.52863679663469,24.96512903315352,0 88.52855567908128,24.96527506037603,0 88.52850446762362,24.96540783918557,0 88.52844245723867,24.96561224254288,0 88.52839108608065,24.96575801034438,0 88.52828256663496,24.96571453259314,0 88.52813459213901,24.96565483364661,0 88.52802571844661,24.9656401593051,0 88.52780870271506,24.96555150817771,0 88.52762124406595,24.96547784685638,0 88.52752264598193,24.96543390556661,0 88.52729590609187,24.96532990291377,0 88.52716773776248,24.96527210174801,0 88.52701022173585,24.965182365943,0 88.52688224875413,24.96510874993002,0 88.5267344362215,24.96503606047781,0 88.5264291076322,24.96487363441766,0 88.52627157193072,24.96478559274299,0 88.52617316311191,24.96472640120522,0 88.52602554069435,24.96463846078896,0 88.52589792475909,24.96453604113385,0 88.52572129862516,24.96438849344954,0 88.52559368318555,24.96428607260323,0 88.52546590129781,24.96419720686703,0 88.52531828591447,24.96410870131239,0 88.52518075920564,24.96400617847045,0 88.52498411950808,24.96387367412098,0 88.52480731286919,24.96374081017481,0 88.52460075522582,24.96360876892149,0 88.52439402233126,24.96349084609963,0 88.52419720265974,24.96337302554817,0 88.52384303994062,24.96315191186122,0 88.52342956363567,24.96291719513337,0 88.52295734122299,24.96262312687761,0 88.52251469127594,24.96234291763826,0 88.52206194177393,24.96207785448014,0 88.52155061572152,24.96173988547692,0 88.5210985993692,24.96141608209185,0 88.520725710536,24.96110721582414,0 88.52041175907823,24.96084245061692,0 88.51997543894979,24.96045271907018,0 88.51993164737985,24.96038674455801,0 88.51981449488851,24.96024093337948,0 88.51971718764898,24.96009363291121,0 88.51965953885011,24.95994617683661,0 88.51958167100275,24.95983014331454,0 88.51953429943454,24.95965342106961,0 88.51941051411951,24.95944314905661,0 88.51938942573244,24.95934521178593,0 88.51934168230781,24.95919842285119,0 88.51927466861183,24.95900681239794,0 88.51919753268476,24.95883204238446,0 88.51911986312024,24.95870019480702,0 88.51900291037803,24.9585385690927,0 88.51894452525872,24.95845041416715,0 88.51887622778322,24.95836215716547,0 88.51874881441319,24.95824448225558,0 88.51870052434569,24.95814174521715,0 88.51855547235158,24.95784821983975,0 88.51844860799089,24.95767257691471,0 88.51841023773848,24.95756937744311,0 88.5183817730063,24.95746684623688,0 88.51832357121378,24.95736400695134,0 88.51828610006169,24.95718851680589,0 88.51820989444759,24.95693919521358,0 88.51816306732835,24.95671898541912,0 88.51809568429533,24.95655730674635,0 88.51806758585955,24.95642540730896,0 88.51799983042174,24.95629366200047,0 88.51794271898558,24.9561032824987,0 88.51786541841128,24.95594206593789,0 88.51774884186004,24.9557505064611,0 88.5176423534071,24.95554493023925,0 88.51754522224593,24.95538407356899,0 88.51744828174638,24.9552079683539,0 88.51737098143715,24.95504675147084,0 88.51728396752057,24.95486961859758,0 88.51722685795221,24.95467923870292,0 88.51717983528422,24.95447484218255,0 88.51711318692674,24.95425442750104,0 88.517056626496,24.95401999527709,0 88.51697069608743,24.95375588647928,0 88.51696333643177,24.95355077072375,0 88.51690751477284,24.95325703770177,0 88.51686195761502,24.95293516745992,0 88.51681713790275,24.95255399649167,0 88.51677267769375,24.9521440217062,0 88.51671739905406,24.95180680065789,0 88.51665257401677,24.95144010827986,0 88.51652918027152,24.95100050990612,0 88.51631712392464,24.95051649966814,0 88.51617446474054,24.95003207789355,0 88.51605090559633,24.94960603329805,0 88.51595669436732,24.94921135944011,0 88.51583276362874,24.94881524801887,0 88.5156996608614,24.94835973248748,0 88.51554653929415,24.94791982501359,0 88.51540313382395,24.94749583340027,0 88.51527994487654,24.94704042050967,0 88.51519457322405,24.94673225865524,0 88.51513747031166,24.94654187834218,0 88.51502180863291,24.94627802598438,0 88.51491643947429,24.9459837788837,0 88.51480132037128,24.94567643839031,0 88.51470530727076,24.94542691103192,0 88.51464765627911,24.94528058273774,0 88.51455291093495,24.94492939531966,0 88.51451506921636,24.9447844023065,0 88.5144392737633,24.94450345280574,0 88.51441447054157,24.94410780271165,0 88.51441076535134,24.9436101348559,0 88.51448362889957,24.94333129111018,0 88.51452713148034,24.94322103225972,0 88.51457575806012,24.94309726973069,0 88.51465687753026,24.94295125053628,0 88.51477800635926,24.94277627354193,0 88.5148580403,24.94271722919706,0 88.5149674341704,24.94268842632886,0 88.51521577948547,24.94264524712728,0 88.51543458075477,24.9425865111172,0 88.51568273497256,24.94255857965171,0 88.51597073041093,24.94251524501799,0 88.51627854004663,24.94247268060788,0 88.51654671960023,24.94242857411778,0 88.51700357241046,24.94235704879811,0 88.51728164866631,24.94231417382763,0 88.51764874759766,24.94228634052569,0 88.51800594904087,24.94225727447655,0 88.51831339916409,24.9422435079006,0 88.51874988846622,24.94221525995743,0 88.51893821026704,24.94221607676603,0 88.51937396207902,24.94224712773215,0 88.51957147186343,24.94230621775907,0 88.51977926541947,24.94233547700392,0 88.52004633488805,24.94238059935235,0 88.52014510089069,24.94240929644857,0 88.52027340239373,24.94245411421114,0 88.52045076876036,24.94253897809979,0 88.52050264529346,24.94235254943754,0 88.52048465460159,24.9422049393374,0 88.52047600678594,24.94210317754933,0 88.52046882430987,24.9418833778318,0 88.52047046587656,24.94175122110697,0 88.52047246486657,24.94159026061221,0 88.52044473853765,24.94142842878914,0 88.52041736279261,24.94123835757409,0 88.5203220564609,24.94093122653317,0 88.52023594570089,24.94068180497908,0 88.52013110763468,24.94034407387809,0 88.52006409670285,24.94015302909215,0 88.52001708323394,24.93994806955695,0 88.51999872121704,24.9398303918761,0 88.51997043442123,24.93971374092267,0 88.5199518971845,24.93961018292362,0 88.51989406095036,24.93947854080065,0 88.5198174976078,24.93925859000708,0 88.51977930817235,24.93914127253516,0 88.51973119999606,24.93902441738325,0 88.51965427268709,24.93883383464077,0 88.51957753485731,24.9386280024619,0 88.51948132735903,24.93839372755366,0 88.51938530950078,24.93814420317638,0 88.51930911365555,24.93789488290741,0 88.5192237377495,24.93758672499974,0 88.5192264679914,24.93736702799392,0 88.51925857273187,24.93717644199372,0 88.51932922431027,24.93707436986596,0 88.51944007162571,24.93692809123447,0 88.51951036521639,24.93685482192159,0 88.51965094326285,24.93670885032463,0 88.5198108024468,24.93660656972732,0 88.51998111190878,24.93646090405031,0 88.52017124926046,24.93631487880148,0 88.52035147548953,24.93616875039118,0 88.52051151459193,24.93605178501685,0 88.52072074225258,24.93596469952829,0 88.52088005210609,24.93590647103542,0 88.52105935826852,24.93583432666118,0 88.5212089471856,24.93576074645294,0 88.52130842261599,24.93573183547731,0 88.52139889193987,24.93562996732592,0 88.52149964381788,24.935498268516,0 88.52158075538074,24.93535168075717,0 88.52166331144817,24.93508874994064,0 88.5217464351408,24.93478007184446,0 88.52184953980108,24.93445860939589,0 88.52191354910799,24.93409268506505,0 88.52196764070796,24.93372722316099,0 88.52203257442659,24.93328674865192,0 88.52208466905296,24.93308224728059,0 88.52207785615889,24.93283251492957,0 88.52208075682637,24.93259869918609,0 88.5221220365752,24.93246695102468,0 88.52211413054138,24.93230532410159,0 88.52211595184961,24.93215848320557,0 88.52211758420108,24.93202689078584,0 88.52221942470401,24.93180708707089,0 88.52245891990837,24.93167625301655,0 88.52261895133958,24.93155928658301,0 88.52268940723238,24.93147246155824,0 88.5228204371504,24.93129645105889,0 88.52282206880503,24.93116485955565,0 88.52282388933401,24.93101801866998,0 88.52278677700531,24.93081372702207,0 88.5227408691495,24.93051953392815,0 88.52272286349576,24.93037305361014,0 88.52267566635477,24.93018277879742,0 88.52343356146761,24.92660947622352,0 88.52334617384892,24.92646341070312,0 88.52325862528183,24.92633033514008,0 88.52322025340993,24.92622770243451,0 88.52329180551123,24.92605220826162,0 88.5234228213464,24.9258767627253,0 88.5235639275344,24.92568673486462,0 88.52376467395014,24.92548263479722,0 88.52408563461407,24.92517471209413,0 88.52421627687492,24.92502919852271,0 88.52435719317602,24.92485441846575,0 88.52445829529317,24.9246933498739,0 88.52463940791044,24.92447379575093,0 88.52825923708281,24.92106943118506,0 88.5280826585425,24.92092301776192,0 88.52791582122734,24.92079026010913,0 88.5277291664549,24.92065729813258,0 88.52763077259702,24.92059980236375,0 88.52745348242742,24.92051099479336,0 88.52724609546719,24.92045181374566,0 88.52704825504729,24.92042210222597,0 88.52681132280337,24.92034793150495,0 88.52671276876305,24.92030342511321,0 88.52645601126663,24.9202296139471,0 88.52630808729282,24.92017047909812,0 88.52613061105751,24.92009691744498,0 88.52595331568594,24.92000867238868,0 88.52582539154959,24.91993505639659,0 88.52556864317638,24.91986067923622,0 88.52535152354544,24.91978727489762,0 88.52524781378641,24.91975909432002,0 88.52513423031328,24.91972798902472,0 88.52489729346064,24.91965437862372,0 88.52459098570864,24.91958061951681,0 88.52430487541848,24.91947656553587,0 88.5242530133572,24.91946304017809,0 88.5240776738457,24.91941717623435,0 88.52370218682293,24.91932801633262,0 88.52361353699693,24.91928417496289,0 88.52338579019208,24.91926883599078,0 88.52312903752879,24.91919501977907,0 88.52287229106538,24.91912063692359,0 88.52269462923374,24.91906232130666,0 88.52243825531635,24.9189580050523,0 88.52221158786077,24.91885569015993,0 88.52209340207183,24.91879629248044,0 88.52182819887938,24.91860489813148,0 88.52178981708309,24.91850339537244,0 88.52179127424127,24.91838592335327,0 88.52179273238193,24.91826845041951,0 88.52179401432582,24.918165097219,0 88.52179636836244,24.91797533429964,0 88.52182772832379,24.91784404947258,0 88.52182918547396,24.91772657744507,0 88.52185174288661,24.91750595622158,0 88.52184363436024,24.91736070712227,0 88.52184491729659,24.91725735480435,0 88.52176654995425,24.91718368070058,0 88.5216090730127,24.91709619941603,0 88.52148115533844,24.91702257939144,0 88.52136224879258,24.9170213522143,0 88.52122369334117,24.91700636639859,0 88.52101594439684,24.91697710976099,0 88.52088712181815,24.91697634452962,0 88.52075866477185,24.91694621093171,0 88.52064028434037,24.9169026257843,0 88.52037362989191,24.91682870148995,0 88.52027508079058,24.91678419057774,0 88.52002189966954,24.91662285449165,0 88.51993187865817,24.91649031628442,0 88.51984506291892,24.91629906682862,0 88.51975768044143,24.91615356375714,0 88.51970041691342,24.91597674127609,0 88.5196035114718,24.91580007359652,0 88.51953631851153,24.91562484294036,0 88.51945904223869,24.9154636288947,0 88.51935258653668,24.91525805495863,0 88.51925623058446,24.9150373354812,0 88.51915986011073,24.91481774471228,0 88.51909322971133,24.91459733169032,0 88.5190269437344,24.91434924533197,0 88.51894104457072,24.9140845753729,0 88.51887495562616,24.91382067508011,0 88.51879841849542,24.9136001596191,0 88.5187024082239,24.91335176634301,0 88.51870495681175,24.91314675460369,0 88.51865741571051,24.91298528227935,0 88.51863888286566,24.91288172444015,0 88.51857170100116,24.91270592874126,0 88.51852342903624,24.91260319292047,0 88.51846524936352,24.91250035391595,0 88.51834833563812,24.91233929444326,0 88.51809397408348,24.91207457661033,0 88.51771261099573,24.91166337916493,0 88.51724243383468,24.91122245476229,0 88.51695852878393,24.91094330793879,0 88.51670434296624,24.91066503293564,0 88.51645017916945,24.91038506335497,0 88.51620590325524,24.91010688977683,0 88.51593210153355,24.90981259458744,0 88.51567811026121,24.90951906902345,0 88.51548285945881,24.90928320120875,0 88.51535622719173,24.90910735237232,0 88.51528060649879,24.90881397993711,0 88.5153316116498,24.90869702173769,0 88.51541160831252,24.90863910669407,0 88.51567161957377,24.90844918978307,0 88.51583144419195,24.90834691468212,0 88.51604063283355,24.90825927135512,0 88.51613044587786,24.90820880091001,0 88.51643054389712,24.90798258342565,0 88.51649109635447,24.90789453031788,0 88.51658137294103,24.90780678438232,0 88.51669292864682,24.90760177171806,0 88.51672557669249,24.907367135986,0 88.51670739924673,24.90723533907682,0 88.51668003680147,24.90704526844333,0 88.51666240791833,24.90686941994458,0 88.51663487674651,24.90669290375813,0 88.51651979261052,24.90638556785421,0 88.51894727044854,24.90381749393913,0 88.51935141825686,24.90339013270751,0 88.51930352172369,24.90325746507646,0 88.51923561381666,24.90314040498098,0 88.51915889327672,24.90293513948147,0 88.51910347512126,24.9028097364774,0 88.51906254652103,24.9027144199792,0 88.51904092101348,24.90266053666696,0 88.51896655831314,24.90246489737367,0 88.51889865119203,24.90234783707701,0 88.51884046165488,24.90224612937257,0 88.51871421163595,24.90203978601023,0 88.51864612935046,24.90193684533655,0 88.51851985816481,24.90173219676479,0 88.51842223613555,24.90161426493066,0 88.51834406380466,24.90152590595682,0 88.51826551933085,24.90146747965211,0 88.51811853603949,24.90133491536185,0 88.51796200264725,24.90117344646411,0 88.51778583764585,24.90099708762439,0 88.51748195874167,24.90073242075393,0 88.5173645158964,24.90061484779747,0 88.517237250886,24.90049039510902,0 88.51711000003898,24.90036481260903,0 88.51676929312811,24.90007378067037,0 88.51645269676956,24.89983609263196,0 88.51629580960321,24.89970342480301,0 88.51614827382684,24.89961547617166,0 88.51599965655436,24.89961450091973,0 88.51584110966488,24.89961511804144,0 88.51573212836924,24.89961398894275,0 88.5156323159532,24.89967226244972,0 88.51550259816811,24.899744912576,0 88.515342411962,24.89987712056718,0 88.51524205009228,24.89997944636352,0 88.51511215567365,24.90006621505552,0 88.51492261929454,24.90016818140187,0 88.51480280039861,24.90024149789472,0 88.51466317370267,24.90031404479599,0 88.51456353633478,24.90035819874879,0 88.51443417643684,24.90040204493766,0 88.51420592432193,24.9004301783365,0 88.51411620048789,24.90047387019741,0 88.51399674712752,24.90051781861421,0 88.51015871658166,24.90078522693326,0 88.5101203435445,24.90068428642237,0 88.50992200975783,24.90069690890233,0 88.50982237022248,24.90074105977916,0 88.50969338234522,24.90075496825259,0 88.50959393235937,24.90078387039718,0 88.50946476769791,24.9008118984835,0 88.50932549839455,24.90085563653907,0 88.50909668563277,24.90092837921345,0 88.50896732294987,24.90097222077578,0 88.50881832216272,24.9010017356378,0 88.50865923662029,24.90104526721872,0 88.50847025144704,24.90110260775811,0 88.50835098605157,24.90113130226844,0 88.50809263427695,24.90118905032278,0 88.50797335470506,24.90121887423053,0 88.5078346430124,24.90121799391923,0 88.50760674817471,24.90121731423407,0 88.50746802848542,24.9012169988889,0 88.507260501313,24.90117247389569,0 88.50700324576435,24.90114268011656,0 88.50673627344439,24.90109753420689,0 88.50643993271399,24.90102383978602,0 88.50611350943477,24.90097863762641,0 88.50572763401181,24.90093337937689,0 88.50539075071538,24.90093212422479,0 88.50513293529266,24.90094694333682,0 88.50490449601895,24.90098974685362,0 88.50469568010261,24.9010480059776,0 88.50446686485394,24.90112074077744,0 88.50435695432854,24.90119358802103,0 88.50412777694198,24.90129512547139,0 88.50401767370717,24.90138322110928,0 88.50386776320816,24.90148502162969,0 88.50370793749791,24.90158728313198,0 88.50355801948041,24.90168964865985,0 88.50339801584181,24.90180602877985,0 88.50321800549669,24.90193745074484,0 88.50305817864948,24.90203971159727,0 88.50287799716203,24.90218468771513,0 88.50269797869024,24.90231667439567,0 88.50255778143833,24.90243382566144,0 88.50244712951498,24.90256540761516,0 88.50224674831402,24.90274067265999,0 88.50214637898431,24.90284242493408,0 88.5020362809542,24.90292995391372,0 88.50190635961751,24.90301784044004,0 88.50174653026762,24.90312009998839,0 88.50158689229598,24.90320711074972,0 88.5013277938166,24.90332358164049,0 88.5011483260101,24.9034115138867,0 88.50085968803668,24.90351298944518,0 88.50061086478844,24.90360019594744,0 88.50032240361625,24.90368755066394,0 88.49993467382824,24.90378911739625,0 88.49972586459914,24.90384623927297,0 88.49948749548257,24.90389005917182,0 88.49920987241862,24.90390353155283,0 88.49897485563028,24.90387791038495,0 88.49829002623402,24.90376906142375,0 88.4981023125705,24.90372473010091,0 88.49754816397778,24.90366469427147,0 88.49737073708862,24.90359053368075,0 88.49711458174151,24.90347318277066,0 88.49701513423616,24.90350151144638,0 88.49689548699449,24.90356012990578,0 88.49676575335435,24.90363276259677,0 88.49648627100837,24.90379363410817,0 88.49627634843155,24.90393885494197,0 88.49614549540377,24.90410015613859,0 88.49614421168695,24.90420181441859,0 88.49611300604208,24.9043189744221,0 88.4960818003332,24.90443613351725,0 88.49598160362851,24.90452376205344,0 88.49593094485354,24.90461191036296,0 88.49588010876796,24.90471417850457,0 88.4957988006681,24.90487543486746,0 88.49570759117015,24.90503602210172,0 88.49560757805226,24.90510896617103,0 88.49545893204028,24.90510966483962,0 88.49534939018626,24.90515257201073,0 88.4951998374374,24.90522499581267,0 88.49510991143552,24.90528392442574,0 88.49490989199813,24.90542924734082,0 88.49482988005488,24.90548771525348,0 88.49464049684809,24.90557553524223,0 88.49454455732757,24.9053259956732,0 88.49436767893751,24.90520834407458,0 88.49423961234552,24.90514881906583,0 88.49415118396331,24.90508914605388,0 88.49402253889909,24.90507536682848,0 88.49393391809001,24.90503094233734,0 88.49379565120124,24.90499446775129,0 88.49365758407586,24.90494218088046,0 88.49349978728189,24.90488290689938,0 88.4933023375101,24.9048249110206,0 88.49317390762845,24.90479418828112,0 88.49286785092833,24.90470511250666,0 88.49263132880291,24.90460264694405,0 88.4924834481605,24.90454291144302,0 88.49232563726639,24.90448476677556,0 88.49222711021847,24.90444023628617,0 88.49201996140611,24.90436575624489,0 88.49184215780997,24.90432152101125,0 88.49176323140489,24.90429414198779,0 88.49161536565721,24.90423327679276,0 88.49150655216982,24.90421857467962,0 88.49108159857377,24.9041288077933,0 88.49087388615561,24.90409894242261,0 88.49063700899922,24.90402471151186,0 88.49036049334079,24.90395062799658,0 88.49013332377507,24.90389231349228,0 88.48990598965369,24.90384698971986,0 88.48976782616514,24.90380260517988,0 88.48959003111325,24.90375780188212,0 88.48937296352275,24.90368434351326,0 88.48918544669587,24.90362475121501,0 88.48881021425528,24.90352138076076,0 88.48852360830824,24.90346187283863,0 88.48810874628204,24.90335808253613,0 88.48762471017849,24.90323943988237,0 88.48746177826283,24.90319479093021,0 88.48729884646625,24.90315014269714,0 88.48691315059303,24.90309071493547,0 88.48670524711738,24.90307609141651,0 88.48646820184898,24.90301540826409,0 88.48625095172069,24.90295662858172,0 88.48612287683127,24.90289822599305,0 88.4858084159648,24.90269155909253,0 88.48569044223612,24.9026180118782,0 88.48555811080281,24.90250477327588,0 88.48548458635213,24.90244242818587,0 88.48533783879691,24.90229401778565,0 88.48525967638548,24.90220677006991,0 88.48516245239048,24.90206001258012,0 88.4851044865749,24.90194304167201,0 88.48502708611171,24.9017959286897,0 88.48495939915016,24.90166416888903,0 88.48486236967376,24.90150216245263,0 88.48480403730011,24.90141399471581,0 88.48468700052818,24.9012670268609,0 88.48454078688856,24.90107682201904,0 88.48441347658247,24.90095855268049,0 88.48423698796124,24.90081152053338,0 88.48398197296305,24.90060604298363,0 88.48380568729887,24.90044319715277,0 88.48372752715922,24.90035594850886,0 88.48363011973402,24.90022387414707,0 88.483571594982,24.90015095455765,0 88.48352412115763,24.89998834137334,0 88.48340874710983,24.89971091212873,0 88.48331265629039,24.89947548469212,0 88.48326665628724,24.89919709455842,0 88.48319130877888,24.89888902179707,0 88.48311596069546,24.89858094897784,0 88.48309957174504,24.89850621610614,0 88.48303162628856,24.89820048132849,0 88.48300563594221,24.89790705253199,0 88.48298917974299,24.89764309702193,0 88.48299178957463,24.89743808633098,0 88.48299347126812,24.89730593104872,0 88.48307460516371,24.89715936619109,0 88.48313554379877,24.89704252411029,0 88.48321592193859,24.8969552590747,0 88.48333612341743,24.89685316568148,0 88.48346622421946,24.89675174214793,0 88.48357615832226,24.89667778197671,0 88.48368569741255,24.89663488356615,0 88.48381526583574,24.89657525240353,0 88.4839347123399,24.89653245843171,0 88.48404445211673,24.8964737466525,0 88.48425325560819,24.89641664784451,0 88.48435272124144,24.89638663369345,0 88.48454227837247,24.89628470796493,0 88.48464227540423,24.89621290098217,0 88.48475239495683,24.89612425658006,0 88.48485295975215,24.89600783301264,0 88.48493390300288,24.89587595068317,0 88.4849851112785,24.89574488437988,0 88.48504661440381,24.895583424266,0 88.48509764293918,24.89546647694478,0 88.48520941962529,24.89524737020807,0 88.48526138896521,24.89505643865641,0 88.48530243052981,24.89494559785564,0 88.48533316399158,24.8948662805487,0 88.48539484576973,24.89469070129945,0 88.48544643338244,24.89452970183189,0 88.48552755459046,24.89438370111726,0 88.48556575358788,24.89430163767766,0 88.48558868330446,24.89425160944783,0 88.48566065107822,24.89404620249276,0 88.48571129826668,24.8939591871228,0 88.48575334383092,24.89376927973695,0 88.48580586335846,24.89353486038856,0 88.48585912885903,24.89324170556199,0 88.48592304757308,24.89288991974182,0 88.4859284437708,24.89246521505395,0 88.48593168679253,24.89220994035457,0 88.48593291443898,24.89211336483065,0 88.48588726917141,24.89180673827302,0 88.48585305310456,24.89138048491271,0 88.48585491147681,24.89123421062092,0 88.4858562173073,24.89113142308452,0 88.4858874301499,24.89101426563343,0 88.48590910888682,24.89086763594155,0 88.4859214268745,24.89067797937989,0 88.4859941304064,24.89041440212251,0 88.4860873939098,24.89009229742716,0 88.4862505760956,24.88972574502883,0 88.48644327675991,24.88937532081671,0 88.48654709927054,24.88919679765077,0 88.48661543168478,24.88908229144285,0 88.48675841108722,24.88874602708919,0 88.48687093124585,24.8884676185636,0 88.48696006478725,24.88827538431511,0 88.48705428070559,24.88807303717414,0 88.48715373897134,24.88804302056225,0 88.48729298796532,24.88800043405894,0 88.48737374450792,24.88788266965064,0 88.48739484780947,24.88778122154935,0 88.48745652268285,24.88760564249857,0 88.48748922328572,24.88737101292402,0 88.48753200183825,24.88712293493881,0 88.48752526430114,24.88687320338437,0 88.48752636735362,24.88678622897108,0 88.48752805180078,24.88665350928768,0 88.48753176508131,24.88636096067098,0 88.48753325607663,24.8862434897023,0 88.48753680329465,24.88596393040162,0 88.48753846648984,24.88583290480467,0 88.48754088129202,24.88564257842489,0 88.48754293853119,24.88548049097808,0 88.487545347243,24.8852907289793,0 88.48757784677044,24.88507191427939,0 88.48758924343389,24.88495454680755,0 88.48764101020161,24.88477886328667,0 88.48772250992059,24.88460236326041,0 88.48783427118164,24.88438325584177,0 88.48795538063938,24.88420830389548,0 88.48811632072749,24.88401739187749,0 88.48830733745487,24.88379855476306,0 88.48848845406216,24.88357904867842,0 88.48867011462494,24.88331662003178,0 88.48884151062333,24.88308232489281,0 88.4889574562241,24.88292369803871,0 88.48902299061682,24.88283401488883,0 88.48917203881959,24.88260400192018,0 88.48933642529175,24.8823363065777,0 88.48947791427975,24.88211638130152,0 88.48967901734015,24.8818829635091,0 88.48975938854768,24.88179513104825,0 88.48987058549707,24.88162007256443,0 88.48998197633293,24.88142976618152,0 88.49006307629283,24.88128432780863,0 88.49021446821227,24.88106450618646,0 88.49039612870097,24.88080151039285,0 88.49058825089058,24.88049456749464,0 88.49080242301277,24.88001106109129,0 88.4909356595696,24.87966000484133,0 88.49107917359119,24.87927968404759,0 88.49123147613216,24.87898757145119,0 88.49147239376126,24.87873875518688,0 88.49139389230642,24.87867918447036,0 88.49129537144528,24.87863578376126,0 88.49119668689822,24.87860537319535,0 88.49103873326096,24.87856134530738,0 88.4908802287615,24.87856080491224,0 88.49075144877847,24.87856001352717,0 88.49063256684661,24.8785598897657,0 88.49047406232658,24.87855934893893,0 88.49019667684928,24.87855868472783,0 88.49005796943844,24.8785594816833,0 88.48967162835388,24.8785571023659,0 88.48953294216997,24.87855620473315,0 88.48927517461222,24.87857099614885,0 88.48908621570638,24.87862831108264,0 88.4889078855295,24.87862868962411,0 88.48862115242983,24.87858386515092,0 88.48844283646115,24.87858311343221,0 88.48821573093448,24.87852366750104,0 88.48803796699011,24.87847942759203,0 88.48788800293086,24.87839142363604,0 88.48776263072087,24.87831723567134,0 88.48762561427969,24.87818474614294,0 88.48745941977106,24.87800958512279,0 88.48732353072887,24.8777884266427,0 88.48727547866883,24.87767156206485,0 88.4871793980932,24.87743613782062,0 88.48713116892728,24.87733339219685,0 88.48708646570751,24.87695278282828,0 88.4870881429898,24.87682062737479,0 88.48709019323925,24.87665910504082,0 88.48708231719756,24.87649917142117,0 88.48708437457317,24.87633708468076,0 88.48711650660643,24.8761470723893,0 88.48711911628021,24.87594149791635,0 88.48711162646615,24.87575106770908,0 88.48707477871382,24.87553208507474,0 88.48699851829646,24.87529630601965,0 88.48690261264515,24.87504732767425,0 88.48680596842878,24.87485652042214,0 88.48670913798557,24.87468039653338,0 88.48658221922813,24.87453332680374,0 88.48647473830275,24.87441583379571,0 88.48630781956217,24.87429827788148,0 88.48619977931394,24.87422483589597,0 88.48602734172911,24.87415184346624,0 88.48594371382627,24.87410633681007,0 88.48569753841556,24.87398907155658,0 88.48552052948574,24.87388609356157,0 88.48536407620264,24.87372458895192,0 88.48513978787139,24.87344431530764,0 88.48509348470911,24.87338508252324,0 88.4849545399488,24.87321020697284,0 88.48480855428542,24.87300475504863,0 88.48469265779943,24.87277024999693,0 88.48468462602614,24.87262274097766,0 88.4847154546744,24.87253551768834,0 88.48474777648279,24.87233082223355,0 88.48480908030214,24.87218404754516,0 88.48484196931128,24.87193473639693,0 88.48484718161478,24.87152471757561,0 88.48485202753297,24.87114350215403,0 88.48485727545298,24.87073065948558,0 88.48485835955039,24.87064537983711,0 88.48486133170924,24.87041156788222,0 88.4848587263498,24.87022683765271,0 88.48485702645368,24.86997094681319,0 88.48485851967197,24.86985347642619,0 88.48497923781846,24.86970845927529,0 88.48483400269491,24.86944427235186,0 88.4847083912499,24.86919497894016,0 88.48461138887752,24.86903297318366,0 88.48454334756008,24.86893058233476,0 88.48441699802319,24.86873945896336,0 88.4841925203044,24.8684749972707,0 88.48404542060028,24.86835764857371,0 88.48395719765122,24.86828441491587,0 88.48382681386198,24.86821581868421,0 88.48365160775165,24.8681665172609,0 88.4835032093836,24.86815138966126,0 88.48330622120781,24.86806231806779,0 88.48314847764021,24.86800303404413,0 88.48300081940869,24.86792973464716,0 88.48292231466897,24.86787128949153,0 88.48281429732063,24.86779671582944,0 88.48274589122329,24.8677231274945,0 88.48257094329841,24.86745918796018,0 88.4824739380052,24.86729774588958,0 88.48238683822463,24.86713640855987,0 88.48231880692329,24.86703345123433,0 88.48219264990696,24.86682764220631,0 88.48206573771081,24.86668113316903,0 88.48191957781985,24.86649036295265,0 88.48174351762582,24.86631396053546,0 88.48163586147007,24.86621114866186,0 88.481439432122,24.86607858742756,0 88.48132149781091,24.8660050373736,0 88.48118413688503,24.8659013451228,0 88.48097760896728,24.86578392711592,0 88.48080042130744,24.86569619147935,0 88.48070192956116,24.86565165424024,0 88.4805537217206,24.86562184005985,0 88.48036608982821,24.86557635618491,0 88.48019768390306,24.865576828398,0 88.48008946140385,24.86551863107333,0 88.47979376640755,24.86540252497,0 88.47969581604576,24.86531562886579,0 88.47955870167033,24.86519273269446,0 88.47948035816268,24.86512186057936,0 88.47938238684915,24.86503665925681,0 88.47933627934862,24.8647684357853,0 88.47926843224393,24.86465135867076,0 88.47921125448246,24.86447452196861,0 88.47918378189424,24.86429856479286,0 88.47916547164904,24.86418088403503,0 88.47912808805197,24.86400538618387,0 88.47910006039616,24.86387291596235,0 88.4790815495421,24.86377104837472,0 88.47902491876538,24.86355128988113,0 88.47902698024917,24.86338976690405,0 88.47897949756923,24.86322941362674,0 88.47896250643313,24.86300838122088,0 88.47893464534272,24.86286292154229,0 88.47897595676299,24.8627306223175,0 88.47902660952515,24.86264248135748,0 88.47906734402123,24.86255536321815,0 88.4790954953498,24.86248392808852,0 88.47911014607045,24.86230615948783,0 88.47911201189558,24.86215988530385,0 88.47906473856894,24.86198315349963,0 88.47903614289933,24.86189529990638,0 88.47896867281443,24.86174885462148,0 88.47883187309758,24.86160167284324,0 88.47873356670677,24.86154301498855,0 88.47853602350852,24.86149855399054,0 88.47821905251411,24.86149800972094,0 88.47810019550067,24.86149731169866,0 88.47773333615531,24.8615250433406,0 88.47750551772769,24.86152431601588,0 88.47734703620661,24.86152376021519,0 88.47714891594399,24.86152447759263,0 88.47688149544776,24.86152219882402,0 88.47677252788982,24.86152273376475,0 88.47660414152051,24.86152207286537,0 88.47636641916641,24.86152123766539,0 88.47613879662353,24.86150525942561,0 88.47598067551074,24.86147646486235,0 88.47583229383176,24.86146076479773,0 88.47570465121076,24.86137242110485,0 88.47540880441781,24.86126929500358,0 88.47519201071506,24.86118113092786,0 88.47494495523753,24.86113557225165,0 88.47482747790058,24.86102700193666,0 88.47471971036303,24.8609337847924,0 88.47464130173667,24.86086855837917,0 88.47443382022131,24.86082680939226,0 88.47421730288633,24.86071718294669,0 88.47405985578628,24.86063586333441,0 88.47385335222371,24.86051787025218,0 88.47366629458098,24.8604283268786,0 88.47348912043759,24.8603405819012,0 88.47337139962671,24.86025121269895,0 88.47326356121657,24.86016364206457,0 88.47318507304882,24.86010462688722,0 88.47310694804935,24.86001737340374,0 88.47293072224008,24.85985564476777,0 88.47279337496988,24.85975194407538,0 88.47271506838122,24.85967880949759,0 88.47263695832122,24.8595904269293,0 88.4725586519271,24.85951729225899,0 88.47244148311046,24.85938499955237,0 88.47225497875684,24.85925253157376,0 88.47215687265765,24.85917862120352,0 88.47207856680498,24.85910548625249,0 88.47198158288988,24.85894403715007,0 88.47195337685699,24.8588262495241,0 88.47190497875435,24.85873818316711,0 88.47183995952464,24.8584014098577,0 88.47177287663736,24.85822559369968,0 88.47175679705995,24.8581277045262,0 88.4717454235626,24.85804907096159,0 88.47174692250429,24.85793216526386,0 88.47174842861241,24.8578146942582,0 88.47175125246771,24.85759443758634,0 88.47175293165141,24.85746341275637,0 88.4717845189148,24.85731745667094,0 88.47181648906,24.8571415682041,0 88.47184809052354,24.85699448239646,0 88.47188098707821,24.85674630413159,0 88.47188231190991,24.85664295315237,0 88.47198661977625,24.85623286333598,0 88.47204867738431,24.85602792440697,0 88.47205018328374,24.85591045338353,0 88.47207460908531,24.85574352226158,0 88.47208271071315,24.85569107864263,0 88.47208571433724,24.85545670280549,0 88.47211040824781,24.85507569994593,0 88.47212275109477,24.8548854811683,0 88.47217396285468,24.85475385525085,0 88.47225545041582,24.85457849442446,0 88.47231694188625,24.85441760692829,0 88.4724494519663,24.85412530448361,0 88.4725206650816,24.8539786415912,0 88.47258234425138,24.85380306955775,0 88.47261469641043,24.85359724854237,0 88.47264722146838,24.85337787369654,0 88.47270031413274,24.85309940949928,0 88.47273245519771,24.85290996702685,0 88.47273640647236,24.85260160722359,0 88.47288579619035,24.85060480251558,0 88.4732144018941,24.84621443307437,0 88.47315627966725,24.8461127074353,0 88.47308789268899,24.84603911454495,0 88.47301016609691,24.84592136363901,0 88.47299167704423,24.8458183668097,0 88.47277981120604,24.84534785638236,0 88.47015068371037,24.83952512413122,0 88.4700733416016,24.83937800502584,0 88.47014399126299,24.83927482957936,0 88.47005566741137,24.83921175352554,0 88.46989866512682,24.83909823872098,0 88.46978953637161,24.83911288773081,0 88.46956176136759,24.83911214726032,0 88.46948178166546,24.83917060061937,0 88.46938218550146,24.83921415787488,0 88.46930220563603,24.8392726102411,0 88.46919252564285,24.83933018075412,0 88.46911234963699,24.83940388191671,0 88.46902227862991,24.83947691281735,0 88.46890193376281,24.83959367695567,0 88.46873188206439,24.83972515982289,0 88.46862182369397,24.83981209711341,0 88.468441862069,24.83994403823657,0 88.4682619134548,24.84007485035741,0 88.4681217557882,24.84019196659072,0 88.46792198774989,24.84032369539063,0 88.46783192974738,24.84039559591422,0 88.46771138671798,24.8405276071645,0 88.4675508577114,24.84068856275649,0 88.4674903096605,24.84077602881451,0 88.46736901192205,24.84096677505035,0 88.46723877001264,24.84108286672447,0 88.46712813612871,24.84121441906617,0 88.46698722816346,24.84138970516834,0 88.46681641574702,24.84157992038702,0 88.46665551229873,24.84176967699088,0 88.46644471147619,24.84198883603753,0 88.46626380598678,24.84219362829672,0 88.46607319391327,24.84238306636066,0 88.46588276222987,24.84255838502779,0 88.46567214789978,24.84276285859145,0 88.46552132559721,24.84293860183853,0 88.46538022423641,24.84312856926899,0 88.46525930574043,24.8432893815048,0 88.46516810240374,24.84344994741765,0 88.46508641558044,24.84364055183906,0 88.46500473671701,24.84383059180734,0 88.4649329662943,24.84402017251163,0 88.46485070474573,24.84425539289921,0 88.46475836552219,24.84450406104493,0 88.46460390833445,24.84476957284738,0 88.46445596476602,24.84491371393997,0 88.46420573199011,24.84511776127944,0 88.46348637584431,24.8459872367807,0 88.45959768487124,24.85068444972294,0 88.45930590505,24.85103602885113,0 88.45927485940166,24.85113906011624,0 88.45919431186641,24.85124042954651,0 88.45913375302243,24.85132789260279,0 88.45906346648817,24.85140169531499,0 88.45895244140574,24.85156204415028,0 88.45888197191432,24.85164996508038,0 88.45874065274107,24.85185517586417,0 88.4586391500409,24.8520449981556,0 88.45857821148053,24.85216182911385,0 88.45850679872335,24.85232260440334,0 88.45842566538647,24.85246915399348,0 88.45834491909396,24.85258577102915,0 88.4582138802471,24.85276171975415,0 88.45815332000929,24.85284918246104,0 88.45802285072767,24.85298107932112,0 88.45791219582493,24.85311262467267,0 88.45776192680414,24.85324374390875,0 88.45755223605349,24.85337422206536,0 88.45732291400947,24.85349093297062,0 88.45708349713101,24.85362222060082,0 88.45684388956008,24.85376819147584,0 88.45659419516444,24.85392817369994,0 88.45625497350144,24.85411769211015,0 88.45601555423042,24.85424897812405,0 88.4556765138251,24.85442437608701,0 88.45531767924341,24.85459842936949,0 88.45494874264698,24.85478762496241,0 88.45444952722127,24.85509346383945,0 88.45417010852887,24.85525368647765,0 88.45365125743452,24.85554575455491,0 88.4534319914931,24.85565014149963,0 88.4531628993212,24.85577771275314,0 88.45273413721286,24.85599675745751,0 88.45246754891023,24.85612209456527,0 88.45217604594971,24.85625902428091,0 88.45192653103273,24.8564043155264,0 88.45157738334777,24.85659428050554,0 88.45123795552735,24.85679847085555,0 88.45101258110209,24.85699146757196,0 88.45062692434441,24.85732281048618,0 88.45059606101294,24.85741115663568,0 88.45047567331203,24.8575284698507,0 88.45038614993913,24.85755743776291,0 88.45028596549481,24.85764446874257,0 88.4502057655112,24.85771815973965,0 88.45007587724439,24.85780430427824,0 88.4499261587532,24.8578919279083,0 88.44979644655338,24.85796451830653,0 88.44965662402964,24.85805281401705,0 88.44950691319447,24.85813987283428,0 88.44923756840629,24.85828607369652,0 88.44878100390645,24.85835681775542,0 88.44855317742832,24.85835717385931,0 88.44819718017067,24.85831151809109,0 88.44781146488987,24.85826610440327,0 88.44736573029117,24.85826579075843,0 88.44721716520051,24.85826474462399,0 88.44692992940197,24.85826332445586,0 88.44655354509513,24.85826206562219,0 88.44623695822381,24.85823264834321,0 88.44598021566463,24.85817168380849,0 88.44555620425565,24.85802474192166,0 88.44524096704569,24.85789197073217,0 88.44485640315163,24.85775844649693,0 88.44464955710549,24.85766921435878,0 88.44451203030501,24.8575812997839,0 88.44438498317899,24.85744944239654,0 88.44424938151893,24.85721412480359,0 88.44405663418561,24.85680365110357,0 88.4439614230424,24.85650946467341,0 88.44396390030752,24.85631970506267,0 88.44396657557544,24.85611469739289,0 88.44396906014752,24.85592437246219,0 88.44397097698375,24.85577753499246,0 88.44396414048195,24.85554248725314,0 88.44393748158519,24.85530835348403,0 88.443871199898,24.85507435441357,0 88.44379541409492,24.85480975081311,0 88.44369884139965,24.85462004469446,0 88.44365047290697,24.85453140372551,0 88.44354773916805,24.85443426416159,0 88.44349391062852,24.85438453844836,0 88.44338555429054,24.85433873739689,0 88.44320802059157,24.85428088855734,0 88.44307945856821,24.85426536937591,0 88.44290175518584,24.8542205096969,0 88.44275337826859,24.85420533965295,0 88.44236785530123,24.85414635725498,0 88.44206157593662,24.85408710635663,0 88.441804452509,24.85405606677848,0 88.44165645347614,24.85401209268908,0 88.44154789050263,24.85398210455905,0 88.4414212415633,24.85382031162671,0 88.44135458247753,24.85361567847745,0 88.44125899646278,24.85335085805071,0 88.44115617312295,24.85288205082434,0 88.44107220416559,24.85248631358181,0 88.44099776318312,24.85211948681164,0 88.44096427242168,24.85165087008598,0 88.44096989619793,24.85159953058367,0 88.44099743887406,24.85138688590356,0 88.44104069306695,24.85110889097736,0 88.44108680902292,24.85099077661643,0 88.4411328956606,24.85087492168443,0 88.44123387072263,24.85072746789803,0 88.44144357455734,24.85059701294836,0 88.4415730916034,24.85053911445259,0 88.44176242736076,24.85045136518925,0 88.44188680062256,24.85040809676708,0 88.44197137698104,24.85037851542088,0 88.44212070060362,24.85032083250715,0 88.44245820023605,24.85026406578874,0 88.44266581432123,24.85029343636542,0 88.44325535892835,24.85027668898324,0 88.44641113631633,24.85018839367902,0 88.44650083965595,24.85014530907235,0 88.44663093512372,24.850042790035,0 88.44673092405877,24.84997044615249,0 88.44681111416764,24.8498973214892,0 88.44696062606594,24.84982494930229,0 88.4471501406409,24.84972307417513,0 88.44726977275305,24.84966336953561,0 88.44734994777909,24.84959137432217,0 88.44756003174686,24.84943097853405,0 88.44762041413827,24.84935763906669,0 88.44772041649095,24.84928416484776,0 88.44785030519563,24.84919745728241,0 88.44799050825729,24.84907923185242,0 88.44821028864418,24.84893475575457,0 88.44832037712442,24.84884726908097,0 88.44848055347232,24.84871626711866,0 88.44858055479018,24.84864279236419,0 88.44872073468285,24.84852625952355,0 88.44895120242926,24.84832145991105,0 88.44911195077252,24.84814640637482,0 88.44923271969903,24.84799916187097,0 88.44931308360263,24.8479124820392,0 88.44944431258023,24.84772242325611,0 88.44950545005065,24.8475909129098,0 88.44961705662176,24.84738651968374,0 88.4497282807572,24.84721149458652,0 88.44982885322543,24.84709396722154,0 88.45003016481917,24.84684592280577,0 88.45020101903816,24.84665516279767,0 88.4504613727233,24.84643656295323,0 88.45077125445185,24.84621736979492,0 88.45114036217065,24.8460135024579,0 88.4516587819441,24.84575194132146,0 88.45196770682603,24.84560616403791,0 88.45232672455334,24.84541630532823,0 88.45269563650047,24.84522711799105,0 88.45306434936688,24.84505317783592,0 88.45355306664493,24.84479015837232,0 88.45386216184123,24.84463082345301,0 88.45417146223755,24.84445567366127,0 88.45447142249016,24.84423693091452,0 88.45481089017092,24.84402652080195,0 88.45507058529739,24.84385761206024,0 88.4551905668522,24.84377022741697,0 88.4552412144582,24.84368322361615,0 88.45530159679556,24.84360931691522,0 88.45541187312517,24.84350657645415,0 88.4554143317512,24.84331681716008,0 88.45536710136322,24.84314007824553,0 88.45527013042371,24.84298031232074,0 88.45519243150345,24.84286198771088,0 88.45508557412089,24.84270098609277,0 88.45498863388606,24.84253896049971,0 88.45491073782381,24.84243588465849,0 88.45481302167002,24.84233372409551,0 88.454695515465,24.84223022022801,0 88.4545193418938,24.84206846991894,0 88.45430335968108,24.84192153940662,0 88.45417593745965,24.84181905801973,0 88.4540386276348,24.84171533999246,0 88.45391120483971,24.84161285746421,0 88.45370512741499,24.84146603371497,0 88.45359734286338,24.84137675494576,0 88.4534699290228,24.84127370758699,0 88.45332308390645,24.84114164443352,0 88.45314672197745,24.8409945750845,0 88.45306844079846,24.8409214307431,0 88.45284200339086,24.84081731317545,0 88.45259573909667,24.84071467557752,0 88.45232967798016,24.840611258403,0 88.451944781322,24.84050712094532,0 88.45170552019563,24.84043731780556,0 88.45163892042012,24.84041795836323,0 88.4513427649691,24.84034415017477,0 88.4511058477193,24.84028453914622,0 88.45084892804466,24.84023996175711,0 88.45046308687547,24.84020867424727,0 88.4502650096842,24.84020878996463,0 88.45000734172859,24.84022181602229,0 88.44981916669181,24.84022203822528,0 88.44964090111787,24.84022180198095,0 88.44951216213806,24.84022097315372,0 88.44927407092059,24.84025171967921,0 88.44907545746966,24.84029306095943,0 88.44892150772799,24.84032697835396,0 88.44874768596665,24.8403657636796,0 88.44863836982061,24.84039451574568,0 88.44847973270504,24.84040804729855,0 88.44825119062348,24.84046600818647,0 88.4480721677745,24.84052394034115,0 88.44775315032567,24.84068485014191,0 88.44762365374787,24.8407421890663,0 88.44744424847964,24.84082948873163,0 88.447264834663,24.84091735170727,0 88.44712505256604,24.84100395120856,0 88.44685561789365,24.84115974779811,0 88.44671613792498,24.84122319079811,0 88.44639713139371,24.84138296812926,0 88.44609811288591,24.84152884111298,0 88.44580938634672,24.84164488821487,0 88.44537210749978,24.84176045121623,0 88.44518393709581,24.84176010237459,0 88.44488892438839,24.84178852932807,0 88.44450098003547,24.84172839608764,0 88.44419435564625,24.8416979519774,0 88.44375935962495,24.84163843586566,0 88.44354148227244,24.84163776158436,0 88.44326418987858,24.8416364418969,0 88.44298688185813,24.84163625052238,0 88.44272901858592,24.84166394696767,0 88.44244084943523,24.84173706636743,0 88.44223192998091,24.84180878737671,0 88.44197328255599,24.8418963470347,0 88.44152648036018,24.8419824230855,0 88.44139774752446,24.84198102202367,0 88.44105015412788,24.84205405556431,0 88.44076198291252,24.84212717090431,0 88.44039383712688,24.84225702824078,0 88.44001615791572,24.84235853839616,0 88.43962953694069,24.84238652137253,0 88.43903550780102,24.84237044456194,0 88.43872908322449,24.84232474022156,0 88.43836265786906,24.8423230037494,0 88.43803376022763,24.8422917392583,0 88.43781910434096,24.84223404273123,0 88.43774753321338,24.84221631677881,0 88.43752296051836,24.842159641654,0 88.4374147949228,24.8421002825349,0 88.43726738198394,24.84201281840343,0 88.43716950412509,24.84192419958916,0 88.43709143116072,24.8418357974616,0 88.43704528295855,24.8417675137497,0 88.4369894313495,24.8416838721695,0 88.43694575934342,24.8416156151736,0 88.43684882936026,24.84145470729312,0 88.43676181762693,24.84129277845631,0 88.43666547334422,24.84108725487762,0 88.43650229364563,24.84069178040631,0 88.43647392698141,24.84058923490822,0 88.43639721128903,24.84039748101963,0 88.43631095595114,24.84017794670536,0 88.43620548185237,24.83991357987243,0 88.43604250537086,24.83950285657408,0 88.43599452774963,24.83938541120871,0 88.43596577643329,24.83931223300338,0 88.43591779796662,24.83919478671055,0 88.43588963224752,24.83907699291388,0 88.4357940548929,24.83881329900099,0 88.4356017605916,24.83837288351238,0 88.43544714820416,24.83807973713361,0 88.4352826355088,24.83778648248016,0 88.43509832688672,24.83749244613757,0 88.43487478751193,24.83716917503676,0 88.43467293695829,24.836891327446,0 88.43452462136305,24.83668466941193,0 88.4342812747406,24.83636174452015,0 88.4339891823337,24.83598010880078,0 88.4337357583406,24.83567062872145,0 88.43360000098917,24.83545055148711,0 88.43340521169893,24.83520102097565,0 88.43333684823351,24.83512797373609,0 88.43318033156775,24.83498053211084,0 88.43303332360871,24.83486313221943,0 88.43282710543797,24.83472983190872,0 88.43254221391246,24.83455443792971,0 88.43231600637392,24.8344350396909,0 88.43200273287607,24.83415879214073,0 88.4323933281273,24.83307349579059,0 88.43248610490858,24.83279604707065,0 88.43268235253059,24.83218082772508,0 88.43284561265313,24.83181490528273,0 88.43300771327721,24.83153708516152,0 88.43313972339169,24.83128830678738,0 88.43321058615922,24.83117103088946,0 88.43332239067041,24.83095253315494,0 88.43338315852402,24.83084983271479,0 88.43348220734224,24.83066000110523,0 88.43357345054609,24.83049889114621,0 88.43377629422052,24.83032318639333,0 88.43384656951598,24.83025052677861,0 88.43395683751382,24.83014893234851,0 88.43408769383622,24.82998769039326,0 88.43422806532493,24.8298559239832,0 88.43429833274683,24.82978382858677,0 88.43437872382128,24.82969489811653,0 88.43444899106622,24.82962280265576,0 88.4345598578371,24.82947546246352,0 88.4346406123381,24.82935885942035,0 88.43474078363505,24.82927184008179,0 88.43478154556551,24.82918417104552,0 88.43488269575973,24.8290226040859,0 88.43495316255787,24.82893525935546,0 88.43501353505157,24.82886249112928,0 88.43958329770066,24.82700209309337,0 88.43970250490553,24.82697345676087,0 88.43981143354225,24.82697351377223,0 88.44011897196846,24.82693111353623,0 88.44052496180456,24.8269327125722,0 88.44073291144164,24.82693328288466,0 88.44087155915817,24.82693253350914,0 88.44112901465436,24.8269336428155,0 88.44132763119295,24.82689061874924,0 88.44145635571681,24.82689145526738,0 88.44164469399024,24.82687712522038,0 88.44177400107043,24.82683334590889,0 88.44190310866867,24.82680481461811,0 88.4420029041451,24.82674602750503,0 88.44210286866115,24.82667425165782,0 88.44218286065252,24.82661524914158,0 88.44247156948121,24.82649808054472,0 88.44262066349641,24.82645564550322,0 88.44277986511256,24.82639750448426,0 88.44303809439438,24.82633931038149,0 88.44334638911809,24.82623873318883,0 88.44362499460465,24.82613670300983,0 88.44389369949403,24.82603456388575,0 88.44420181647435,24.82594753896758,0 88.4443610093295,24.82588996163634,0 88.44466931633777,24.82578825208482,0 88.44486832033336,24.82571529071611,0 88.44507760025732,24.8256136335531,0 88.44526726211768,24.82549764283061,0 88.44541695071317,24.82540945893701,0 88.44567650865019,24.82524903981111,0 88.44581647166555,24.82514719414995,0 88.44599585518407,24.82505989724637,0 88.44617543002823,24.82495791733647,0 88.44630510916916,24.82488533125883,0 88.44646469725005,24.82479725375299,0 88.44659418451948,24.82473935114113,0 88.44677318385746,24.82468142075575,0 88.44692228959471,24.82463785184627,0 88.44716089418239,24.82456531690258,0 88.4473897962248,24.8244774252706,0 88.44752974963804,24.82437614341045,0 88.44770951256695,24.82425947715787,0 88.4478696646643,24.8241279124524,0 88.44799972461709,24.82402595668124,0 88.44807988053159,24.82395396253857,0 88.44821052773506,24.82380682669441,0 88.44834154173289,24.82363145308323,0 88.44842227842491,24.82351484236848,0 88.44847293700248,24.8234267119842,0 88.44855443766666,24.82325136642597,0 88.4486157465401,24.82310573817478,0 88.44866754430751,24.82293007086956,0 88.45323901639651,24.82319360953633,0 88.45353682932657,24.82313638989446,0 88.45371564752362,24.82309200538118,0 88.45400356009185,24.82303467702405,0 88.45411304940221,24.82299123715132,0 88.45432118935572,24.82297653986824,0 88.45444019908217,24.82296257395403,0 88.45459977755202,24.82287448812417,0 88.45468088165104,24.82272907136884,0 88.45474314114466,24.82250945727307,0 88.45477626260903,24.82224603697177,0 88.45482900113853,24.82199694867997,0 88.45486155789298,24.82177701406887,0 88.45489353660729,24.82160169577593,0 88.45494437307946,24.82149944415506,0 88.45520296554453,24.82141186147901,0 88.45533187434241,24.82139800172478,0 88.45553010345783,24.82138376050008,0 88.4558172647566,24.82138403380968,0 88.45605527970748,24.82135610056649,0 88.45630359049424,24.82129777571533,0 88.45657150477939,24.82125491286315,0 88.45669070287236,24.82122626157287,0 88.45692910414878,24.82116839432513,0 88.4571579851133,24.82108105270282,0 88.45736705718036,24.82099406183685,0 88.45746683928115,24.82093526400613,0 88.45767572063133,24.82086295639222,0 88.45785470958913,24.82080501228372,0 88.45794438597572,24.82076192090607,0 88.45811328382895,24.82071855354098,0 88.45820316570786,24.82065964952568,0 88.45841223528355,24.82057265726852,0 88.45858189222379,24.82047055385365,0 88.4586618576262,24.82041267272768,0 88.45880143936319,24.82033905226629,0 88.45884350915574,24.82014859097007,0 88.45893413418584,24.82003208073818,0 88.45898515579296,24.81991514425233,0 88.45898706093897,24.81976774235958,0 88.459090417873,24.81943221345296,0 88.45920312005258,24.81913971228521,0 88.4592844262267,24.81897791554982,0 88.45936552866399,24.81883193124465,0 88.45946663635478,24.81867034657744,0 88.45954811746097,24.81849499487388,0 88.4596299783892,24.81829027581001,0 88.459712218109,24.81805619029814,0 88.45982415872476,24.81782242336936,0 88.45993647792587,24.81755928905605,0 88.46003871456985,24.81731016742025,0 88.46015104012999,24.81704646765925,0 88.46026335900642,24.8167833331281,0 88.46037529755215,24.8165495658481,0 88.46050742234654,24.81628607971138,0 88.46062907859151,24.81606653797895,0 88.46075111323461,24.81581762884844,0 88.46088285051033,24.81558407414738,0 88.46100431458662,24.81537921491908,0 88.46112558941698,24.81518904015892,0 88.46125639257596,24.8150277737358,0 88.4614067996614,24.81488196899917,0 88.46153702647483,24.81476531863593,0 88.46177710350243,24.8145764192927,0 88.46200653608338,24.81444501902613,0 88.46211602210643,24.8144010084065,0 88.46232508559433,24.81431344590332,0 88.46250425153706,24.8142408121602,0 88.46268341726127,24.81416817821129,0 88.46286296109736,24.81406617675517,0 88.46296254638122,24.81402206012555,0 88.46310248846375,24.81391963315099,0 88.46317272892246,24.81384752340823,0 88.46331548816713,24.8135265356095,0 88.4633463311833,24.8134381881645,0 88.46338764199621,24.81330589514444,0 88.46337925582465,24.81318831964632,0 88.46338074705584,24.81307254547363,0 88.46335256091687,24.8129547573897,0 88.46324667970522,24.81271921413397,0 88.46317924854644,24.81257332854454,0 88.46310097956345,24.81250018865012,0 88.46305281150951,24.81239630711163,0 88.46298463856385,24.81230802630509,0 88.46288769779319,24.81214713703211,0 88.46282924356559,24.81207308080384,0 88.46247884858776,24.81160333001799,0 88.46236173704588,24.8114710305405,0 88.46228346925835,24.81139789105662,0 88.46192089776157,24.81110480072605,0 88.46182284520296,24.8110303184682,0 88.46133221448274,24.81145375425958,0 88.46109080184013,24.81174656717784,0 88.46081017440584,24.81200902216648,0 88.46060035574786,24.81215531710321,0 88.46051031473152,24.81222721271494,0 88.460340482353,24.81234400058659,0 88.46018055587838,24.81246033128553,0 88.45996102572791,24.81259183521193,0 88.45970208319432,24.81270822905319,0 88.45949321035621,24.81278110419561,0 88.45918494878842,24.8128828451782,0 88.45901550071332,24.81296969988644,0 88.45882585759783,24.81308683830103,0 88.45867601165374,24.81318915481184,0 88.45848619315633,24.81331984676753,0 88.45835690653882,24.81336364151041,0 88.45822800747824,24.81337750348178,0 88.4580292218626,24.81343579962471,0 88.45755453973108,24.81339001734114,0 88.45725864422302,24.8133009742645,0 88.45692352243242,24.81318270076806,0 88.45659886325389,24.81302104660621,0 88.45639207860435,24.81293239702893,0 88.45607694803849,24.81279965137364,0 88.45595851967013,24.81276956800014,0 88.45584959685151,24.81277008750212,0 88.45567138649666,24.81276872963396,0 88.45531286107433,24.81292866350261,0 88.45510380163533,24.81301565102276,0 88.45486503452365,24.8131028821165,0 88.4545866596342,24.81319025067656,0 88.45435818670641,24.81324709166692,0 88.45402058495337,24.81332026302092,0 88.45376258025641,24.8133637928329,0 88.45355446446457,24.81337792510906,0 88.45321782207147,24.81337711180169,0 88.45299067462634,24.81333173019152,0 88.45272410243464,24.81327236538731,0 88.45249713893855,24.81321286371924,0 88.4522012479035,24.813123809534,0 88.4519352338003,24.81302152190752,0 88.45165973114055,24.81288750077062,0 88.45133545473517,24.81269703271654,0 88.45105137331031,24.81246124710082,0 88.45075701177322,24.81225472116924,0 88.4505018625122,24.81207855501749,0 88.45032498992106,24.81197440566226,0 88.45027681069462,24.81187221363705,0 88.44997217047293,24.81169494627729,0 88.44983527271982,24.81156242200942,0 88.44975718853173,24.81147572164411,0 88.44963970959509,24.81137277898704,0 88.44954203893563,24.81126948623337,0 88.44943504033871,24.81112203505808,0 88.44928880317991,24.81094648157607,0 88.44914200712618,24.81081385026178,0 88.44898510662811,24.81069692406613,0 88.44872958860689,24.81054955761589,0 88.44845389602034,24.81043077825482,0 88.44809746230277,24.81042973846747,0 88.44791924129395,24.81042950091657,0 88.44779053505307,24.8104286700845,0 88.44756758671508,24.81006136950047,0 88.44744306407054,24.80973919237825,0 88.44734749921066,24.80947437886569,0 88.44729074680018,24.809270422882,0 88.44724412329606,24.80904906663739,0 88.44711065138904,24.80865392932155,0 88.44705372382556,24.80846352718842,0 88.44702537097825,24.80835985541677,0 88.4469581609065,24.8081987133011,0 88.44696025689203,24.80803775850485,0 88.44696196344488,24.8079067355715,0 88.44707183819099,24.80783280409566,0 88.44717140921371,24.80778982765483,0 88.44739931618091,24.80777591938095,0 88.4475280269891,24.80777618626407,0 88.44771615843337,24.80777540207591,0 88.44787456083139,24.80777655510633,0 88.44800325703659,24.80777795040187,0 88.44817213962848,24.80773459485987,0 88.44828144120582,24.80770471369551,0 88.44841090821795,24.80764680934527,0 88.44852115003589,24.80754464002582,0 88.44856189479108,24.80745696775729,0 88.44859331303364,24.80732513701986,0 88.44859482652237,24.80720879786135,0 88.44854704709631,24.8070761088004,0 88.44843223353089,24.80676872428266,0 88.44838408091834,24.80666483727139,0 88.44835609373783,24.80653292804512,0 88.44832772477834,24.80643038535514,0 88.44826108850435,24.80622519352669,0 88.45451945948936,24.8030953820512,0 88.45464815786873,24.80309620653331,0 88.45475763604519,24.80305220158479,0 88.45486730382002,24.802993513763,0 88.4549862934916,24.80297954736065,0 88.45509424935439,24.80305301180872,0 88.45528960249061,24.80325845973291,0 88.45541678748076,24.80337618784116,0 88.45549504612534,24.80344933050823,0 88.45561290196267,24.80352290139087,0 88.45574065720398,24.80359657810063,0 88.45586896971074,24.80362733420835,0 88.45604698270223,24.80364280993814,0 88.45623738099911,24.80346637625384,0 88.4562883982799,24.80334944154514,0 88.4563001902231,24.80320327667524,0 88.45634187133192,24.80304274937168,0 88.45633330252761,24.80293985668855,0 88.45633577292628,24.8027489704117,0 88.45637727063082,24.80260256148856,0 88.45653738447164,24.80247098703297,0 88.45664721954239,24.80239930839311,0 88.45680601001457,24.80236995424334,0 88.45692480837413,24.80237067003611,0 88.45714261398957,24.80237132435031,0 88.4572911325852,24.80237066502819,0 88.45746932598257,24.80237202076473,0 88.45761801218221,24.8023583724638,0 88.45772693405924,24.80235728767103,0 88.45785808515302,24.80216835203723,0 88.45781010793637,24.80205034991069,0 88.45774174805648,24.80197731426433,0 88.4577032832488,24.80188935059387,0 88.45766482574683,24.80180082250033,0 88.45763626017674,24.80171296551435,0 88.45758846647088,24.80158084490436,0 88.45755989277467,24.80149355231588,0 88.45744281183751,24.80136012021088,0 88.45734512781461,24.80125796208907,0 88.45725754066838,24.80114066252098,0 88.45715985697262,24.80103850426043,0 88.45703324943649,24.80087616206319,0 88.45693595325928,24.80074407272843,0 88.45688797026988,24.80062663462908,0 88.45682037976742,24.8004943001684,0 88.45672383670595,24.80030404026949,0 88.45671526791068,24.80020114848048,0 88.45664805678966,24.80003944652093,0 88.45662044275166,24.79987817075224,0 88.45650542575623,24.79958547737467,0 88.4564473542343,24.79948261599183,0 88.45631104086519,24.79930548342987,0 88.45627256347552,24.79921864899999,0 88.45610617382688,24.79907056229451,0 88.45592966709702,24.79893931169776,0 88.45574290970794,24.79883506290903,0 88.45549673749548,24.79873186593282,0 88.45538820718183,24.79870301802107,0 88.45490407273198,24.79862718860437,0 88.45479516948912,24.79862714236327,0 88.4545773702537,24.79862648523274,0 88.45438869743442,24.79867019973678,0 88.45422972840723,24.79871366954075,0 88.454021073992,24.7987712881032,0 88.45380269674619,24.79881524541089,0 88.45350476091713,24.79888658418805,0 88.45330637821763,24.79891550665213,0 88.45306801894844,24.79897336730305,0 88.45277044957334,24.79901646782931,0 88.45248278514964,24.79905910862814,0 88.45224460788918,24.79910284959191,0 88.45185774812293,24.79916023275473,0 88.45152077206433,24.79918821779352,0 88.45116399694957,24.79921598869628,0 88.45083634696942,24.79928812964071,0 88.45043919814165,24.79937533388847,0 88.45018103849819,24.79943297564289,0 88.44977552422328,24.79940203758211,0 88.44956837914806,24.79934330992842,0 88.44937190382258,24.79922539080368,0 88.44927405212296,24.79913678191039,0 88.44906615150583,24.79913622315522,0 88.44887804877023,24.79913587961582,0 88.44860047998368,24.79916337216703,0 88.44832289647462,24.79919199393413,0 88.44810508946649,24.79919189182406,0 88.44782788874315,24.79919114519035,0 88.44760019633681,24.79918980525867,0 88.44734336718466,24.79914522216608,0 88.44726530020981,24.79905795551539,0 88.44711928629773,24.79886658809756,0 88.44688646887724,24.7984986149107,0 88.44674101557025,24.79826432553621,0 88.4465470165827,24.79795664528507,0 88.44646934887919,24.79783888181718,0 88.4463212257091,24.79780959732814,0 88.446143039221,24.79780822799571,0 88.44588563809003,24.79780769260251,0 88.44569753812857,24.79780734405907,0 88.4453315071716,24.7977858588248,0 88.44558447796204,24.79736667638593,0 88.44579637928405,24.79706001374791,0 88.44602751020977,24.79679705268973,0 88.44628776325405,24.79657846319929,0 88.4465082433927,24.79637299835881,0 88.44681855391511,24.79611145941531,0 88.44707844378058,24.79592054201727,0 88.44727795465705,24.79580465700565,0 88.44749707921032,24.79570310498134,0 88.44765624504531,24.79564439423003,0 88.44795494757572,24.79551376788707,0 88.44813447643065,24.79541178546836,0 88.44835359954433,24.79531023224742,0 88.44856263949785,24.79522268981981,0 88.44871189097039,24.79516500038237,0 88.44899994353318,24.79509186996404,0 88.44922877256391,24.79500510566521,0 88.44945760225978,24.79491834192312,0 88.44967634799957,24.79484558902215,0 88.44985548551546,24.79477353562476,0 88.45011402462063,24.79468596294205,0 88.4504919252126,24.79455505987387,0 88.45083993909259,24.79443851805675,0 88.45121783179572,24.79430817762119,0 88.45158601522189,24.79416304539723,0 88.45208346623458,24.79397412381135,0 88.45257101617887,24.793785094473,0 88.45314784914495,24.79358177702552,0 88.45362492672288,24.79343668761837,0 88.45397255356556,24.79334950532019,0 88.45452786601587,24.79327868486947,0 88.4548452179166,24.79323579532439,0 88.45510373538964,24.79314934312793,0 88.45530249502058,24.79309048595305,0 88.45542204518829,24.79303246936951,0 88.45557092478276,24.7930030101488,0 88.45582849020673,24.79298997443503,0 88.45594767433637,24.79296019425512,0 88.45618525943048,24.79296106263012,0 88.4566400496786,24.79300776548576,0 88.45690621299366,24.79309535946628,0 88.45721156883937,24.79321444250256,0 88.45745735858679,24.79334643837067,0 88.45769229422005,24.7935523091231,0 88.45793712813926,24.79375828709842,0 88.45817130606378,24.79402289184195,0 88.45841558828914,24.79427178941784,0 88.45857169573108,24.79444913364485,0 88.45874761521507,24.79462556128943,0 88.4588449081141,24.79475764968121,0 88.45895210078965,24.79488984463741,0 88.45906939598316,24.79500633362861,0 88.45924568910895,24.79515395851889,0 88.4594423565797,24.79525717999503,0 88.45955049084441,24.79531652128983,0 88.45965900449237,24.79534649600766,0 88.45985680303522,24.79536218003684,0 88.46001520450056,24.79536219029255,0 88.46026326888513,24.79531854305427,0 88.46040224491763,24.79528953680025,0 88.46070989059908,24.7952318444319,0 88.46096784676935,24.7951888669784,0 88.46127548563454,24.79513173786938,0 88.46158275258412,24.79510341020931,0 88.46189993240436,24.79507405955865,0 88.46223689473025,24.79504604902089,0 88.46261307981972,24.79504726632333,0 88.46309759843044,24.79509257323411,0 88.46351262211756,24.79515294757241,0 88.46391774755581,24.79521321442176,0 88.4643030833613,24.79527270316153,0 88.464589039993,24.79536162527146,0 88.46478646896337,24.7954061056868,0 88.46492469396377,24.79543526467749,0 88.46505320270528,24.79545019892631,0 88.4651809555331,24.79552386776339,0 88.46537856618343,24.7955542281146,0 88.4654868927452,24.79559888129538,0 88.46561521948344,24.79562793431899,0 88.46574354005175,24.79565755162878,0 88.4658914613106,24.79570262928487,0 88.46601958541841,24.79574749443552,0 88.46611802814994,24.79579091214448,0 88.46627359746246,24.79601116897995,0 88.46754561361224,24.79409645980294,0 88.46764593431449,24.79399360520015,0 88.46774642962832,24.79387719568149,0 88.46783628499249,24.79381828589866,0 88.46791642475904,24.79374515073356,0 88.46799656344253,24.79367201553886,0 88.46814636846349,24.79357025530192,0 88.46838405745923,24.79356319707929,0 88.46855732190905,24.79317644676792,0 88.46866829378993,24.79301496289991,0 88.46882931632764,24.79281052238881,0 88.46900994603882,24.79262097737626,0 88.46920104681853,24.79238692183813,0 88.46933179948122,24.79222677921086,0 88.46948236382102,24.79206571777436,0 88.46961275320555,24.79193381163035,0 88.46973343298592,24.79178711667248,0 88.46985390914833,24.79165623411188,0 88.4699450805104,24.79149453753483,0 88.47004557171711,24.79137812752931,0 88.4701565401374,24.79121664268297,0 88.47032744084819,24.79101343547953,0 88.47036817136608,24.7909251927356,0 88.47046961034545,24.79073479886268,0 88.47058131580221,24.79051570882369,0 88.47060317660217,24.79035496565055,0 88.47063550013939,24.79015027738535,0 88.47063795465478,24.78995882628627,0 88.47066915604012,24.78984167466442,0 88.47070073312054,24.7896951566245,0 88.47075191130965,24.78956409751752,0 88.47081431267594,24.78932979514037,0 88.47088698141167,24.78906679570389,0 88.47094901282782,24.78886129529344,0 88.47101962526399,24.78875868545791,0 88.47108014354124,24.78867121870369,0 88.47114085673749,24.78856850295875,0 88.47135286521313,24.78824712010065,0 88.47145354756987,24.78811546031406,0 88.47152397042024,24.78802753393633,0 88.47160410339123,24.78795439702314,0 88.47171466788051,24.78782397264525,0 88.47179574133632,24.78767741733624,0 88.47184673609689,24.78756047717029,0 88.47185795842411,24.78745723385948,0 88.47190896121164,24.7873397283549,0 88.47191100875192,24.78717990311931,0 88.47191289729557,24.78703250300151,0 88.47188451254853,24.78692996522789,0 88.47184736660695,24.78673865613698,0 88.47181972781519,24.78657794990165,0 88.47182103688567,24.78647572958212,0 88.47174297529098,24.78638734717844,0 88.47166266277794,24.78647460338142,0 88.47118342486915,24.78601987965873,0 88.4710172156226,24.78585769276324,0 88.4709593345092,24.78573958901607,0 88.47089229379739,24.78556377530342,0 88.47089566699302,24.78530060080712,0 88.47084954421921,24.78503746213557,0 88.47085275223147,24.78478727714599,0 88.47085631444607,24.78450941894509,0 88.47088901952212,24.78427479881774,0 88.47090079991806,24.78412806891004,0 88.47095461106441,24.78379144107475,0 88.47098638171559,24.78362967396739,0 88.47103774533484,24.78348393202445,0 88.47108891999865,24.78335287374409,0 88.47120080629239,24.78311909972291,0 88.47126227746219,24.78295708578942,0 88.47136389508458,24.7827520078297,0 88.47147464432713,24.78260690006668,0 88.47155515681985,24.78250383154553,0 88.47170663169211,24.78227047973158,0 88.47184971267102,24.7819195543921,0 88.47198196999287,24.78164081172713,0 88.47206322627159,24.78147957269991,0 88.47216484247761,24.7812744951671,0 88.47217661310418,24.78112832960337,0 88.472199787016,24.78086480228806,0 88.47220278141134,24.78063099508199,0 88.47220484330575,24.78047004000594,0 88.47216881963662,24.78019119496058,0 88.47214044374952,24.78008809357648,0 88.47204578117994,24.77975044409823,0 88.47190311530306,24.7792964927341,0 88.47182618617464,24.77912000984852,0 88.47177782131492,24.77903194472751,0 88.47165063861395,24.77891479686262,0 88.47155278764427,24.77882620321557,0 88.47137687145768,24.77864979190904,0 88.47130851659428,24.77857676383109,0 88.47125006722236,24.77850327629109,0 88.47118266004031,24.77835626534625,0 88.47115521962138,24.77818031060245,0 88.47110741307002,24.77804875948577,0 88.47104151241204,24.77778427989933,0 88.47103348274069,24.77763846870364,0 88.47099577598803,24.777491210039,0 88.47099727494819,24.77737430679404,0 88.47106900870502,24.77718359591602,0 88.47112934010302,24.77711024855225,0 88.47122943439506,24.77702376900623,0 88.47132973798108,24.77692091249267,0 88.47139024975195,24.77683344486244,0 88.47142313229824,24.77658470707173,0 88.47111685653654,24.77653963797906,0 88.47083057121978,24.7764795311075,0 88.47039561848943,24.77643421490364,0 88.4700396555741,24.7764044271737,0 88.46988109175298,24.7764191119004,0 88.46973205506663,24.77646270453336,0 88.4696325190813,24.7765056973457,0 88.46951242735619,24.77660777633461,0 88.46923302389794,24.77678270875358,0 88.46907333591905,24.7768849294865,0 88.46887387820833,24.77700084421007,0 88.46868412090531,24.77713211376469,0 88.46847418431631,24.77729310272873,0 88.46827415154138,24.77745363220352,0 88.46803471058895,24.77759961951715,0 88.4678253391387,24.77771655654152,0 88.46759655570757,24.77780335013027,0 88.46738794496335,24.77786098828422,0 88.46720940229805,24.77788957636177,0 88.46698136730585,24.7779181995462,0 88.46677350339026,24.77791766738446,0 88.46653593243298,24.77791794604216,0 88.46633873585652,24.77785765495184,0 88.46616150069735,24.77778458739956,0 88.4660042630144,24.77769591779336,0 88.4658961344842,24.77763714668101,0 88.4657286301711,24.7775771735048,0 88.46559099886129,24.77750339966411,0 88.46542329088221,24.77745923866242,0 88.46524568585137,24.77741497207395,0 88.46511738637724,24.77738535427935,0 88.46487982449372,24.77738506584157,0 88.46473135875948,24.77738403808753,0 88.46456270692669,24.77741329373655,0 88.46439369110429,24.77747078689811,0 88.46426483091454,24.77748465509651,0 88.46267449371703,24.77799399961028,0 88.46255610581294,24.77796335726437,0 88.46240914627609,24.77784542371236,0 88.46230215563794,24.77769854761486,0 88.46217593769828,24.77750740908904,0 88.46205979279948,24.77730282203733,0 88.4620125783877,24.77712608756014,0 88.46195696721408,24.77683290830267,0 88.46195865641614,24.77670188634329,0 88.46196017111534,24.77658441837561,0 88.4617920947165,24.77656905621087,0 88.46165256645332,24.77664267841057,0 88.46145404055379,24.77668573025228,0 88.46130595555181,24.77665533159938,0 88.46117040406389,24.77642059965864,0 88.46108359671068,24.77624400471568,0 88.46102741997841,24.77599487523726,0 88.46099027929182,24.7758046938025,0 88.46093542960989,24.77545277996323,0 88.46080826963254,24.77533505776158,0 88.46067750863075,24.77549632179067,0 88.46051629960584,24.77571600077702,0 88.46041600208848,24.77581772070127,0 88.46031570440843,24.7759194405645,0 88.46018588378973,24.77600785086099,0 88.46002752240207,24.77600671172676,0 88.45972313467466,24.77581591233831,0 88.45954648191605,24.77569822101014,0 88.45939953608224,24.7755797197938,0 88.45926229101485,24.77547657235801,0 88.45919394478908,24.77540353921263,0 88.45906640680406,24.7753151820246,0 88.45887090374546,24.77512442392164,0 88.45871462403758,24.77496232933667,0 88.45858689746788,24.77488865543409,0 88.45850903471462,24.77478614680658,0 88.45839083288261,24.77474138164109,0 88.45829222842553,24.77471207806033,0 88.45818353662992,24.77469735138605,0 88.45808493949062,24.77466748235035,0 88.45786763049482,24.77463238086835,0 88.45772231500437,24.77438793902796,0 88.4576240909247,24.77432926749529,0 88.45752605643322,24.77425591215268,0 88.45742784606693,24.77419611166751,0 88.45734942339342,24.77413708917797,0 88.45725157149684,24.77404961521154,0 88.45696719054796,24.77384321086307,0 88.45694929639589,24.77369616237677,0 88.45689142008752,24.77357918275874,0 88.45682459694379,24.77338868020707,0 88.45677643445272,24.77328592673987,0 88.45677945938473,24.77305212008591,0 88.45678136653966,24.77290471997905,0 88.45681218932599,24.77281750431505,0 88.45681370902803,24.77270003611997,0 88.45684491916806,24.7725828885356,0 88.45684928038497,24.77224573210711,0 88.45685138435404,24.77208308473173,0 88.45685306462636,24.77195319223277,0 88.45674888886127,24.77178092500608,0 88.4567875644712,24.77166046954012,0 88.45673960060667,24.77154246783548,0 88.45671143026769,24.7714246789737,0 88.45661624070662,24.77113163640617,0 88.45661757103919,24.77102885193045,0 88.45666989644222,24.77080969809351,0 88.45677992117652,24.77072107625783,0 88.45688972715199,24.77064939755117,0 88.45698964987335,24.7705764830875,0 88.45711927063886,24.77050332291524,0 88.45719939982595,24.77043019460137,0 88.45727952990796,24.77035706623861,0 88.45739961820557,24.77025556121983,0 88.45753970456724,24.77013845810026,0 88.45766951404505,24.77005061373541,0 88.45779950559148,24.76994865173546,0 88.45795937615628,24.76983232540235,0 88.45810898543033,24.76974412988086,0 88.4582486834193,24.76965695715781,0 88.4584176910715,24.76959947034081,0 88.45854731719911,24.76952574459607,0 88.4587566765144,24.76940938598317,0 88.45893596708237,24.76932207435418,0 88.459195187991,24.76917688047,0 88.45953359493173,24.76903140919333,0 88.45993120434657,24.76890013039322,0 88.46043805369659,24.76874065442703,0 88.46078635436278,24.76859528707767,0 88.46116491188118,24.76840618753439,0 88.46161199965699,24.76827543651804,0 88.46176978206869,24.76832062384405,0 88.4619199547178,24.76818837439693,0 88.46202063039915,24.76805672182534,0 88.46208152295677,24.76793989209439,0 88.46213213377622,24.76785288768322,0 88.46218294796803,24.76775006979833,0 88.46222404743942,24.76763302785059,0 88.46227505143537,24.76751552619615,0 88.46235592524614,24.76738422569319,0 88.46237742165302,24.76725228691707,0 88.46240917784495,24.76709221691818,0 88.46246055939795,24.76694534954903,0 88.46249176302061,24.76682820010765,0 88.46252316179259,24.76669580342793,0 88.46252505426517,24.76654896876747,0 88.4625269250536,24.76640382824147,0 88.46267792368467,24.76639923746746,0 88.46287348456353,24.76639286586741,0 88.46494787583894,24.76632815093966,0 88.46853721560423,24.76621580244542,0 88.46862834117685,24.76605636638763,0 88.46869894895561,24.76595319436593,0 88.46876039263007,24.76579287549568,0 88.46876209579365,24.76566015948522,0 88.46871411525572,24.76554272726481,0 88.46870553140816,24.76544040137894,0 88.46863831612147,24.76527927107995,0 88.46854160891134,24.76510257514285,0 88.46848409573889,24.76495679898628,0 88.46834780437622,24.76477967837559,0 88.46829944705107,24.76469161250907,0 88.46826116080953,24.76459009876765,0 88.46819472238158,24.76436854010459,0 88.46816652796072,24.76425188434998,0 88.46809969266695,24.76406138627231,0 88.46798449989259,24.76378282305807,0 88.46798582732357,24.76367947351543,0 88.46798788742936,24.76351908503529,0 88.46806819396922,24.7634312667194,0 88.46827697510108,24.76335838052365,0 88.4685848983881,24.76327243333152,0 88.46884335449022,24.76318482707109,0 88.46894308302626,24.76312602265417,0 88.46899368715779,24.76303901527787,0 88.46909473386309,24.76287742657128,0 88.46915524820301,24.76278939642112,0 88.46920603926173,24.76268770618178,0 88.46926692978417,24.76257030856598,0 88.46934816323122,24.7624102016651,0 88.46940985753002,24.76223011736039,0 88.46943035888151,24.7621749838316,0 88.46953121000858,24.76202864298488,0 88.46959170825961,24.76194174151286,0 88.46979209693343,24.76175127846682,0 88.46992225781727,24.76163462207351,0 88.47002216549726,24.76156169770579,0 88.47011236525573,24.76147398443464,0 88.4703618474702,24.76131398178545,0 88.4704516779145,24.76125507043428,0 88.47065055802217,24.76118207422664,0 88.47084009262889,24.76106605126778,0 88.47095997898987,24.76097865457809,0 88.47117533100216,24.76077874793939,0 88.47130022327161,24.76068688552778,0 88.47145932256298,24.7606287144028,0 88.47174745941254,24.76054141947071,0 88.47190581396286,24.76054141649536,0 88.47224286477197,24.76049869953216,0 88.47246057970382,24.76050045925285,0 88.47272780238826,24.760500487634,0 88.47302396049035,24.76055956608203,0 88.47324055535449,24.76064886065624,0 88.47346688019471,24.76075125028191,0 88.47358470604833,24.76082480515866,0 88.47367246003728,24.7609279743643,0 88.47374283951636,24.76103547793421,0 88.4738472188871,24.76119304827622,0 88.47393460527012,24.76132501938004,0 88.47411909506921,24.76160318734801,0 88.47421637795479,24.76173526492332,0 88.47436295400124,24.76188255306178,0 88.47456910683388,24.76201466025699,0 88.47466751058911,24.76205920154354,0 88.47476610193043,24.76208905816807,0 88.47489419978297,24.76213335116196,0 88.47500268716354,24.76216331333912,0 88.47516907085867,24.76230968230344,0 88.47527605671,24.76245711199046,0 88.47540264730314,24.76261943663311,0 88.47554698793219,24.76294179621717,0 88.47554568206701,24.76304401581402,0 88.47554324962313,24.76323433664038,0 88.47554156073824,24.76336648802367,0 88.47553969159082,24.76351275777767,0 88.47558731085574,24.76365899052959,0 88.47562484478168,24.76381980130261,0 88.47568178278414,24.76401131954697,0 88.47572977625796,24.7641281848711,0 88.47577776365263,24.76424561547642,0 88.47663347880665,24.76602207087897,0 88.47809181661017,24.7690537667654,0 88.47867998325495,24.77027722333196,0 88.47887943502299,24.7701601657406,0 88.47896908128007,24.77011593198279,0 88.47914798338,24.77005796227223,0 88.47924733089879,24.77002908183419,0 88.47939635517359,24.76998547930942,0 88.47948598681781,24.76994237587792,0 88.47968487550922,24.76986936643996,0 88.47984435860192,24.76978181786768,0 88.4799636856504,24.76973846493499,0 88.4800835813375,24.76965049562587,0 88.48017359333869,24.76957745918331,0 88.48025371588511,24.76950375295032,0 88.4803836658664,24.7694034636331,0 88.48049403809205,24.76928602229123,0 88.480654073107,24.76915498726323,0 88.48076425905055,24.76905222848066,0 88.48088489445227,24.76890608927055,0 88.48109535265353,24.76870159668542,0 88.48125575976188,24.76854119466855,0 88.48140609145017,24.76839480466329,0 88.4815463305862,24.76826355915385,0 88.48169647392947,24.76813185254351,0 88.48185631953309,24.76801549998876,0 88.48198554763651,24.76797168456411,0 88.4821933948455,24.76797219545634,0 88.48240123389743,24.76797326957496,0 88.48259918470535,24.76797367470709,0 88.48281656127247,24.76800309100448,0 88.48301413805292,24.76803286288539,0 88.48327072015564,24.76809262992227,0 88.48354747630667,24.76812267504502,0 88.48378426603892,24.7681822318428,0 88.48426830976807,24.76825683311481,0 88.48455477646897,24.76830166505545,0 88.48505917362843,24.76833242291329,0 88.48601043854845,24.76824759986813,0 88.48614993491441,24.76817451859054,0 88.48626926509966,24.76813059548659,0 88.48637887882089,24.76807244812568,0 88.48648793307987,24.76805835068701,0 88.48658802249115,24.76797073189706,0 88.48671892548423,24.76779476068311,0 88.48679940081584,24.76769281362252,0 88.48691068954238,24.76750251412778,0 88.48699302714924,24.76725373066151,0 88.48706472296608,24.76706357769805,0 88.48725667119766,24.76675664713343,0 88.4873246489505,24.76685959957164,0 88.48743111717268,24.76704937638247,0 88.4875575429912,24.76722637421501,0 88.48772339076591,24.76741677899642,0 88.48792974700929,24.76753474918041,0 88.48802798165759,24.76759339953217,0 88.48834432263972,24.76762385327731,0 88.48852320912211,24.76756643621911,0 88.48852506282883,24.76742016618543,0 88.48847874338823,24.76717002330506,0 88.48841260317259,24.7669219302242,0 88.48827906388446,24.76652514105398,0 88.48824058833601,24.76643718624616,0 88.48821331055929,24.76624655176262,0 88.48819592295847,24.76605658648333,0 88.48819815609038,24.7658803838442,0 88.48824987010363,24.76570470439566,0 88.48840971332893,24.76558777992885,0 88.48868813844115,24.76548566312384,0 88.48879626079884,24.76554498224217,0 88.48886461175849,24.7656185667097,0 88.48899105219478,24.76579443361984,0 88.48911747876924,24.76597142921668,0 88.48921552685164,24.76604476245481,0 88.48930404944798,24.76608862364249,0 88.4894321579122,24.7661329028192,0 88.48960042280244,24.76613242021554,0 88.49001498043273,24.76622264867854,0 88.49006298291474,24.76634007399683,0 88.49008148153585,24.76644250341269,0 88.49013900802133,24.76658939973125,0 88.49018738217035,24.7666774586609,0 88.49018516610282,24.76685253146384,0 88.49025203926192,24.76704301884255,0 88.49026960167461,24.76721942980627,0 88.49037568907274,24.76743970213825,0 88.49044404202354,24.76751328577423,0 88.49057233796898,24.76754288026579,0 88.49073069416769,24.76754342136137,0 88.49088904424239,24.76754452668624,0 88.49100782937478,24.76754352012454,0 88.49113649049225,24.76754431129915,0 88.49127486847527,24.76755932618822,0 88.49153034667727,24.76770661527777,0 88.49172699688637,24.76780979272317,0 88.49182559728573,24.76783963767787,0 88.4919344650357,24.76784022081963,0 88.49209283670204,24.76783962982783,0 88.4922616468387,24.76779622301375,0 88.49242110359192,24.76770979036989,0 88.49253127715075,24.76760702252831,0 88.49260167282291,24.76751908634247,0 88.49269260256789,24.7673726247437,0 88.4928130294625,24.76724172372916,0 88.49292430740458,24.76705141930959,0 88.49302550440824,24.76687569481884,0 88.49319763773062,24.76656911273958,0 88.49319893607894,24.76646632749888,0 88.49324953016108,24.76637874738981,0 88.49328053127404,24.76627514588429,0 88.49332196423022,24.76612929215285,0 88.49335405689008,24.76593928402147,0 88.49338634187009,24.7657340269689,0 88.49343804843073,24.76555834607106,0 88.49344960629209,24.7654268624957,0 88.49346097883526,24.76531006342667,0 88.49347218732133,24.7652062538395,0 88.49353655707755,24.76481155299518,0 88.49356772876057,24.76469439754846,0 88.49360131029411,24.76438635610612,0 88.49362448312485,24.76431486700832,0 88.49365282370856,24.76422592315718,0 88.49365448527597,24.76409433599591,0 88.49332498369387,24.76255962418814,0 88.49329695699934,24.76242772441389,0 88.49249519123397,24.75871402453631,0 88.49238800883394,24.75858072621575,0 88.49237135756104,24.75833202790328,0 88.492314396403,24.75814051695318,0 88.49229588950151,24.75803865305167,0 88.49223013187124,24.75776006634345,0 88.4921546503699,24.75746782108438,0 88.49210628591609,24.7573791990788,0 88.49200973563501,24.75718783488599,0 88.49190327699318,24.75699749661422,0 88.4918153229584,24.75690902137078,0 88.49159030405804,24.75670274830486,0 88.4914823597735,24.75662987692677,0 88.49137442370639,24.75655644104704,0 88.49128628574277,24.75648264997962,0 88.49115948721041,24.75633558737119,0 88.4909830111004,24.75620381735265,0 88.49092456691952,24.75612977294595,0 88.49085640598618,24.75604150641097,0 88.49080858684309,24.75590996270662,0 88.49078130029174,24.75571989382856,0 88.49073441689443,24.75551436750276,0 88.49065914041576,24.75520630872552,0 88.49056387992964,24.75491328942899,0 88.49044773020907,24.75470703271243,0 88.49032093455595,24.75455997013195,0 88.49016425243333,24.75442840750059,0 88.49006621433513,24.75435507526446,0 88.48990788195349,24.75435396917396,0 88.48975888030122,24.75439758210556,0 88.4896500180952,24.7543975630331,0 88.48952173600784,24.75436796705614,0 88.48930513388665,24.75427926221692,0 88.48897181866035,24.75402891438655,0 88.48864895878991,24.75373461962834,0 88.48839573878587,24.75341168898183,0 88.48822150359996,24.75310371240816,0 88.48815538618686,24.75285449138912,0 88.4881570459779,24.7527234691516,0 88.48819868065368,24.75256180495808,0 88.48829034167318,24.75235717763866,0 88.4883911607013,24.75221082352194,0 88.48852296750449,24.75196199833474,0 88.48866578357358,24.75162517689823,0 88.48882838285114,24.75128912941353,0 88.48904084945927,24.75092254355858,0 88.48920176577029,24.75071921119327,0 88.4893828716904,24.75048446243957,0 88.48956396982813,24.75025027789989,0 88.48978539128584,24.74995777676155,0 88.49001669853641,24.74966594541561,0 88.4901976085642,24.74944644384496,0 88.49041901196762,24.74915507160522,0 88.49067012114583,24.74886231729838,0 88.49097145208918,24.7485107862447,0 88.49127221018078,24.74820443530585,0 88.49144322118248,24.74798482770832,0 88.49160545058847,24.74767701430464,0 88.49181918018823,24.74720933453353,0 88.49174168502428,24.74707691342325,0 88.49169331109643,24.74698942068129,0 88.49158724698441,24.74676858630454,0 88.49151964089735,24.74663683411372,0 88.49145259190709,24.74646103184098,0 88.49139598662188,24.74624184858167,0 88.4913098986016,24.74600653874518,0 88.49131194095177,24.74584502130312,0 88.4913132335264,24.74574280196497,0 88.49134495958263,24.74558159678016,0 88.49138805831589,24.74530359328354,0 88.49144966765161,24.7451268878629,0 88.49148137921638,24.74496681237125,0 88.49151217667753,24.74487902541001,0 88.4915845870626,24.74463070139737,0 88.49167625764952,24.7444243782138,0 88.4918063707609,24.7443082660615,0 88.49192621797695,24.74422141735494,0 88.49213513736993,24.7441338126115,0 88.49240379322586,24.74401746625282,0 88.49281099286775,24.74390088431321,0 88.49334081840151,24.74190981544892,0 88.4923803943897,24.73647118856755,0 88.49238186393258,24.73635485080089,0 88.49238391155879,24.73619276881726,0 88.49238577457953,24.73604536958124,0 88.49237845679667,24.73584139138445,0 88.49238086854768,24.73565050737358,0 88.49237300824764,24.73548945043809,0 88.49237429223218,24.73538779541886,0 88.49224765024429,24.73523000590919,0 88.49243645186235,24.73516704138695,0 88.49251556627357,24.73517069884571,0 88.49271350494816,24.73516770120267,0 88.49287217484863,24.73514000167382,0 88.49302078770479,24.73512518779035,0 88.49322969039829,24.73503758127794,0 88.49343858470856,24.73495053980837,0 88.49359745378304,24.73490702705419,0 88.49382576513378,24.73484955972695,0 88.49393499514899,24.73481907952944,0 88.49404419575211,24.73479085870414,0 88.4941629343938,24.73479097902823,0 88.49429193039879,24.7347624017888,0 88.49437646850292,24.73472827213561,0 88.49455048433656,24.73466063071368,0 88.49465036211369,24.73458712514616,0 88.494820043402,24.7344708626798,0 88.49499962512411,24.73435413921256,0 88.4951019823973,24.7342800948583,0 88.49515941210942,24.73423777280185,0 88.49535933622548,24.73407720692614,0 88.49553873163276,24.73397516651084,0 88.49567873744692,24.73385802626735,0 88.49579875639758,24.73375649130322,0 88.49590852630685,24.73368308849281,0 88.49603826749018,24.7335952108127,0 88.4961780730828,24.73349388351002,0 88.49639741865315,24.73336232626833,0 88.49648739263286,24.73328928048437,0 88.49669646665157,24.73318755014617,0 88.49692515752542,24.73309958218561,0 88.49697992710247,24.73307191636497,0 88.49712433729691,24.73299774781551,0 88.49731380821038,24.73288112520549,0 88.49749338523465,24.73276439894391,0 88.4976529898815,24.73266214839215,0 88.49781259426237,24.73255989768144,0 88.49791233295801,24.73249712017145,0 88.49802202873465,24.73242936361296,0 88.49812170962865,24.73237110395454,0 88.49822176027385,24.7322834769436,0 88.49835168322898,24.73218091374582,0 88.49849094575133,24.7321225047314,0 88.49866959617698,24.73207919446667,0 88.49886821217301,24.73202197233245,0 88.49900766516222,24.73194831391354,0 88.49912958476401,24.73189198204025,0 88.49938585354367,24.73177436296409,0 88.49947546307804,24.73173011746863,0 88.49973382139667,24.73164302064354,0 88.49994252843813,24.73157008796747,0 88.50027070017731,24.7314391014239,0 88.50053950467068,24.73130805740634,0 88.50084788923,24.73117686227847,0 88.50134894604493,24.7310674536994,0 88.50153244163836,24.73103209703999,0 88.50181993156261,24.73098879362647,0 88.50204804587736,24.73094599609595,0 88.5023161034149,24.73087424703538,0 88.50269375246845,24.73074264303057,0 88.50288266132495,24.73067006373437,0 88.50312123515478,24.73058218980371,0 88.50329035075144,24.73050996738046,0 88.50352873258367,24.73043733995693,0 88.50384718914746,24.73029155830702,0 88.50409582496057,24.73019023199798,0 88.50441391175646,24.73007381554151,0 88.50469186519247,24.73000160005713,0 88.50483057661019,24.72998667094254,0 88.50508819863951,24.72995773347003,0 88.5052864467131,24.72992930413792,0 88.50557374931857,24.72990067640398,0 88.50572214855974,24.72990222621575,0 88.5059601675889,24.72985839695305,0 88.50615878931437,24.72980003575975,0 88.5062582810672,24.72975645365117,0 88.50633816922074,24.72969798216708,0 88.50642831849852,24.72961024626417,0 88.50657599758546,24.72966939996404,0 88.50670371237464,24.72974246526232,0 88.50691019258133,24.7298468535372,0 88.50708774193164,24.72989106804748,0 88.50718632804097,24.7299197727684,0 88.50746317810295,24.72993565206347,0 88.50762149267521,24.72993560954094,0 88.50789889319874,24.72990743811859,0 88.50808724707319,24.72987890236439,0 88.50841448115423,24.7298218791816,0 88.50863307271936,24.72974903748803,0 88.50876262371662,24.72967526675808,0 88.5089605038718,24.7296761998219,0 88.5091686576361,24.72964673928522,0 88.50935756163661,24.72957415206491,0 88.50955672486391,24.72947230006762,0 88.50968644454015,24.7293849746911,0 88.50987754067921,24.72913674989111,0 88.50994863383431,24.72899007236438,0 88.50998985669233,24.72885833406561,0 88.50999149973578,24.72872674789517,0 88.5099150978924,24.72850623736067,0 88.50978903901847,24.72830045892585,0 88.50964318028242,24.72809560479176,0 88.50943778070925,24.72790481454187,0 88.50933957612149,24.72784561432816,0 88.50923147051769,24.72778687669397,0 88.50908379358678,24.72772772554034,0 88.50895535291346,24.72771283132744,0 88.50880694839515,24.72771184901121,0 88.50869866743255,24.72766722926305,0 88.50855134428096,24.72757984006323,0 88.5083747226722,24.72746164559976,0 88.50823767269551,24.7273438636836,0 88.50809072387104,24.72722654327685,0 88.50801248331598,24.72715343022858,0 88.50794452363441,24.72704935945837,0 88.50783824251094,24.72684491524614,0 88.50775102047128,24.72669884652251,0 88.50772263333033,24.72659518851615,0 88.50770485352129,24.72643459474855,0 88.50770760015845,24.72621490768261,0 88.50770980331089,24.72603870703995,0 88.50771200042277,24.72586307079045,0 88.50771547446877,24.72558521637075,0 88.50768726447166,24.72546743911984,0 88.5076392616735,24.72535002069717,0 88.50757165701664,24.72521771215409,0 88.50750350891519,24.72512888910525,0 88.50742544593196,24.72504165735322,0 88.50724882200556,24.72492402661264,0 88.50716070463046,24.72484968047602,0 88.50709235903668,24.72477667054974,0 88.50702438039167,24.72467429335639,0 88.50694706082375,24.72452776242818,0 88.50689888221464,24.72442446291866,0 88.50679224436001,24.72424882054617,0 88.5067149253488,24.72410228946471,0 88.50664750539495,24.72395529769387,0 88.50657075180615,24.72376358683821,0 88.50645549519632,24.72348618655192,0 88.50639851268741,24.72329581284252,0 88.50633129266929,24.72313300752193,0 88.50630585499285,24.72299153694334,0 88.5062851163531,24.72286988379838,0 88.50630072575565,24.72280848158832,0 88.50631626474876,24.72275272706091,0 88.50633736451454,24.72264789072677,0 88.50634797120351,24.72259095503841,0 88.50636105056313,24.72253404507439,0 88.50638455353649,24.72243488213348,0 88.50641060658766,24.72232953282236,0 88.50643152320002,24.72223938009418,0 88.50651322966665,24.72203520397036,0 88.5065146856562,24.72191886649052,0 88.50651818386282,24.72163931680845,0 88.50649069707147,24.72146393619406,0 88.50646188305423,24.72119704072899,0 88.50645534701509,24.72112637018209,0 88.50641010364772,24.72078870036188,0 88.50629594474485,24.7204237650548,0 88.50607336713054,24.71982838061248,0 88.50594127019062,24.71951352598583,0 88.50577858549607,24.71907352760232,0 88.50560656905581,24.7185888097941,0 88.50548289682969,24.71819383893422,0 88.50534934919388,24.71779763521227,0 88.5052535379031,24.71754811339844,0 88.5051482031238,24.71726912213557,0 88.50507217821061,24.71701980700438,0 88.50500548620631,24.71681521104632,0 88.50490950027384,24.71657980813957,0 88.5047838169359,24.71634578844789,0 88.5045903679154,24.71599301392272,0 88.50439690593129,24.71564136879905,0 88.50419484821207,24.71518627127071,0 88.50419612938703,24.71508405285438,0 88.50426384235288,24.71500963968326,0 88.50717064018987,24.71298237480998,0 88.50730035125902,24.71289448765109,0 88.50743097285159,24.71273374751519,0 88.50756104331637,24.71261705818927,0 88.50762186320388,24.71250021063123,0 88.50767241720185,24.71241319099594,0 88.50782282862986,24.71225209271428,0 88.50795290527337,24.71213483867477,0 88.50803314757391,24.71204699947047,0 88.50813335128973,24.71194524749695,0 88.50826288377792,24.71187147790511,0 88.50843179260028,24.71181336829809,0 88.50847906767382,24.71179070405855,0 88.50858109339063,24.71174093464327,0 88.50876008453727,24.71166768031392,0 88.50901839985781,24.71158000244549,0 88.50930582597009,24.71153781294591,0 88.50964327507029,24.71145095853997,0 88.5097925816895,24.71137795841937,0 88.50995195754578,24.71129094251181,0 88.51006151396234,24.71123221320668,0 88.51016117146197,24.71117394556142,0 88.51024177178219,24.71105730241266,0 88.51202514554777,24.70925941421881,0 88.51210520772148,24.70918569133422,0 88.51218543116688,24.70909897891876,0 88.51228562813552,24.70899722441608,0 88.51239537181209,24.70892324550404,0 88.5125241520292,24.70890933487456,0 88.51269232326145,24.70890995430688,0 88.51280113688529,24.70891052113377,0 88.51288046702716,24.70889553053379,0 88.51295978915357,24.70888110521264,0 88.51323714748412,24.70885235901844,0 88.51334596103764,24.70885292545229,0 88.51347438251427,24.7088678159375,0 88.51357258048287,24.70892644799321,0 88.5138001082628,24.70892711740001,0 88.51390891484802,24.70892824782907,0 88.51428484360387,24.70892819982528,0 88.51465067056154,24.70894499063098,0 88.51493756088782,24.7089451456071,0 88.51526400355613,24.70894684003456,0 88.51544207327197,24.70894699431708,0 88.51558021057123,24.70897610361609,0 88.51567877553465,24.70900536792108,0 88.51598507015122,24.70903622244297,0 88.51618292313663,24.70903658043038,0 88.51644049753149,24.7090076228607,0 88.51664842393326,24.70899339980789,0 88.5168862149002,24.70896423607272,0 88.51713442984079,24.70889225401011,0 88.51791718648865,24.70640387756052,0 88.5178700924447,24.70621304604738,0 88.51784150591563,24.70612520318542,0 88.51782299256415,24.70602277980721,0 88.51772626034877,24.70584611907529,0 88.51764820335634,24.70575889309754,0 88.51755091722073,24.70562684744932,0 88.51742432996285,24.70546456255584,0 88.51734701672618,24.70531747406253,0 88.51728030332362,24.70511344834429,0 88.51728341152351,24.70486326712657,0 88.51751292953344,24.70470297871308,0 88.51761258524017,24.70464414117312,0 88.51779173535526,24.70455675754338,0 88.51790109228655,24.70451327003235,0 88.51806064227618,24.70441099721137,0 88.51816999199515,24.70436807482342,0 88.51826964711029,24.70430923687198,0 88.51839916546459,24.7042354582146,0 88.51851858780681,24.70417795414197,0 88.51868729933551,24.704134516346,0 88.51880672941813,24.70407644763772,0 88.51891572125135,24.70406232662296,0 88.51909451925341,24.70400317719312,0 88.51927347775184,24.70393103989086,0 88.51956161711129,24.70382953109706,0 88.51972061813744,24.70377130650377,0 88.51992890628409,24.70372714772923,0 88.52018736412815,24.70362589601296,0 88.52044565401479,24.70353819774494,0 88.52079296282196,24.70345141979375,0 88.52098198600773,24.70336526334113,0 88.52119027292997,24.70332110196369,0 88.52139800762687,24.70332155547888,0 88.52159585018219,24.70332190586625,0 88.52167729111277,24.70333573908883,0 88.52177353387282,24.70335254810352,0 88.52198126758914,24.70335300081826,0 88.52213935836259,24.70336818986883,0 88.52236579083026,24.7034563820821,0 88.52262154056167,24.70357368143922,0 88.52289615817585,24.70376516637749,0 88.52310279655994,24.70385428249402,0 88.52334338255137,24.70399797019801,0 88.52350511322804,24.70411881667408,0 88.52369179508189,24.70422184566137,0 88.52383891242445,24.70432446631973,0 88.52401570363814,24.70442739307749,0 88.5242216177452,24.70457524005325,0 88.52449552092891,24.70482489080421,0 88.5247107408519,24.70502027775436,0 88.52476943215839,24.70507397568603,0 88.52497444056623,24.7052952393848,0 88.52525016080638,24.70539805469226,0 88.52539818122131,24.70542782203587,0 88.52558649923124,24.70539869816167,0 88.52578489026611,24.70535499395128,0 88.5259539560323,24.70528274530334,0 88.52607339042152,24.70522410561881,0 88.52626260787082,24.7051221292925,0 88.52642215026245,24.70501984698353,0 88.52660147586452,24.7049177686324,0 88.52675094573826,24.70483006704178,0 88.52683099608984,24.70475633590474,0 88.52699123551889,24.70459757909362,0 88.52709142938372,24.70449468478735,0 88.52723227589807,24.70430409802988,0 88.52740315782087,24.70408444961964,0 88.52759416190658,24.70383733294607,0 88.52771454881857,24.70370132159069,0 88.52786547220606,24.703495587889,0 88.52814528609386,24.70326632824719,0 88.52843540072958,24.70300385076575,0 88.52874512269815,24.70275569397733,0 88.52906402449739,24.70256524258085,0 88.52944297338134,24.70231836176761,0 88.52969244754792,24.70214244523371,0 88.52994155926609,24.70199589452333,0 88.53018058519031,24.70186505530028,0 88.53038993666462,24.70173390980568,0 88.53051447740275,24.70166176367254,0 88.53071871627837,24.70154412090166,0 88.53093795163849,24.7014136413399,0 88.53132608902504,24.70122333219742,0 88.53170396004992,24.70106341490626,0 88.53209135876006,24.70093296598009,0 88.53258757132987,24.70080250266778,0 88.5329051909039,24.70071539099553,0 88.53326256143012,24.70061343637897,0 88.53366921265919,24.70052610588672,0 88.53395625654268,24.70051210445692,0 88.53411452430549,24.70051259655731,0 88.53434203508357,24.70051323463194,0 88.53445066171318,24.70052846781708,0 88.53474652135017,24.70060210099719,0 88.53492384386296,24.70066209385605,0 88.53517978097319,24.70076468708647,0 88.53546538327389,24.70086814920637,0 88.53579972769361,24.70103028557339,0 88.53614469134656,24.70113322452764,0 88.5375209260332,24.70184089744904,0 88.53766787943502,24.70195762235966,0 88.53778117601075,24.70199549318171,0 88.53795366770005,24.7020463959589,0 88.53805221767026,24.70207677350063,0 88.53820958919817,24.70215067875814,0 88.53835743556755,24.70219455066456,0 88.53853495501565,24.7022387258276,0 88.53867344370636,24.702239011331,0 88.53882218303019,24.70221003139407,0 88.5390106655189,24.70216677101984,0 88.53911030833018,24.70210791886124,0 88.53926929000866,24.70205023757844,0 88.53956767186342,24.70191829355962,0 88.53972755214998,24.70178719515065,0 88.53986728390026,24.70168582471069,0 88.5400372474711,24.70153901353121,0 88.54012717063245,24.70146594089952,0 88.5402768064112,24.70136354293595,0 88.54042589563251,24.70130575886823,0 88.54053631181662,24.7011747187016,0 88.5405967418375,24.70108665927299,0 88.54069745376684,24.70094027038198,0 88.54075770347312,24.70086689441095,0 88.5408283753906,24.70075013479403,0 88.54095894631783,24.70058879989499,0 88.54105875910533,24.70051582743573,0 88.5411495654387,24.70037046640999,0 88.54128031363902,24.70019444867318,0 88.54133085187271,24.70010628832493,0 88.54149161722088,24.69990233509007,0 88.54157201348104,24.69979922960992,0 88.54167272229567,24.69965284015624,0 88.54177341809176,24.69950757943919,0 88.54188438304088,24.69933135907597,0 88.54199480290264,24.69919975355914,0 88.54209514596093,24.69908329526311,0 88.54214272035577,24.69903520651585,0 88.54219532266214,24.69898039070995,0 88.54231527375107,24.69887825259854,0 88.5424355834721,24.6987467473889,0 88.54259563561135,24.69860096181128,0 88.54265588311482,24.69852758516502,0 88.54278590295125,24.69841086378828,0 88.54286574584688,24.69835293700611,0 88.54308480289701,24.69823542811737,0 88.54319432438632,24.69817723841402,0 88.54340364932185,24.69804663914786,0 88.54368150491509,24.69797434840131,0 88.543989045811,24.69790122982553,0 88.54428598673587,24.69788617884343,0 88.5445827282531,24.69788750397638,0 88.54474081342967,24.6979026685159,0 88.54494817316343,24.6979330194258,0 88.54512568932715,24.69797718608145,0 88.54528307302576,24.69804995339408,0 88.54544979025194,24.69816856641139,0 88.54554710048643,24.69830059292243,0 88.54563469979749,24.69841783548168,0 88.54573201042909,24.69854986184951,0 88.54585953087577,24.69863813966635,0 88.54595772270349,24.69869787813024,0 88.54616385319321,24.69882931666678,0 88.54644010643649,24.69888860596734,0 88.54651835259413,24.6989616971619,0 88.5466357969983,24.69906512183918,0 88.5466942482178,24.69913914201193,0 88.54688870152705,24.69941731218555,0 88.5469664052751,24.69953501795889,0 88.54714177900989,24.6997553829448,0 88.54731769037144,24.69993169724132,0 88.54751338383144,24.70010821270698,0 88.54778785461147,24.70031433320217,0 88.54792509768609,24.70041682838458,0 88.5482197285021,24.70059208740683,0 88.54840641272209,24.7006962137181,0 88.5485832201022,24.70079910989828,0 88.54887783313654,24.70097606252981,0 88.54894163725652,24.70101681131619,0 88.54901525593769,24.70106387316084,0 88.54919223558358,24.70115265040763,0 88.54938883968903,24.70125461703392,0 88.54962498809307,24.70135867790976,0 88.54979208450558,24.70144678899408,0 88.54997895610579,24.70153566534822,0 88.55013616306972,24.70162367593165,0 88.55043132186248,24.70175601050501,0 88.55050974323706,24.70181498123458,0 88.55073618740231,24.701903692353,0 88.55084428280038,24.70196296387439,0 88.5510209228067,24.70207997512924,0 88.55119933117795,24.7020512830962,0 88.5513975213123,24.70202278992546,0 88.55155597662839,24.70200801565136,0 88.55168752639698,24.70196868080916,0 88.55178490919512,24.7018917229657,0 88.5519541392739,24.70180419626988,0 88.55221186768884,24.70176049037059,0 88.55239045297712,24.70171711260326,0 88.55251922133441,24.70170316636899,0 88.5526483518958,24.70165928782527,0 88.5527771201522,24.70164534137382,0 88.55290660006473,24.70157266101377,0 88.55306576614912,24.70149915048144,0 88.55323463846808,24.70144098930859,0 88.55339380417644,24.7013674784446,0 88.55355312779726,24.70128097897264,0 88.5537126424325,24.70117866619287,0 88.5538324080033,24.70109120179869,0 88.55399192216009,24.70098888874253,0 88.55412176354378,24.70088627609895,0 88.55425124184802,24.70081359464805,0 88.55438072681812,24.70074034778876,0 88.55453969977562,24.70068264892424,0 88.55464922434203,24.70062388572829,0 88.55485837651244,24.70050682373727,0 88.55494810551141,24.70044898960862,0 88.55511768611218,24.70033209175067,0 88.55539714694922,24.70012706401219,0 88.55576615669972,24.69987888375423,0 88.55604472003485,24.6997478355974,0 88.55646141209148,24.69964642214613,0 88.55676804821115,24.69964782261254,0 88.557350781786,24.69972204411273,0 88.5574588780789,24.69978130991954,0 88.55771394492915,24.69995728012157,0 88.55796847441262,24.70017786543332,0 88.55821294276136,24.70041246885297,0 88.55843743196215,24.70066324940275,0 88.55854466291996,24.70079423738678,0 88.55869090697847,24.70097136858276,0 88.558818268308,24.7010737538058,0 88.55914346333375,24.70117700248312,0 88.55935172522726,24.70113335060586,0 88.55960962001376,24.70107551315862,0 88.55986822878094,24.70095837631128,0 88.56010739648605,24.70081280397268,0 88.56051560871742,24.70059437599035,0 88.5606738702144,24.70059540443527,0 88.56088159926868,24.70059580075169,0 88.5609801615205,24.70062559769461,0 88.56110876423097,24.70062519699361,0 88.56121704645409,24.70066921214885,0 88.56133557392047,24.70068395972709,0 88.5614641630838,24.70068468841984,0 88.56160264983781,24.70068495192125,0 88.5618004881714,24.70068524763932,0 88.56193932912669,24.70065614310219,0 88.56205855726202,24.70061272177009,0 88.5621578271428,24.70058378519149,0 88.56255419796409,24.70052676917342,0 88.56268315455611,24.70049700121206,0 88.5628914137957,24.70045334363026,0 88.56309949738738,24.70042437006128,0 88.56345560408325,24.7004251231297,0 88.56365342828616,24.70042654522168,0 88.56391061264752,24.70042743324582,0 88.56406924104596,24.7003979616108,0 88.56432695433557,24.70035479873399,0 88.56447586129842,24.70031110854077,0 88.56465497709868,24.70022310096624,0 88.56482454189558,24.7001067569819,0 88.56495472549113,24.69997476683826,0 88.56515555004891,24.69972657014029,0 88.56521596150506,24.69963849985819,0 88.56532688474435,24.69946282637887,0 88.56547736459655,24.69928811439641,0 88.56555738076646,24.6992149264245,0 88.56587638354968,24.69901027454444,0 88.56612438546344,24.69895176100892,0 88.56638209587545,24.69890859476544,0 88.56656031327965,24.6988951317213,0 88.56689751510186,24.69882226098619,0 88.56723505497219,24.69872115243867,0 88.56752280276336,24.69864778555941,0 88.5678002921685,24.69860481481262,0 88.56802851197521,24.69854610036389,0 88.56819736564985,24.69848848545661,0 88.56832666352747,24.6984299095382,0 88.56844658477057,24.69832831419356,0 88.56850733818632,24.69821144125674,0 88.56853860240058,24.69807902300814,0 88.56851121890783,24.6978878424091,0 88.56844408394855,24.69771207846754,0 88.56835822442474,24.69744801550092,0 88.56827130119017,24.69727261898867,0 88.56819393040782,24.69712555747492,0 88.56817555866597,24.69700789257848,0 88.56809888608096,24.69680266274418,0 88.56794535900725,24.69640745069016,0 88.56787946514459,24.6961283382581,0 88.56783299372904,24.69587935570445,0 88.56786442064974,24.6957333838612,0 88.56786566008056,24.69563003572935,0 88.5680114844958,24.69543042227674,0 88.56812634308284,24.6953383789145,0 88.56825582050008,24.69526455450433,0 88.56833566240722,24.69520548422032,0 88.56844533183046,24.69513372126525,0 88.568574984712,24.69504521321082,0 88.56875425812298,24.69494308222145,0 88.56885351500796,24.69491470588871,0 88.56908205893252,24.69482831659372,0 88.56920862844564,24.69479061167919,0 88.5693798684695,24.69473979678698,0 88.56967783301985,24.69463828712407,0 88.56996591451161,24.69453611279068,0 88.57027412742232,24.69440476961093,0 88.57064167545605,24.69427458270806,0 88.57094971809509,24.69415735627936,0 88.57123831051712,24.69401225917388,0 88.57151737658987,24.69383656640415,0 88.57173726260577,24.69364672652166,0 88.57196720588804,24.69344286604271,0 88.57217703065491,24.69326704589627,0 88.5724167017281,24.69307683710213,0 88.57262738977992,24.69282872830645,0 88.57280789297583,24.69262324384649,0 88.5729383976953,24.6924630104091,0 88.57304859479969,24.69234662890166,0 88.57314873876554,24.69224370331803,0 88.5732487014554,24.69215602452933,0 88.57340643909329,24.69219995957382,0 88.57365266852796,24.69228826718528,0 88.57398756741716,24.69240626351701,0 88.5745588006927,24.69261303191401,0 88.57496260301043,24.69275938803993,0 88.57551387049888,24.69298176875031,0 88.57602524163762,24.69323198897115,0 88.57683055919725,24.69371727217275,0 88.57695967190138,24.69367337168183,0 88.57712852213611,24.69361518190756,0 88.57724773098357,24.69357231255336,0 88.5774363680098,24.69351375377233,0 88.57761528851668,24.69344041403847,0 88.57777459080508,24.69335332297906,0 88.57793424915117,24.69323629976817,0 88.57805382032728,24.69316293431789,0 88.5782332594322,24.69304610732478,0 88.57839291596912,24.69292908457537,0 88.57857304654998,24.69275408912844,0 88.57866380086712,24.69260870409416,0 88.57881409139313,24.69244753267217,0 88.57886459863465,24.6923593592598,0 88.57899666701329,24.69206696905277,0 88.57899824000813,24.69193481894959,0 88.57898991624556,24.69180313503555,0 88.57894256313998,24.69162644385456,0 88.57888634139211,24.6913638128527,0 88.57880966803503,24.69115745936089,0 88.57880117659833,24.69103989436023,0 88.57874339559598,24.69090828369389,0 88.57871546702123,24.69076171992958,0 88.57862888327614,24.69055696217167,0 88.57857163360789,24.69038073696808,0 88.57850432045183,24.69021909682552,0 88.57840680482418,24.69010177635749,0 88.57837835163365,24.68999926254775,0 88.57831016416843,24.68991103905185,0 88.57826175657306,24.68982301204395,0 88.57815452639612,24.68969090976481,0 88.57797892793792,24.68948583147063,0 88.57775423722549,24.68925033035201,0 88.57752988935961,24.68898602654323,0 88.57729547202388,24.68873687175774,0 88.57714868465079,24.68860437531757,0 88.57697222725034,24.68847158367295,0 88.57687487692787,24.68834070837021,0 88.57680669046557,24.68825248408464,0 88.57665141512985,24.68800242182472,0 88.57645674205435,24.68773841125651,0 88.57623310176641,24.68741537260708,0 88.57597095325511,24.68700383877047,0 88.57583492860584,24.68679858771852,0 88.57570896913757,24.68657875158996,0 88.57556358109078,24.68632935168188,0 88.5754279071359,24.6860947334413,0 88.57533092409506,24.68593336048188,0 88.5753819636252,24.68580057366396,0 88.57521556433296,24.68565432439804,0 88.57507779658509,24.68559534093816,0 88.5749794052864,24.68555200000564,0 88.57483192240208,24.68547823444766,0 88.57462579751065,24.68534570851583,0 88.57442956833695,24.6852127164222,0 88.57417467654689,24.68502265774003,0 88.57406675477532,24.68494928644937,0 88.57394913140158,24.68486000253693,0 88.57384172135436,24.68474370973296,0 88.57372426792256,24.68464030843591,0 88.57361670316786,24.68453700473277,0 88.57348917753585,24.68444875152948,0 88.57336182170219,24.6843463801147,0 88.57309378837536,24.68422170608706,0 88.57293951997571,24.68409534388923,0 88.57286107811652,24.68403807974509,0 88.57270406739244,24.68393428210448,0 88.572625815693,24.6838612056302,0 88.57249829817857,24.68377238710963,0 88.57241050824108,24.68366984416206,0 88.57228386282827,24.68350817377801,0 88.57218793326355,24.68325926427752,0 88.57200264673617,24.68303883230571,0 88.57173080219768,24.68261307468008,0 88.57140985750895,24.68215802034085,0 88.57114654164187,24.6818464382505,0 88.5708349160254,24.68143948490297,0 88.57073812515499,24.68126286150673,0 88.57061288437031,24.68098428750246,0 88.57049770909117,24.68069112876224,0 88.57042209782628,24.68039780166847,0 88.57042752847207,24.67994431378789,0 88.57045878524698,24.67981189517749,0 88.57053930504037,24.67969522023522,0 88.57071891266639,24.67956315576885,0 88.57089799283483,24.67947514041419,0 88.57110620625531,24.67943203669675,0 88.57123547573485,24.67937402358391,0 88.57139494596197,24.67927169112794,0 88.57160404362727,24.67915460533896,0 88.57181295953876,24.67905276706576,0 88.57207115054747,24.6789655411012,0 88.57222002835663,24.67892184270528,0 88.57242824704835,24.67887817191752,0 88.5727062162653,24.67879114226617,0 88.57292432356077,24.67874756948028,0 88.57323195915446,24.6786608348559,0 88.57356909268395,24.67858851356304,0 88.5739260115308,24.67851582430867,0 88.57426280033052,24.67847230387711,0 88.5745603708877,24.67840015051137,0 88.574808844632,24.67829813805299,0 88.57503753423029,24.678196491648,0 88.57519963314699,24.67808062721498,0 88.57544634904362,24.67791872496728,0 88.57565595908132,24.67775814805841,0 88.57587615896247,24.67753893670285,0 88.5761560484011,24.67729038370056,0 88.57642569199034,24.67707166294431,0 88.57672483868464,24.67686679068361,0 88.57702381613467,24.67667603685269,0 88.57733215089696,24.67652999536952,0 88.57753073028158,24.67646475873165,0 88.57763994572954,24.67642913313029,0 88.57802703989638,24.67631324296091,0 88.57826510079649,24.67625461068214,0 88.57849256566641,24.67625517764299,0 88.57878889691926,24.67628636427641,0 88.57894679729138,24.67631504400929,0 88.57928269745679,24.676345493031,0 88.57942785346125,24.67640623997708,0 88.57958754721918,24.6764919829645,0 88.57984276538308,24.67665379426561,0 88.58019513429586,24.67696285532869,0 88.58032477217631,24.67708105783611,0 88.58042016280896,24.67716842109536,0 88.58067469188701,24.6773883989926,0 88.58085080098533,24.67754942317878,0 88.58089972194969,24.67759396395141,0 88.58109560275764,24.67775574848441,0 88.58128142165319,24.67793211887438,0 88.58147678682843,24.67813738852512,0 88.58167181048927,24.6783714592956,0 88.58189577741791,24.67866681678271,0 88.58197368971135,24.67876868976089,0 88.58212897816632,24.67901761623003,0 88.58222594466899,24.6791806779496,0 88.58235173465977,24.67941519194622,0 88.58246798373321,24.67962024019056,0 88.58259359935334,24.67986943728538,0 88.58279695610742,24.68023519003163,0 88.5828939244909,24.68039825120335,0 88.58303984956936,24.68060302846744,0 88.58309797236541,24.68070583536193,0 88.58319512916822,24.68085308325103,0 88.5834089012325,24.68117488380027,0 88.58346702361682,24.68127768962343,0 88.58356470489686,24.6813808880872,0 88.58369206637668,24.68148325060542,0 88.5838874287935,24.68168964623452,0 88.58412132418955,24.68198284004035,0 88.58431686121926,24.68217455169692,0 88.58446575336195,24.68233812644977,0 88.58464931864793,24.68249696040067,0 88.58479576556458,24.68265825092527,0 88.58495313960195,24.68273210353598,0 88.58503157237283,24.68279049082864,0 88.5852481095924,24.68287961347923,0 88.5854740356243,24.6830111904037,0 88.58564147374332,24.68307045673112,0 88.58575946535626,24.68312923480496,0 88.58590713177037,24.6831877408357,0 88.58608411287631,24.68327647197314,0 88.58622170969181,24.68335012762606,0 88.58639903892991,24.6834094917194,0 88.58654670594304,24.68346799708709,0 88.58670425674734,24.6835271644179,0 88.58690137185565,24.68358615895445,0 88.58699003724493,24.68361583970145,0 88.58716754093231,24.68366051952743,0 88.58742383998228,24.68373308785057,0 88.5876998980233,24.68380754513814,0 88.58794628153493,24.68388227426209,0 88.58818314421217,24.68392584370281,0 88.58841028260366,24.68395519715125,0 88.5886690690625,24.68402665888587,0 88.58885379109924,24.68408835164485,0 88.58907050752281,24.68416278519502,0 88.58930735668851,24.68420748251739,0 88.58945520033451,24.68425130248562,0 88.58970137878562,24.68434353481319,0 88.58977031216499,24.68436906623251,0 88.58991746241121,24.68447161804612,0 88.59007448900327,24.68457539780196,0 88.59024376377083,24.6846888984825,0 88.59029990267221,24.68475101603003,0 88.59041737110287,24.68485440454191,0 88.59051507414587,24.6849564692157,0 88.59060218016693,24.68511829835605,0 88.59076685771984,24.68541192798146,0 88.590960865695,24.68573465189231,0 88.59106723875952,24.68594016106621,0 88.59121248598086,24.68620422860565,0 88.59130137371869,24.68642481566012,0 88.59133743394008,24.68651215103694,0 88.59146186952853,24.68686355971124,0 88.59155645040128,24.68723048813093,0 88.59165103756764,24.68759685206154,0 88.59168765846739,24.68784629406811,0 88.59168489390555,24.6880806623288,0 88.59168178198291,24.68834439807685,0 88.59167936386517,24.68854940064658,0 88.59170592225718,24.68881342850948,0 88.59177136817434,24.68913488581249,0 88.59184737033901,24.68939996575532,0 88.59198221998717,24.68970742025556,0 88.59213718967206,24.68998626800914,0 88.59231194081535,24.6902653102153,0 88.5924679515412,24.69045605783015,0 88.59266335028735,24.6906618777646,0 88.59288704840385,24.69098432583595,0 88.59298335991079,24.69120498531571,0 88.59301096773532,24.69138034771307,0 88.59300890375944,24.69155541917774,0 88.59297715650465,24.69173132757946,0 88.59296553524146,24.69187806398805,0 88.5928940471356,24.69206883182011,0 88.59281232836561,24.69228830360156,0 88.59275038377311,24.69250853522541,0 88.59271743694914,24.69278609774546,0 88.59266015083277,24.69303066228487,0 88.59261292103534,24.69326120522502,0 88.5925383928907,24.69349995189959,0 88.59247216127774,24.69366422454261,0 88.59242560996495,24.69383716311568,0 88.59236165038644,24.69401840271145,0 88.59229483245794,24.69423237357719,0 88.59225531175755,24.694438140728,0 88.59219867663066,24.69462736018778,0 88.592128805844,24.69489043875318,0 88.59225790124158,24.69484765408892,0 88.59236668352756,24.69484985511584,0 88.59248536836137,24.69485102278421,0 88.59259398423731,24.69486734162311,0 88.59272256031723,24.69486860729114,0 88.59285112973382,24.69487043724288,0 88.59295992433044,24.69487150725496,0 88.59307859685664,24.69487380503575,0 88.59318737913235,24.69487600456286,0 88.59334562688517,24.69487756055122,0 88.59351375823546,24.69487977980785,0 88.59365187200763,24.6949110728452,0 88.59375042388923,24.69494197688866,0 88.59385868650919,24.69498822664212,0 88.59397736575083,24.69498995750606,0 88.59406602751677,24.69502076412994,0 88.59419459039812,24.69502315821794,0 88.59434294139858,24.69502518125033,0 88.59447168375051,24.69501232653904,0 88.59458065222346,24.69499871209396,0 88.59470922834399,24.69499997514859,0 88.5949372215494,24.69495872501426,0 88.59505590639895,24.6949598915453,0 88.59521449300922,24.69493264342658,0 88.5953236273987,24.69490491048469,0 88.59544229987536,24.69490720548902,0 88.59557087586586,24.69490846780947,0 88.59567966475267,24.69491010113203,0 88.59580822745592,24.69491249293854,0 88.59596612317831,24.69494397887319,0 88.59608462967189,24.69496039223069,0 88.59622274403351,24.69499168286384,0 88.59633119437147,24.69502211692556,0 88.59647953864597,24.69502470313948,0 88.59665755362192,24.69502757938933,0 88.59680590451998,24.69502959998376,0 88.59696413901116,24.69503228183221,0 88.5970633950669,24.69500332095364,0 88.59717254228249,24.69497445609244,0 88.5974303719273,24.69491937432316,0 88.59752962875676,24.69489041313514,0 88.59771805770451,24.69484877006087,0 88.59781731440091,24.69481980868844,0 88.59801544864823,24.69479407512886,0 88.59815443946574,24.69475081803165,0 88.59830330048422,24.69470935091002,0 88.59840255592505,24.69468038917282,0 88.59858110824614,24.6946375184304,0 88.59871956177489,24.69464000554751,0 88.59883858516955,24.69461236608971,0 88.59894771831016,24.6945846296621,0 88.59909624749686,24.69457139947724,0 88.59928433841519,24.6945585574691,0 88.59941291388658,24.69455981651278,0 88.59957114767258,24.69456249563873,0 88.59974916282748,24.69456536823918,0 88.59990740323363,24.69456748261696,0 88.60002607525429,24.69456977400723,0 88.60021364288764,24.69460154494574,0 88.60047026519887,24.69464924161553,0 88.60066805420097,24.69465287106469,0 88.60079662971118,24.69465412891677,0 88.60097465155899,24.69465643566239,0 88.60110322804817,24.69465769324079,0 88.60121165823429,24.69468981872377,0 88.60134005610774,24.69470632462511,0 88.6014183129529,24.69478107979922,0 88.60154583670379,24.69487213227545,0 88.60160430672285,24.69494725831969,0 88.60175144684888,24.69505262283186,0 88.60182969754842,24.69512794305977,0 88.60190759780205,24.69523319409168,0 88.60198549158314,24.69533901037022,0 88.60206339872251,24.69544369691279,0 88.60211163423223,24.69554809432604,0 88.60216889384182,24.69572656890677,0 88.60221642865451,24.695890828865,0 88.60224505579538,24.6959803487702,0 88.60232244786512,24.69612908571705,0 88.6023609588436,24.69621926663175,0 88.60246836033976,24.69633949135255,0 88.60252665877117,24.69642930109744,0 88.60260439521964,24.69654867141301,0 88.60272150912957,24.69668424106684,0 88.60280982463992,24.69674497317155,0 88.60289796082034,24.69682095464896,0 88.60305499461214,24.69692641339545,0 88.60316361321834,24.69694272441607,0 88.60326216968633,24.6969736219921,0 88.60340011030488,24.69702015430806,0 88.60354811314313,24.69705209893628,0 88.60365638181329,24.69709834131988,0 88.60383406353745,24.69713001092454,0 88.60399230137436,24.69713268520591,0 88.60412088028106,24.69713394006681,0 88.60428901509842,24.69713614616926,0 88.60439814895646,24.69710840573502,0 88.60454649537598,24.69711098293423,0 88.60467559570731,24.69706762238954,0 88.60478437958469,24.69706981339933,0 88.6049129583934,24.69707106758417,0 88.60506131794405,24.69707251458989,0 88.60519978052503,24.69707443028762,0 88.6052983243261,24.69710645618049,0 88.60548555466387,24.69716758666152,0 88.60560387936404,24.69719980521746,0 88.60578138449053,24.69724672097291,0 88.60598752549309,24.6973825902503,0 88.60612512452529,24.69745848639258,0 88.60624344963884,24.69749070442047,0 88.60638105553232,24.69756603592164,0 88.6064992301506,24.69761124195109,0 88.60658788424982,24.69764317058806,0 88.60673606643245,24.69765986439708,0 88.6068644678161,24.69767636537179,0 88.60700241035039,24.69772289336073,0 88.60712108614189,24.69772517896803,0 88.60724931630409,24.69775636280576,0 88.60735793599841,24.69777267072308,0 88.60747646030005,24.69778794516768,0 88.60758524472936,24.69779013411169,0 88.60771381098849,24.69779251554148,0 88.60782243074287,24.69780882221492,0 88.60797044296689,24.6978401979701,0 88.60809901585452,24.6978420146757,0 88.60828659086283,24.69787377514275,0 88.6084050879992,24.69789130731995,0 88.60851372206363,24.69790648469116,0 88.60861210267657,24.69795262712789,0 88.60872037378189,24.69799886481348,0 88.60884859138237,24.6980311769329,0 88.60900649450654,24.69806264784914,0 88.60913507415718,24.69806389836062,0 88.60928342908298,24.69806590550806,0 88.60943177743246,24.69806847780209,0 88.60956035707108,24.6980697279485,0 88.60974827473211,24.69807212017888,0 88.60987701878871,24.69805925125886,0 88.61002537268793,24.69806125768277,0 88.61013417142451,24.69806231506914,0 88.61023340094196,24.69803560397478,0 88.61036232898624,24.69800692177564,0 88.61049124381869,24.69797936915251,0 88.61062034264451,24.69793600265265,0 88.61074942265286,24.69789433101255,0 88.6108783504083,24.69786564838281,0 88.61105690202896,24.69782276279425,0 88.61123561877939,24.69776575819959,0 88.61134475231839,24.69773801275337,0 88.61152329041718,24.69769625540713,0 88.6116474762042,24.69765001718196,0 88.6117610029543,24.69766975803759,0 88.61192930886313,24.69765727145363,0 88.612038100608,24.69765889186644,0 88.61216719193301,24.69761608937075,0 88.61240507482418,24.69757490691837,0 88.61255394767774,24.69753229604549,0 88.61273248500767,24.69749053819726,0 88.61288083909371,24.69749254181857,0 88.61298963723324,24.69749359715783,0 88.61313263267945,24.69753113170556,0 88.61320464228052,24.69750584806158,0 88.61339478820676,24.69752915482108,0 88.61360213231758,24.69756223009492,0 88.61374543629738,24.69757322056267,0 88.61381938099983,24.69759427036565,0 88.61394795996495,24.69759551677365,0 88.61411608276583,24.69759884058969,0 88.61422539801005,24.69755527934717,0 88.61437409963736,24.69752735076778,0 88.61448323868598,24.69749903779077,0 88.61459254715207,24.69745604158374,0 88.61474175986248,24.69738406135552,0 88.61489012029202,24.69738549860468,0 88.61506812657781,24.69738948157152,0 88.61515680204322,24.69741971006668,0 88.61527428466901,24.69752477315746,0 88.61536209632983,24.69762954789551,0 88.61545536341788,24.69769032099517,0 88.61553839952045,24.69778036548092,0 88.61561681809341,24.69784212359145,0 88.61573516620307,24.69787263990499,0 88.61587277214282,24.69794852676105,0 88.61609868761256,24.69808626705673,0 88.61624384982605,24.69815036593951,0 88.6163053596635,24.69817750672312,0 88.6163853427838,24.69810429046673,0 88.6164358248156,24.69801610388902,0 88.61651597797737,24.6979282035145,0 88.61659596180546,24.69785498714727,0 88.61664644260658,24.69776680051924,0 88.61674690092548,24.69763391227884,0 88.61679737597511,24.6975462899863,0 88.61687788861281,24.6974273290655,0 88.61695853854638,24.69729650780488,0 88.61704892911078,24.69717877125197,0 88.61712908788287,24.69709030710328,0 88.61717195442624,24.69701899017966,0 88.61725972102006,24.69691421958819,0 88.6173395336367,24.69685568602172,0 88.61743929038103,24.69678322495474,0 88.61759891421143,24.69666615761746,0 88.61785863415513,24.69644726250117,0 88.61793877880038,24.69635992674338,0 88.61811869328092,24.69619899977528,0 88.61824864397734,24.69608164499367,0 88.61836834452951,24.6959952557882,0 88.61847868987745,24.69586246211593,0 88.61857828824442,24.69580355472534,0 88.61868810362022,24.69571650442658,0 88.61886731674326,24.69561600510409,0 88.61896673822402,24.69557234500799,0 88.61911577603404,24.69551504380022,0 88.61922508199994,24.69547204436601,0 88.61932449669041,24.69542894843335,0 88.61943363161029,24.69540063200861,0 88.61955231887646,24.69540177819103,0 88.62016584505301,24.695380588157,0 88.62033482565099,24.69530935797585,0 88.62043442362143,24.6952504485026,0 88.62053435352453,24.69516273708947,0 88.6206044289937,24.69509055300865,0 88.62069395824201,24.69504679637992,0 88.62082286822482,24.6950192342262,0 88.62100157587984,24.6949622175056,0 88.62100295222019,24.69484305564226,0 88.62100448523512,24.69471034032028,0 88.62099580826745,24.69460520177871,0 88.62099751754869,24.69445723802304,0 88.62099871865837,24.69435332457118,0 88.62102992297829,24.69422089550244,0 88.62107068539601,24.69411736282358,0 88.62108195832053,24.69399773198258,0 88.62113277389507,24.69388017686387,0 88.62113430682329,24.69374746153192,0 88.62118478383215,24.69365927266566,0 88.62118616007167,24.69354011169327,0 88.62118754283564,24.6934203854275,0 88.62118908225023,24.69328710479877,0 88.62120085109953,24.69312455330585,0 88.62123223772333,24.69297631047818,0 88.62126345459113,24.69284275168725,0 88.62133405053017,24.6927253873313,0 88.62139476190602,24.69260736226094,0 88.62146518139792,24.69250524628363,0 88.62149622824865,24.69238637059416,0 88.6214976107711,24.69226664432377,0 88.62154927923574,24.69207510721344,0 88.62159021029652,24.69195689128347,0 88.6216210676883,24.69185439368474,0 88.62165193808275,24.69175076640031,0 88.62173244254822,24.69163180231075,0 88.62178291085633,24.69154417858718,0 88.62188318176928,24.69142653487557,0 88.62195378290991,24.69130860498591,0 88.62208457210112,24.69111783066886,0 88.6222453695746,24.69089797424351,0 88.62244643209957,24.69061750621435,0 88.62262717193367,24.69038372226424,0 88.62277809082546,24.69016264032977,0 88.6229092222075,24.68994193383798,0 88.62302023464611,24.68975040290334,0 88.62312135703804,24.68955877659559,0 88.62322213264608,24.6893970818055,0 88.62329560753713,24.68924416053382,0 88.62347555158985,24.68886464661018,0 88.62365187309052,24.68879913214842,0 88.62375342800019,24.68878429489883,0 88.62387252484275,24.68874929274338,0 88.62401114128599,24.68873707097659,0 88.62423890332234,24.68871384590562,0 88.62435734204713,24.68873588363916,0 88.62446587161328,24.68875952012723,0 88.62464459461883,24.68870023930332,0 88.62475406095301,24.68864255218451,0 88.62483424798694,24.68855069444007,0 88.62490467452997,24.68844744738775,0 88.62495506126263,24.68836659901501,0 88.62500372934475,24.68822021715351,0 88.62501705449179,24.68813675337379,0 88.62504885137962,24.68795236652461,0 88.62504055501499,24.68781390859903,0 88.62504213621153,24.68767667552416,0 88.62501471091139,24.68748155226031,0 88.62501642790622,24.68733245980677,0 88.62497913178005,24.6871355472747,0 88.62497108304059,24.68697562901477,0 88.62495315786947,24.68681448677872,0 88.62494511571363,24.68665400321665,0 88.62491730018724,24.6864927657797,0 88.6248795942858,24.68633143223756,0 88.62486180613502,24.68615843058161,0 88.62484347099819,24.68603286645798,0 88.62481564275448,24.68587275775301,0 88.62479786031318,24.68569919079061,0 88.62477016899933,24.68552722267734,0 88.62475291424387,24.68530791131629,0 88.62472481278934,24.68517152224202,0 88.62472694057877,24.68498684976473,0 88.62469925510908,24.68481431723149,0 88.62470097362686,24.68466522470261,0 88.62469466821103,24.6843539544764,0 88.62466684717927,24.68419328129161,0 88.62466803817419,24.684089933138,0 88.62463045727151,24.68391786972142,0 88.62463270255419,24.68372303279276,0 88.62463429645967,24.6835846699602,0 88.62460620866068,24.6834471511265,0 88.62457813495793,24.68330850349336,0 88.62458052268971,24.68310124187516,0 88.62458184309574,24.68298659871369,0 88.62458356738152,24.68283694086439,0 88.62459531114125,24.68267608414832,0 88.62458713975089,24.68252689544724,0 88.62458965782945,24.68230833970994,0 88.62460264413194,24.68225424310949,0 88.62464149973863,24.682100988933,0 88.62467329521189,24.68191660208231,0 88.62467434299033,24.68182567858376,0 88.62472618460708,24.68161832778227,0 88.62476707526287,24.6815029349298,0 88.62482880568531,24.68129567932796,0 88.6248606007609,24.6811112933461,0 88.62490188195461,24.68096201635746,0 88.6249732349134,24.68077801031409,0 88.62507478871342,24.68054798018808,0 88.62510551625644,24.68045621263942,0 88.62513625775665,24.68036331449132,0 88.6251876943991,24.68019097825282,0 88.62524836315343,24.68007577569492,0 88.62528924639909,24.67996094801993,0 88.62537062398039,24.67976517763126,0 88.62539238582076,24.67959312014646,0 88.62541323703805,24.67950012767112,0 88.62544448500431,24.67936318005317,0 88.62546545985897,24.67925945695738,0 88.62553801268992,24.67897097285046,0 88.62558008583024,24.67875279692263,0 88.6255814120243,24.67863758844629,0 88.62557258343955,24.67854544007071,0 88.62557403888769,24.67841893750035,0 88.62558750467605,24.67810842281666,0 88.62558869417484,24.67800507462817,0 88.62558989018065,24.67790116114652,0 88.62559121090101,24.67778651884247,0 88.62556312276713,24.67764900008384,0 88.62554480173556,24.67752230710312,0 88.62554598478984,24.67741952419766,0 88.62552779956269,24.67728097092121,0 88.62551949010812,24.67714364341884,0 88.62552094666896,24.67701714081373,0 88.62552201353473,24.67692452231293,0 88.62552385979373,24.67676413469499,0 88.62549604553364,24.67660289800034,0 88.62548828316856,24.67641813108824,0 88.62548011060942,24.67626894326374,0 88.62548156725435,24.67614244064334,0 88.62548302390424,24.67601593802104,0 88.62548448055905,24.67588943539683,0 88.62546667895211,24.67571756325124,0 88.62544874814654,24.6755569851925,0 88.6254401850352,24.6754416823709,0 88.62540247617865,24.67528091479067,0 88.62540458970162,24.6750973727255,0 88.62537717986091,24.67490112123627,0 88.6253494900829,24.67472915382419,0 88.62533182569373,24.6745454222191,0 88.62530401233542,24.67438418450228,0 88.62526775451187,24.6740974794717,0 88.62523071626546,24.67387854266858,0 88.62521674786623,24.67380328909957,0 88.62520290324872,24.67371730580775,0 88.6251754736256,24.67352274829726,0 88.62514819491302,24.67331520167753,0 88.62512063622169,24.67313194004358,0 88.62507463978977,24.67283214966197,0 88.6250468142609,24.67267204241033,0 88.62504933141147,24.67245348645235,0 88.62504182895339,24.67224613026654,0 88.62504407353011,24.6720512939984,0 88.62506664097312,24.67180920880813,0 88.62506823408283,24.67167084670635,0 88.62509975362062,24.67151017940171,0 88.62514116789592,24.67134904384983,0 88.62521211754949,24.67119948721427,0 88.62529296181228,24.671049461398,0 88.62535362557242,24.6709342589067,0 88.6254340666909,24.67081924774424,0 88.62552426561213,24.67071562497699,0 88.62562434708452,24.67061266266016,0 88.62572470742749,24.67048541709613,0 88.62579512297643,24.67038216905643,0 88.62591526682203,24.67025454758545,0 88.62602577519093,24.67010480701504,0 88.62614617145211,24.66995516065611,0 88.62636679630612,24.66968956238368,0 88.62647703126309,24.66956353941555,0 88.62654704869841,24.66949474140085,0 88.62662722750891,24.66940231880473,0 88.62678731245168,24.66924119229228,0 88.62687711972204,24.66917145383326,0 88.62696705052259,24.66909098560537,0 88.62706714254566,24.66898689275159,0 88.62716722690541,24.66888336423847,0 88.62727760249842,24.66874491696827,0 88.62742779772559,24.66858369472986,0 88.62750796880756,24.66849183610562,0 88.62769812527306,24.66829541492156,0 88.62777816591532,24.66821485117942,0 88.62794787676955,24.66807640774962,0 88.62813749977549,24.66792629487079,0 88.62833687377636,24.66778813531753,0 88.62844632607674,24.66772988109986,0 88.62857594320778,24.66763793186312,0 88.62868566072864,24.66755652218606,0 88.62880485862429,24.66751078652586,0 88.62891469836346,24.66741864698945,0 88.62897496176679,24.66733789264268,0 88.62898656870047,24.66718833064795,0 88.62897958595664,24.66693523133435,0 88.62895110842554,24.66683159900042,0 88.62895268352798,24.66669436578325,0 88.6288950668356,24.66654470489075,0 88.62888623623998,24.66645255666023,0 88.62884851895423,24.66629235515241,0 88.62878087826176,24.66615445856869,0 88.62877205331071,24.66606174594246,0 88.62871428866721,24.66592507401234,0 88.62867592932237,24.66582078217849,0 88.6285989203045,24.66563761131698,0 88.6285605546517,24.66553388382975,0 88.62848329897814,24.66537217322567,0 88.62843489720893,24.66528134061871,0 88.62835724529403,24.66515407935442,0 88.62830884369588,24.66506324579245,0 88.62824108080054,24.66493607950243,0 88.62819268489689,24.66484468151295,0 88.62812478017597,24.66472993893684,0 88.62807757896641,24.66453462913866,0 88.62802972209828,24.66439635695901,0 88.6280211515228,24.66428161949586,0 88.62802220952936,24.66418956623067,0 88.62802352667833,24.66407492384811,0 88.62805450785547,24.6639605658032,0 88.62804581375066,24.66385655805744,0 88.62809644762669,24.66375311988462,0 88.62809751210482,24.66366050222613,0 88.62813838727962,24.66354567395599,0 88.62818928007179,24.66341964573858,0 88.6282407179762,24.66324617989838,0 88.62826181767296,24.66313116145227,0 88.62830361386567,24.66293614018342,0 88.62831522703939,24.66278601375724,0 88.62830653384887,24.66268200600725,0 88.62830863557411,24.66249902915015,0 88.62829993494074,24.66239558669783,0 88.62830217324482,24.6622007504277,0 88.62829361569729,24.66208488327083,0 88.62829480265178,24.66198153588587,0 88.62828636868772,24.66185493899973,0 88.62817983511425,24.66165962395705,0 88.6281414647263,24.66155646152185,0 88.6281030953823,24.66145329815874,0 88.62803546396044,24.66131483750048,0 88.62793789162181,24.66120037559782,0 88.62783095689694,24.66104007406359,0 88.62778244036673,24.66095940642295,0 88.6277145373457,24.66084466348704,0 88.62765625615971,24.66075317095926,0 88.62758821775041,24.66065028825493,0 88.62751017493041,24.66055747571897,0 88.62747167535194,24.66046560807431,0 88.62740363725949,24.66036272526669,0 88.62735740492414,24.66029845847525,0 88.62729657383343,24.66021371828576,0 88.62721931045093,24.66005313725375,0 88.62711199469356,24.6599261548553,0 88.62705122352779,24.65983633231443,0 88.62699530501382,24.65975446420713,0 88.62692740992509,24.65963915643663,0 88.626860042226,24.65947810503714,0 88.62676314097858,24.65930547393406,0 88.62674441147492,24.65921436079383,0 88.62673637455835,24.65905331423636,0 88.62673875226655,24.65884661836676,0 88.62674806419456,24.65868178493943,0 88.62675141988856,24.65860500383149,0 88.62680311114606,24.65840951362541,0 88.62680444269323,24.65829374143125,0 88.62682580158886,24.65815613395809,0 88.6268669423844,24.65801815245375,0 88.62688843237068,24.65786925083706,0 88.62694922470612,24.65774218850451,0 88.6269504064355,24.65763940540807,0 88.62700118776604,24.65752297851466,0 88.62701212093855,24.65743215090658,0 88.62705274159768,24.65733934765697,0 88.62707371157261,24.65723562521694,0 88.62712420626363,24.65714404681006,0 88.62716535947709,24.65700493555688,0 88.62718631630484,24.65690234278774,0 88.62725685836853,24.65678723494242,0 88.62728824137629,24.65663786315222,0 88.62731909817222,24.65653423584849,0 88.62737988950889,24.65640717427868,0 88.62743131226178,24.65623483744244,0 88.62750265217456,24.65605026708855,0 88.62755341290584,24.65593553411813,0 88.62760418006104,24.65582023674338,0 88.62766483416105,24.65570503449759,0 88.6277166456856,24.65549881341298,0 88.62777729954234,24.6553836111304,0 88.62782794267828,24.65527904342884,0 88.6278999376117,24.65503743340314,0 88.62793079358258,24.65493380599901,0 88.62798194838209,24.65478462436112,0 88.62800278067191,24.6546927612376,0 88.62805354697235,24.65457746374,0 88.62809442526398,24.65446207111997,0 88.6281254045432,24.65434771304612,0 88.62815651938406,24.65422149555947,0 88.62819819557282,24.6540366405014,0 88.62822905108678,24.65393301214541,0 88.62825081025481,24.65376039155991,0 88.62829286893964,24.65354221579538,0 88.62831410962767,24.65341477439054,0 88.62833546635416,24.65327716674546,0 88.62833653006926,24.65318454988862,0 88.62836829388819,24.65300185813405,0 88.62839018836608,24.65281737721453,0 88.62842182848068,24.65264541608784,0 88.62845348704801,24.65247176089204,0 88.62852600428027,24.65218440613848,0 88.62856740727192,24.65202326982222,0 88.62860880366156,24.65186269788712,0 88.62865996312172,24.65171295167587,0 88.62870110018224,24.65157496886628,0 88.62875212938451,24.6514365176596,0 88.62881291707122,24.65130945472699,0 88.62886393403224,24.65117213225962,0 88.62892472050359,24.65104506930068,0 88.62895569738824,24.65093071200195,0 88.62898682276142,24.65080336470242,0 88.62901781254322,24.65068787770985,0 88.62903968734827,24.65050509077466,0 88.6290418074293,24.65032042052826,0 88.62903350978651,24.65018196498678,0 88.62903482566799,24.65006732245646,0 88.6290160963263,24.64997620950607,0 88.62899791119304,24.64983765798386,0 88.62892026277216,24.64971096249117,0 88.62881307094885,24.6495738172402,0 88.62857786529395,24.64939082435101,0 88.62848940292271,24.64934479096668,0 88.62829244061243,24.64927569002056,0 88.62818405674849,24.64924245619105,0 88.62793766118679,24.64917287999149,0 88.62783929967222,24.64912788163804,0 88.62771127869453,24.64908259771931,0 88.62747503053527,24.64899052672279,0 88.6272763415941,24.64907164438542,0 88.62715755179646,24.64908349474148,0 88.62702900567265,24.64908395475405,0 88.62691035255848,24.64908394458268,0 88.62676029418903,24.64902037516381,0 88.62660514389368,24.64896974617021,0 88.62651733934692,24.64886667378567,0 88.62644918513844,24.64877452067927,0 88.62639091099706,24.64868302718225,0 88.62631300633493,24.64857892022551,0 88.62625499198923,24.64846483749049,0 88.62612856446265,24.64828119151891,0 88.62607029731868,24.64818913347675,0 88.62597326346199,24.64802892583915,0 88.62593491275749,24.64792463356945,0 88.62583787279593,24.64776499201625,0 88.6257602298647,24.64763829461478,0 88.62567296593868,24.64748834739255,0 88.62560493046826,24.64738602935701,0 88.62552715114121,24.64727119124377,0 88.62544950133933,24.64714505804372,0 88.6253910983725,24.64706486001448,0 88.62531293581216,24.64698334160744,0 88.62522499784671,24.64689212774496,0 88.62512730308056,24.64678952343835,0 88.62503963824953,24.64667458967534,0 88.62492957238447,24.646572996623,0 88.62481460266177,24.64646796673841,0 88.62470702227203,24.64636526765257,0 88.62461882428369,24.64629664258534,0 88.62442292901923,24.64613548351336,0 88.62424654781189,24.64599710415738,0 88.62408952944152,24.64589449373907,0 88.62395242087561,24.64578021364839,0 88.62383522862223,24.64565369864567,0 88.62369825662529,24.64552755885579,0 88.62360057070909,24.6454243890275,0 88.62351237497818,24.64535576412926,0 88.62342444500308,24.64526398378359,0 88.62333664672288,24.64516090921197,0 88.62326849596579,24.6450687553081,0 88.62322037332271,24.64495476658859,0 88.62315275718461,24.64481630360607,0 88.62310478394708,24.64468932570714,0 88.62304677544587,24.64457524142265,0 88.62301883496112,24.64442586525733,0 88.62299023795426,24.6443335269419,0 88.62294358029381,24.64409247141165,0 88.62294490302172,24.64397782945384,0 88.62293688524753,24.64381565420749,0 88.62294888132493,24.64363277391623,0 88.62297987537761,24.64351728786814,0 88.6229908229554,24.64342533062704,0 88.62300203826481,24.64331021886742,0 88.62302339886399,24.64317261340448,0 88.6230545168374,24.64304639757555,0 88.6231054188931,24.64291924215382,0 88.62313627553513,24.64281561553439,0 88.62319745524064,24.64265467219754,0 88.62328869662062,24.64245899953035,0 88.62332930843463,24.64236676342658,0 88.62340024309017,24.64221720876198,0 88.62348133123534,24.64204459592935,0 88.62356241817002,24.64187198216851,0 88.62361385361247,24.64169851848565,0 88.62366460548918,24.64158435294355,0 88.62373566890986,24.64142350309725,0 88.62377654771898,24.64130811237752,0 88.6238373343438,24.64118105311412,0 88.62390812520009,24.64104392299144,0 88.62396931522423,24.64088184882059,0 88.62404052148757,24.64070857500996,0 88.62411157193908,24.64054885559722,0 88.6241922666035,24.64041012673409,0 88.62426306873932,24.64027186679703,0 88.62431395554609,24.6401458407288,0 88.62437487813671,24.64000692092935,0 88.6244255047424,24.63990348494388,0 88.62450646617751,24.63974160142406,0 88.62455681953537,24.63966188339625,0 88.62460745891111,24.63955731767309,0 88.62462827784022,24.6394665854422,0 88.62466889433172,24.6393737837471,0 88.62477001051687,24.63917877104167,0 88.62484068093073,24.63905180594107,0 88.62493178696479,24.63886742751501,0 88.62498241268679,24.63876399047147,0 88.62504333394475,24.6386250704493,0 88.62511465402523,24.63844163176109,0 88.62519547676661,24.63829160738768,0 88.62527722139727,24.63806138970989,0 88.62531835771195,24.63792340853871,0 88.62536965247989,24.63776180473237,0 88.62542092755164,24.63760189408789,0 88.62547194820087,24.63746400825773,0 88.6255239057141,24.63724480033887,0 88.62556517749177,24.63709496057343,0 88.62559667999489,24.63693486007944,0 88.62562820296782,24.63677306458753,0 88.62567962635778,24.63660016564532,0 88.62574119492922,24.63640477192415,0 88.62578260312792,24.63624307175384,0 88.62584415835994,24.63604880768567,0 88.62590586334231,24.63584155355365,0 88.62597745360834,24.63563439564011,0 88.62607977252031,24.63533434036418,0 88.62614067807338,24.6351965496718,0 88.62620198563089,24.63502374501024,0 88.62628253786112,24.63489687378067,0 88.62633316105494,24.63479343727268,0 88.62645444413705,24.63456359942514,0 88.62656584697662,24.63433310181271,0 88.62661660557389,24.63421780487988,0 88.62674818245679,24.6339524837845,0 88.62684981525416,24.63371172534239,0 88.62689081187833,24.63358560418342,0 88.62703188296187,24.63335426153459,0 88.62709265535079,24.63322776559717,0 88.62716318455237,24.63311265814201,0 88.62724386396617,24.63297449233236,0 88.62734445794381,24.63282409224353,0 88.62741471317031,24.63273270449607,0 88.62748498131917,24.63264018703337,0 88.627585704008,24.6324784917558,0 88.62770658002403,24.63228366701773,0 88.62784762772016,24.63205401780728,0 88.62795862982779,24.63185796799392,0 88.62810971148123,24.63161542465708,0 88.62828055725844,24.63137363507376,0 88.62844152283851,24.63113118665289,0 88.62861275486783,24.63085551250317,0 88.62881298803877,24.63063716153491,0 88.62898357094959,24.63041796137703,0 88.62912435510285,24.63021090034494,0 88.62906779274697,24.62997088298068,0 88.62926515182427,24.63000271041606,0 88.62940356977393,24.6300017784369,0 88.62957162319009,24.63000282487489,0 88.62970014962396,24.6300023627947,0 88.62993742498736,24.63000181341499,0 88.63013436916087,24.63006978241249,0 88.63027251508612,24.63009256850893,0 88.63037098454501,24.63012683545488,0 88.63053865559294,24.63016120065451,0 88.63066692316228,24.63018332692958,0 88.63077541326642,24.63020582831484,0 88.63086386244723,24.63025185931512,0 88.63099199371597,24.6302858456494,0 88.63113975311978,24.63033244392373,0 88.63125788257842,24.63037650036889,0 88.63149396183391,24.63048042493003,0 88.63161180774678,24.63054932872171,0 88.63173967421358,24.63060646796317,0 88.63183788566819,24.63066332308416,0 88.63206409285482,24.63076602295128,0 88.63220170943363,24.63083511525313,0 88.63236899531249,24.63090336253081,0 88.63254616543156,24.63097170364297,0 88.63264462964007,24.63100653432136,0 88.63279214482696,24.6310745912806,0 88.63295955360735,24.63113210812839,0 88.63309691900892,24.63122322433878,0 88.63342198846152,24.6313263019268,0 88.63362855104832,24.6314180798291,0 88.6337664405161,24.63146345266613,0 88.63387480346536,24.63149724675131,0 88.63402272730995,24.63152972416094,0 88.63418062610594,24.63155439026038,0 88.63434803606772,24.63161190458905,0 88.63455552356037,24.63162292367307,0 88.63471371964847,24.63162161099338,0 88.63485239173846,24.63159864913127,0 88.63496114830112,24.63159799294172,0 88.63506001426595,24.63159780720202,0 88.63523837466167,24.63156223400235,0 88.63533775034182,24.63151743417018,0 88.63542738883629,24.63145955044975,0 88.63550727719355,24.63138971344545,0 88.63555801342066,24.6312755436208,0 88.63558873331499,24.63118264472055,0 88.63561702772616,24.63108576868828,0 88.63563090605368,24.63095260885064,0 88.63563208080195,24.63084982662977,0 88.63562377655776,24.63071137144017,0 88.63562544057321,24.63056566938862,0 88.63559685568828,24.630471639573,0 88.63556827831911,24.63037704534731,0 88.63554954614732,24.63028593400035,0 88.63551131605375,24.63017091434072,0 88.6354925904446,24.63007923858993,0 88.63543458954511,24.62996403034868,0 88.63538620913069,24.62987207126697,0 88.63534796638061,24.62975818122946,0 88.63529946302823,24.62967695185164,0 88.63526096129962,24.62958565185262,0 88.63517369928952,24.62943571155661,0 88.63509368421354,24.62930052543769,0 88.63505729262614,24.62924087388128,0 88.63499902139257,24.62914938426337,0 88.63494062066411,24.62906919055742,0 88.63476516911584,24.62885063131746,0 88.63465760252751,24.62874737528691,0 88.63454991297147,24.62865484981729,0 88.63442269916851,24.62854067426024,0 88.63432436519155,24.6284945505341,0 88.63423590417047,24.62844965123539,0 88.63409841246869,24.62836983004699,0 88.63400007874704,24.62832370699732,0 88.63386232891044,24.62826647474837,0 88.63366565634271,24.6281747917307,0 88.6334689775708,24.6280836737336,0 88.63326228449222,24.62800375562116,0 88.63307536876988,24.62792346080404,0 88.6329278572542,24.62785540391125,0 88.63278997857849,24.62780946567137,0 88.63266197930348,24.62776418660834,0 88.63253399211845,24.62771777865938,0 88.6323959773928,24.62768369948226,0 88.63229763278612,24.62763870492921,0 88.63213022901918,24.62758118706113,0 88.63199260965435,24.62751265886954,0 88.63185486154249,24.62745542558406,0 88.63168771702236,24.62737531891073,0 88.63159927064859,24.62732928827825,0 88.63150119840552,24.62726057339198,0 88.63126478301132,24.62718658017663,0 88.63108612943363,24.62724812666999,0 88.63104448154009,24.6272160988005,0 88.6309656743157,24.62719162232324,0 88.63085976701915,24.62715954463691,0 88.63076117732383,24.62713600763516,0 88.63064307064629,24.62709025743922,0 88.63054473907249,24.62704413110094,0 88.6304463955571,24.62699913436986,0 88.63032841814201,24.62694208886618,0 88.6301959573215,24.62685497071618,0 88.63023340378479,24.62660681779117,0 88.63025469616701,24.6264742937987,0 88.63025588752809,24.62637038256205,0 88.63028673396882,24.62626675478192,0 88.63033734975494,24.62616331717298,0 88.63035847945496,24.62604491199143,0 88.63038915671832,24.62595596740989,0 88.63042988763775,24.62585243469088,0 88.63049072485553,24.62571972479978,0 88.63054134027693,24.62561628713507,0 88.63057218534432,24.6255126593189,0 88.63060845271779,24.62536728877172,0 88.63059492090328,24.62525419923661,0 88.63058824502941,24.62518974847849,0 88.63060113234053,24.62514355831746,0 88.63061665182801,24.62508327401878,0 88.63066726041458,24.62498040071379,0 88.63072757900406,24.62489287005887,0 88.63077837493294,24.62477361943955,0 88.63084840243221,24.62470143051154,0 88.63092850939952,24.62461239492441,0 88.63100826080404,24.62455441978607,0 88.63110795472625,24.62448138620964,0 88.6312078174726,24.62439366935829,0 88.63130716974921,24.62435056644787,0 88.63139680435332,24.62429268525806,0 88.63149649882295,24.6242196514333,0 88.6315762487209,24.62416167602796,0 88.63167542528876,24.6241338204929,0 88.63178466722557,24.62409024791105,0 88.63191315401336,24.62409260712426,0 88.63203177025682,24.62409374244927,0 88.63215992784919,24.62412490345775,0 88.6322684842679,24.6241411912189,0 88.6323969775882,24.62414298562383,0 88.63252547838935,24.62414421551645,0 88.63267373524113,24.62414676306468,0 88.63278263475955,24.62413312055867,0 88.63290158652156,24.62410488880407,0 88.6330103107305,24.62410649283055,0 88.63313879849217,24.62410885188618,0 88.63324752919007,24.62410989134935,0 88.63339579246417,24.62411187379544,0 88.63350416831712,24.62414397353448,0 88.6336227835579,24.62414510761155,0 88.63371140342566,24.62417588955653,0 88.63382984454923,24.62419227105055,0 88.63393805843111,24.62423848927667,0 88.63406588130462,24.62429901500617,0 88.63417425746319,24.62433111424408,0 88.63429253117866,24.6243621785506,0 88.63442085706828,24.62437865439973,0 88.63454952558615,24.62436519936178,0 88.63458035507773,24.62426270056866,0 88.63458154293923,24.62415878855255,0 88.6345459022797,24.624033627677,0 88.63453416653545,24.6239792951261,0 88.63450553240688,24.62388978364427,0 88.63439833163203,24.62375490228551,0 88.63432028173173,24.62366435310897,0 88.63419297620861,24.62355864920001,0 88.63412463046609,24.62348400762622,0 88.634036186117,24.62343797830882,0 88.63388876937792,24.62336201609141,0 88.63378038764004,24.62333048098786,0 88.63365273456589,24.62325527174565,0 88.63353481138597,24.62319371168729,0 88.63334803164815,24.62310212265906,0 88.63324986463293,24.623041880044,0 88.63314165203163,24.62299566124874,0 88.63303378149872,24.62291951158553,0 88.63296561751885,24.62282905654136,0 88.63288721323788,24.62276956791397,0 88.63277984737915,24.62264936844083,0 88.63273144703331,24.62255966753292,0 88.63265339808929,24.62246911738688,0 88.63255626020775,24.62231908187127,0 88.63252761591104,24.62223069867352,0 88.63243047738914,24.62208066306541,0 88.63234407857668,24.62185617571986,0 88.63227607705684,24.62175160238658,0 88.63222800666166,24.62163310015742,0 88.63214075428903,24.62148315837653,0 88.6320925217685,24.62137877400873,0 88.63203458039013,24.62125904701681,0 88.63201600190487,24.62115494578216,0 88.63196776962849,24.62105056135803,0 88.63190983503668,24.62093026990713,0 88.6318813724608,24.62082607454017,0 88.63184285678595,24.62073646737127,0 88.63183433073229,24.62061777880132,0 88.63180706512054,24.62040910685586,0 88.63186789109372,24.62027696183303,0 88.63196758772887,24.62020336255409,0 88.6320872020534,24.62011696407082,0 88.63219677712634,24.62004402402991,0 88.63229612468832,24.62000092064887,0 88.63237605246191,24.61992713205411,0 88.63253537828403,24.61982586373806,0 88.63265466171985,24.61976826596329,0 88.632744124713,24.61972506734247,0 88.63286358871845,24.61965165652109,0 88.6330726646087,24.61952205857413,0 88.63327153890378,24.61942003777208,0 88.63348079466053,24.61927462640827,0 88.63358048304448,24.61920159143525,0 88.63371970230564,24.61912949855711,0 88.63384903079719,24.61905787596691,0 88.6339487252672,24.61898427547336,0 88.63412747499737,24.61891312523033,0 88.63423671152255,24.61886954931218,0 88.63435599970325,24.61881138587671,0 88.63446523606432,24.61876781070345,0 88.63458416290712,24.61874127195923,0 88.63469339910758,24.61869769572433,0 88.63479291873089,24.61863934319845,0 88.63490231584422,24.61858164891833,0 88.63508141243783,24.61848000152033,0 88.63511225231616,24.61837637296395,0 88.63513320810181,24.61827265050134,0 88.63513439576917,24.61816873933103,0 88.63513574448608,24.6180507093555,0 88.63513693117312,24.61794679819318,0 88.63513829287041,24.61782763943156,0 88.63513999061573,24.61767911336264,0 88.63514150688528,24.61754640018394,0 88.63515308117135,24.61739853422198,0 88.63516493414373,24.61722638407488,0 88.6351862961161,24.61708708329024,0 88.63528700734086,24.61692425404002,0 88.63546524985499,24.61689715107481,0 88.63562338745898,24.6168992256624,0 88.63572256380282,24.61687080248216,0 88.63577965512482,24.61684875550421,0 88.63583413340949,24.61683910954558,0 88.63589356012699,24.61682894565363,0 88.63596027719565,24.61682958255652,0 88.63606899500452,24.61683118469788,0 88.63621725602327,24.61683259951364,0 88.63639514293695,24.61683655593282,0 88.63650386721797,24.61683759336785,0 88.63668194739107,24.61682460778933,0 88.63680088477709,24.61679693681722,0 88.63693958997355,24.61676945513826,0 88.63709807689561,24.61674103300248,0 88.63721752245935,24.61666874775603,0 88.63732709045142,24.61659580426627,0 88.63742677538839,24.61652276603156,0 88.63752662649449,24.6164350454632,0 88.63765629089326,24.61633348816535,0 88.63775614167572,24.61624576655586,0 88.63785582608057,24.61617272806093,0 88.6379454518251,24.61611484336691,0 88.63807443929734,24.61607258378091,0 88.63822269833231,24.61607399667557,0 88.63837078471138,24.61609065698699,0 88.63847949533096,24.61609282180829,0 88.63862724003317,24.61613941353138,0 88.63875521707271,24.61618581595537,0 88.63889325811758,24.61621649996633,0 88.63907032056879,24.61629273948271,0 88.63932610182823,24.61640079189828,0 88.63953263651193,24.61649312550078,0 88.63963080841367,24.61655279886917,0 88.63988624921639,24.61669078102489,0 88.64005309503014,24.616796291161,0 88.64020084106266,24.61684288126011,0 88.64027923823235,24.61690293052127,0 88.64037773817962,24.61693380141175,0 88.64047606480696,24.61697992069914,0 88.64064307191855,24.61707131225451,0 88.64083956422779,24.61717766827709,0 88.64094726713856,24.61726849557375,0 88.64105497665214,24.61735875749088,0 88.64117289848173,24.61742031177914,0 88.64128094290585,24.61748120717521,0 88.64135934743203,24.61754069143025,0 88.64148681252702,24.61763227058132,0 88.64164394366368,24.61772300215452,0 88.64174227133969,24.61776912055272,0 88.64185048307316,24.61781533234445,0 88.64201817303771,24.6178468599135,0 88.64215587022041,24.61790803679001,0 88.64227396621975,24.61795434260528,0 88.64238200516171,24.61801580244699,0 88.64248988944088,24.61809081569167,0 88.64258839079018,24.61812168505225,0 88.64268671909537,24.61816780279604,0 88.6427942575166,24.61827331180087,0 88.64290196371718,24.6183641366482,0 88.64298019648334,24.61843886843073,0 88.64305841644213,24.61851472894686,0 88.64320533798825,24.6186341664081,0 88.6432637900851,24.61870983916047,0 88.6433319597558,24.61880028930214,0 88.64339026478174,24.61888895107616,0 88.64351739958545,24.61900989464483,0 88.64359562667595,24.6190851904506,0 88.6437229422683,24.61919032097823,0 88.64380133610615,24.61925093351297,0 88.64387973100648,24.6193115459916,0 88.64402714825755,24.6193874974815,0 88.64413502179532,24.61946363910175,0 88.64448915098903,24.61961723435499,0 88.64463674179584,24.61967793767168,0 88.64480392273259,24.61975464107345,0 88.64490208669599,24.61981544039289,0 88.64500980117118,24.61990569918488,0 88.64530412765029,24.62010277963467,0 88.64539173426154,24.62022278235199,0 88.64544013793555,24.6203130440566,0 88.64550765027215,24.62046166034184,0 88.64556526571656,24.62061131306162,0 88.64564265616087,24.62076058776121,0 88.6456707984013,24.62089414709661,0 88.6457478437527,24.62107391767618,0 88.64577647856514,24.62116399195617,0 88.64582355725982,24.6213711533121,0 88.64587178904792,24.62147666325273,0 88.64587104583877,24.62154217208735,0 88.64587045058705,24.62159469274828,0 88.64589858687255,24.62172881639354,0 88.64592689492351,24.62184769251504,0 88.64599490846524,24.62195225906595,0 88.64610228030487,24.62207301376412,0 88.64618033823091,24.62216355553667,0 88.64625840914115,24.62225296848365,0 88.64636629392228,24.62232854387571,0 88.64649394206428,24.62240487073939,0 88.64661187761595,24.62246585594594,0 88.64679816658359,24.62260147653092,0 88.64689632732097,24.62266283965086,0 88.64698427796552,24.62275290965922,0 88.64705245258521,24.62284335781226,0 88.64710087684064,24.62293192477818,0 88.64712935344504,24.62303611744388,0 88.64716683260724,24.62321833663997,0 88.64718595533488,24.62327556216575,0 88.64718411350373,24.62343820625073,0 88.64718259744308,24.62357204937346,0 88.64715092780762,24.62374966082321,0 88.64714959165835,24.62386769112625,0 88.64714807557256,24.62400153334074,0 88.64714672559566,24.62412069333135,0 88.64710517874505,24.6242976463799,0 88.64708305476313,24.62450528244227,0 88.64708036214611,24.62474303711006,0 88.64707851928817,24.62490568118243,0 88.64707683067047,24.62505477179781,0 88.64707565320145,24.62515868426424,0 88.64707347174905,24.6253512589627,0 88.64705219294518,24.62548435059354,0 88.64705084936843,24.62560294527494,0 88.64704815580951,24.62584069992412,0 88.64704546226858,24.62607845456661,0 88.64704428579286,24.6261823661075,0 88.64699284623431,24.62635979043631,0 88.6469909969515,24.62652299977268,0 88.64694810568145,24.626818547445,0 88.64694574424081,24.62702693582652,0 88.6469442409723,24.62715964922129,0 88.64704106197497,24.62733960667641,0 88.64711912406972,24.62743014859669,0 88.64724593933099,24.62758045628108,0 88.6474221796625,24.62773123091285,0 88.64748065162982,24.6278057728065,0 88.64753878519419,24.62791024529302,0 88.64766544186486,24.62807467038609,0 88.64771333867402,24.62821011005768,0 88.64785992506934,24.62836060409666,0 88.64793766930337,24.62847938206182,0 88.64799580260797,24.62858385523996,0 88.64806382182428,24.62868842138653,0 88.64814154721526,24.62880889419079,0 88.64821893988666,24.62895873227417,0 88.64830589219176,24.6291374660297,0 88.64837373866942,24.62925728041023,0 88.64845129882677,24.62939243611996,0 88.64850876843067,24.62955564148543,0 88.64855650732753,24.62970519950478,0 88.6485830139417,24.62976531886634,0 88.64865284057204,24.62992864148433,0 88.64866137724096,24.63004789429026,0 88.64872872057424,24.63021232306066,0 88.64889709390494,24.63018510950964,0 88.64895393381416,24.63018564640968,0 88.64901571522169,24.63018623112279,0 88.64915426137692,24.63017398505684,0 88.6492728826609,24.63017510556467,0 88.64940172244684,24.63014695356926,0 88.64951061813376,24.63013386316554,0 88.64965939985058,24.63009064927754,0 88.64978840519034,24.63004781385899,0 88.64991691866985,24.63004846325707,0 88.65006534206465,24.63003687454505,0 88.65017406641586,24.63003903024181,0 88.6502828026086,24.63004005709506,0 88.65043123333925,24.63002790362545,0 88.65055974035323,24.63002911686245,0 88.65066880879859,24.63000077723368,0 88.6507874298573,24.63000189655408,0 88.65089649181705,24.62997412205432,0 88.65100522890242,24.62997514747396,0 88.65112401010228,24.62996214871544,0 88.65126239553238,24.62996401944609,0 88.6514602579964,24.62995176632966,0 88.65156932613139,24.62992342606131,0 88.65166866201622,24.6298814386345,0 88.65186720549737,24.62980875766211,0 88.65195683457343,24.62975086363027,0 88.65206415762614,24.62965811975529,0 88.65212722703612,24.62954462477776,0 88.65212855281096,24.62942715913467,0 88.65212989779955,24.62930799942488,0 88.65213107091969,24.62920408809394,0 88.65213274046647,24.62905612658733,0 88.65213425093643,24.6289222828787,0 88.65216557595666,24.62877460137761,0 88.65217663387801,24.62867078277878,0 88.65217814433423,24.62853693996864,0 88.65217997934307,24.62837429536076,0 88.65221131701479,24.62822548417205,0 88.65224229807644,24.62810829851696,0 88.65228336033024,24.62797369876627,0 88.65233411716962,24.62785613417383,0 88.65234534037924,24.62773763247015,0 88.65238654966276,24.62759004365964,0 88.6524180396041,24.62742767902188,0 88.65244870763513,24.62733816546248,0 88.65244988056352,24.62723425321504,0 88.65250029871243,24.62714662006467,0 88.65250147161817,24.6270427087194,0 88.65252225384089,24.62695310153337,0 88.65255357805425,24.62680541996414,0 88.65259411771623,24.62671712877915,0 88.65259562783467,24.62658328595609,0 88.65262628275757,24.62649490114339,0 88.65264705941817,24.62640585922275,0 88.65267904510185,24.62619944435765,0 88.65268089242852,24.62603567095601,0 88.65270166898256,24.62594662812587,0 88.65272243911762,24.62585815058371,0 88.6527536028924,24.62572458769564,0 88.65275577557792,24.62553201157509,0 88.65275779467032,24.62535298977991,0 88.65275897925035,24.62524794875386,0 88.6527613110011,24.62504125481815,0 88.65276246998262,24.62493847224144,0 88.65276338132806,24.62485771520328,0 88.65276498638849,24.6247154011373,0 88.65277604366523,24.62461158248551,0 88.65277738089389,24.62449298803308,0 88.65277889093925,24.62435914518196,0 88.65278056001694,24.62421118362034,0 88.65278240734497,24.62404741018445,0 88.65278475195804,24.62383958654183,0 88.65278608281069,24.62372155646624,0 88.65278742104894,24.62360296108766,0 88.65278810838663,24.62354196934271,0 88.65282947511356,24.62338026262482,0 88.65284069771917,24.62326176086219,0 88.65289145142266,24.6231441970521,0 88.65292737207281,24.62302705719539,0 88.65299186464645,24.62300620267983,0 88.65318712270609,24.62300465415195,0 88.65323607396644,24.62304691025523,0 88.65340692727838,24.62301802151073,0 88.65360461851601,24.62301988396108,0 88.65382207206933,24.62302249674772,0 88.65399009740217,24.62302520860235,0 88.65412846866013,24.62302764148291,0 88.65427673705798,24.62302903718102,0 88.65440523673746,24.62303024750585,0 88.65458313903494,24.62303361661118,0 88.65469186997059,24.62303463967905,0 88.65482036324103,24.62303641403586,0 88.65499878121727,24.62299403840955,0 88.6551770275305,24.62296691185663,0 88.65533550503812,24.62293959818555,0 88.65549365123444,24.6229416505311,0 88.65561225362778,24.62294389515675,0 88.65572132103108,24.62291498692977,0 88.6558695892265,24.62291638196572,0 88.65600796027998,24.62291881221794,0 88.65613645337955,24.62292058545512,0 88.65630640289366,24.62297188512734,0 88.65641120697087,24.62310220941488,0 88.65643969222161,24.62320639989589,0 88.65646768151926,24.62335463961547,0 88.65656484985571,24.62350465900386,0 88.65666268672052,24.62359538159575,0 88.65675098103233,24.62365551493631,0 88.65684881716072,24.6237462374029,0 88.65694715563394,24.62379234526971,0 88.65705504234477,24.62386847694458,0 88.65720097528991,24.62407769391985,0 88.65716026837391,24.62418123362245,0 88.65710985464655,24.62426886903789,0 88.65709846474667,24.62440261835745,0 88.65717536464646,24.62459706689513,0 88.65723267248512,24.62477551599244,0 88.65728059169464,24.62490982341178,0 88.65732901207265,24.62499951630389,0 88.65740642652995,24.62514822049235,0 88.65740508094974,24.62526794442248,0 88.65744278528238,24.62543152550629,0 88.65744161739767,24.62553543758734,0 88.65748853958789,24.62575840862841,0 88.6575367892263,24.62586334887444,0 88.65756543465801,24.62595342124398,0 88.65757389094243,24.62608057999146,0 88.65757212018319,24.62623814215565,0 88.6577700139084,24.6262224911382,0 88.65789851670216,24.62622369830252,0 88.65802700672894,24.62622603412985,0 88.65817526694362,24.62622855544576,0 88.65833342450968,24.62623004018488,0 88.65851133214429,24.62623340438467,0 88.65864971951046,24.6262347032361,0 88.65877822326533,24.62623590963636,0 88.65889683405784,24.62623758712706,0 88.65902549610524,24.62622467373851,0 88.65915399884555,24.62622587982877,0 88.65926272601106,24.62622746473146,0 88.65947045938216,24.62621585808279,0 88.65958923574152,24.62620285195889,0 88.65974805259408,24.62614560206842,0 88.65987687801704,24.6261180049149,0 88.65998611153138,24.62607441045557,0 88.66008529581437,24.6260454058461,0 88.66028365150135,24.62598852611267,0 88.66037292461135,24.62596168756276,0 88.66049154244432,24.62596279941077,0 88.66077820292631,24.62596548553037,0 88.66093635365047,24.6259675319326,0 88.66108493598125,24.625941249579,0 88.66123320746456,24.62594263822969,0 88.66144144693369,24.62588584915635,0 88.66157010187035,24.62587349891059,0 88.66177818303979,24.62583082804589,0 88.66190684324542,24.6258179131417,0 88.66203533906605,24.62581968027227,0 88.66214407214707,24.62582069872179,0 88.66226251273648,24.62583762099489,0 88.66242034099768,24.62586846754552,0 88.66262789623002,24.62587266929652,0 88.66283514838176,24.62590397749645,0 88.66296804400891,24.62595435810753,0 88.66304187619801,24.62598215916377,0 88.66330247780969,24.62610489799449,0 88.66339589070907,24.62614982617587,0 88.66349424595381,24.62619479984552,0 88.66357248473932,24.62627064958743,0 88.66366044308342,24.62636127522526,0 88.66378564075852,24.62643699898251,0 88.66383720178358,24.62646741525767,0 88.6639154536426,24.62654213512505,0 88.66399369191062,24.62661798463039,0 88.66409137865077,24.62672281968576,0 88.66416978757631,24.62678342166728,0 88.6642477043533,24.62688807270282,0 88.66435509305855,24.62700937750394,0 88.66443285243692,24.62712814707134,0 88.66452081298529,24.62721877121747,0 88.6646282149476,24.62733894701917,0 88.66468668480483,24.62741461135661,0 88.66478438545776,24.62751831711739,0 88.66488205990932,24.62762428216151,0 88.66494037241843,24.62771406502537,0 88.6650673806523,24.62784910819232,0 88.66521398928893,24.62799958420675,0 88.66530113032874,24.62816362386471,0 88.66539929851322,24.62822553942941,0 88.66549732189037,24.62830044298831,0 88.66571146153277,24.62860065463954,0 88.66581920628431,24.62869033373039,0 88.66586747035291,24.62879470735357,0 88.66594506212782,24.62892872428564,0 88.66609116889185,24.62912437803217,0 88.66616908878271,24.6292290278788,0 88.66629675616221,24.62930533684367,0 88.66640547941634,24.62930748081775,0 88.66653398597191,24.62930868041659,0 88.6666526076902,24.62930978631817,0 88.66684041777019,24.62931210341722,0 88.66701833668219,24.62931489200534,0 88.66714942161708,24.62930651339198,0 88.66720630510943,24.62930309000653,0 88.66732492581907,24.62930419629117,0 88.66755227072154,24.62930744471184,0 88.66772031112107,24.62930957636095,0 88.66789822998297,24.62931236390664,0 88.66804650707321,24.62931374559912,0 88.66823447532052,24.62930194231965,0 88.66836314535495,24.62928845644354,0 88.66854139758919,24.62926131192835,0 88.66868967458592,24.62926269298914,0 88.66875886386296,24.62926390248394,0 88.66881816832947,24.62926501940462,0 88.66896611731309,24.62929576621232,0 88.66905424609064,24.62937170532534,0 88.66918092071806,24.62953724124417,0 88.66924879506152,24.62965648072646,0 88.66933611328867,24.62980527027331,0 88.66941335714897,24.62997091051204,0 88.66948963224839,24.63022351994212,0 88.66951829362949,24.63031302509334,0 88.66955601014898,24.63047716739398,0 88.66959405994855,24.63061137839167,0 88.66964166793423,24.63077504875543,0 88.66966011681855,24.63089382738638,0 88.6697082162259,24.63101344780615,0 88.6698121542408,24.63144535589737,0 88.67001939986088,24.63147834852132,0 88.67012813753058,24.63147936002837,0 88.67024676116412,24.63148046388521,0 88.67038514841548,24.63148231599074,0 88.67045434519572,24.63148295935241,0 88.6705930600245,24.63145544436791,0 88.670692245585,24.6314264326834,0 88.67082074246106,24.63142875725567,0 88.67092931048251,24.63144501646203,0 88.67107757730508,24.63144752469821,0 88.67122584944535,24.63144946751247,0 88.67136391119158,24.63148068558626,0 88.67151218967689,24.63148206373221,0 88.67165057154345,24.63148447904394,0 88.67179884469996,24.63148642218187,0 88.67192751006354,24.63147349754286,0 88.67210594106656,24.63143053601874,0 88.67223477042489,24.63140292812634,0 88.6724126920162,24.63140571016422,0 88.67252142421691,24.63140728521709,0 88.67268947346194,24.63140884586997,0 88.6728774513161,24.63139647134645,0 88.67303576596809,24.63138438603524,0 88.67318469723486,24.63132702970566,0 88.67334351428562,24.63126976455816,0 88.6734430195603,24.63121194861224,0 88.67352218303991,24.63120534130375,0 88.67360134650855,24.63119873395402,0 88.67385900287235,24.63114351466482,0 88.67406708839162,24.63110082656311,0 88.67416626110121,24.63107294139717,0 88.67441387444286,24.63103174850342,0 88.67457252765607,24.6309891659802,0 88.67468142853323,24.63097549032751,0 88.67481025573663,24.63094788029178,0 88.67501816513143,24.63092100264281,0 88.67518653380331,24.63089375896909,0 88.6754341410393,24.63085312880184,0 88.67562228658447,24.63082550264992,0 88.67575096327414,24.63081144602808,0 88.67586018289975,24.6307689679857,0 88.6760188414861,24.63072581869264,0 88.67613745156555,24.63072804670049,0 88.67630581965861,24.63070080179889,0 88.67650351709119,24.63070319692926,0 88.67664189790169,24.63070560768596,0 88.67673086487001,24.63070643130701,0 88.67686892682187,24.63073764339453,0 88.67698754947467,24.63073874196511,0 88.67717536203763,24.63074104511159,0 88.67730385796635,24.63074336326922,0 88.6774224680205,24.63074559026082,0 88.67755097554212,24.63074677945301,0 88.67767947775498,24.63074853290649,0 88.67783762834848,24.63075112556049,0 88.67791680372974,24.6307433862973,0 88.67797618417272,24.63073772246151,0 88.67814456431566,24.63070934585341,0 88.67830271581367,24.63071193710634,0 88.67863879389004,24.63071673942509,0 88.67897487919365,24.6307209747923,0 88.67925148464462,24.63073991018704,0 88.67936005375572,24.63075616326708,0 88.67947318427987,24.63080691022674,0 88.67963535406331,24.63089312862335,0 88.67976351833187,24.63092537585521,0 88.67989170248083,24.63095592891469,0 88.67998017036008,24.63100193000564,0 88.68007852948219,24.63104745755049,0 88.68013669203616,24.63115191676043,0 88.680205059675,24.63122766619939,0 88.68026338460976,24.63131744330772,0 88.68031166252443,24.63142181155368,0 88.68036010995218,24.63151093244359,0 88.68040853762602,24.63160174646945,0 88.680486141087,24.63173632020152,0 88.6805148241197,24.63182469312519,0 88.68058238074266,24.63197385887139,0 88.68066937072554,24.63215370272022,0 88.68073709610738,24.63228762014831,0 88.68082457284301,24.63242341416013,0 88.68094189397679,24.63254253920729,0 88.68107006121998,24.63257478610202,0 88.68118818672291,24.63262105973516,0 88.68130664265753,24.63263740211594,0 88.68148424245803,24.63266953916673,0 88.68164240881886,24.6326709980062,0 88.68175114806671,24.6326720010323,0 88.68186976078701,24.6326742244009,0 88.68197816984016,24.6327051584096,0 88.68210568241867,24.6327967014152,0 88.68218394972489,24.63287141181389,0 88.68226188601916,24.63297605332058,0 88.68241726173686,24.63323051462704,0 88.68248514521821,24.63335031257181,0 88.68256226637594,24.63352893470903,0 88.68256045958874,24.63369270985771,0 88.68255898283417,24.63382655296343,0 88.68254762096549,24.63396030535095,0 88.68254532853402,24.63416813017276,0 88.68257383825741,24.63427231517067,0 88.68262114810419,24.63446478273112,0 88.68271802905906,24.63464471668881,0 88.68274669466304,24.63473478399406,0 88.68282381716078,24.63491340590024,0 88.68287209971272,24.63501777307717,0 88.68296964133654,24.63513784456277,0 88.68304757978737,24.63524248552155,0 88.68331071855438,24.63558717736243,0 88.68325041354917,24.63567642410009,0 88.68323922669596,24.63579436389395,0 88.6832280210439,24.63591399773172,0 88.68318734537587,24.63601641643409,0 88.68318603748872,24.63613501217212,0 88.68318407616066,24.6363129057705,0 88.68318145414888,24.63655066161737,0 88.68320024251459,24.63664007281486,0 88.68319876660894,24.63677391584208,0 88.68319664256384,24.63696649235442,0 88.68318479594456,24.63714429527331,0 88.68318316452149,24.63729225682932,0 88.68318152586471,24.63744078367732,0 88.68315055457354,24.6375596709023,0 88.68311942144268,24.63769324194168,0 88.68309801812927,24.63784102127313,0 88.68307711369316,24.63794362217678,0 88.68305619572065,24.63804735275335,0 88.6829952432242,24.63819533289429,0 88.68296460149642,24.63828428897247,0 88.68292359408588,24.6384166387527,0 88.68287301848494,24.63852009549387,0 88.68281271288164,24.63860934300626,0 88.68266312885711,24.63872544254772,0 88.68253281846685,24.63888690355992,0 88.68243265718401,24.63900402343879,0 88.68246132476999,24.6390940906952,0 88.68249972135011,24.63919836718825,0 88.68253795088496,24.63931789275873,0 88.68258590419934,24.63945219192119,0 88.68263385762455,24.63958649106058,0 88.68266105448402,24.63980983689023,0 88.68265942888904,24.6399572349473,0 88.68265795787333,24.64009051357601,0 88.68260639164315,24.64028376449534,0 88.68250721301867,24.64031165459533,0 88.6824078672232,24.64035479372293,0 88.68227935534921,24.64035304394092,0 88.6821702784306,24.64038197278208,0 88.68204128609771,24.64042370898619,0 88.68189267176406,24.64045170765908,0 88.68170418893691,24.64050870907609,0 88.681526979398,24.64133563440453,0 88.68167507143947,24.64135507378228,0 88.68178381822497,24.64135607728443,0 88.68193177345485,24.64138793999324,0 88.68204020272232,24.64141774475845,0 88.68218848184618,24.64142024137757,0 88.68229739151718,24.64140656067676,0 88.68240629489145,24.64139344427892,0 88.68257483814801,24.64135150787255,0 88.68268374769983,24.641337826897,0 88.68284224228769,24.64131048334779,0 88.68302018033108,24.6413132520277,0 88.6831490166949,24.64128563439984,0 88.68326782431078,24.64127091398905,0 88.68335710427209,24.64124406149885,0 88.68348562425402,24.64124524501496,0 88.68358497658144,24.64120154078129,0 88.68370360983508,24.64120263350635,0 88.68386177530662,24.64120521908427,0 88.68402026938058,24.6411778734118,0 88.68417844106621,24.64117989427737,0 88.68430744585113,24.64113702747828,0 88.68443595218677,24.64113933986124,0 88.68458440596483,24.64112602065105,0 88.68473268463353,24.64112851477506,0 88.68486153284147,24.6410997660452,0 88.68499036947057,24.64107214685991,0 88.68512892391799,24.64105986626712,0 88.68528759244796,24.64101670580571,0 88.68541626736524,24.64100376916323,0 88.6855350743478,24.64098904789032,0 88.6856638971849,24.64096255691226,0 88.68576308797351,24.64093353507802,0 88.68592158215313,24.64090618742835,0 88.68605026210963,24.64089268498063,0 88.68620908523253,24.64083540596125,0 88.68635736447474,24.64083789848749,0 88.68649608607339,24.64081036847851,0 88.68662493443414,24.64078161736049,0 88.68679347516944,24.64073967633783,0 88.68692231090264,24.64071205553718,0 88.68708097826246,24.6406688932365,0 88.68731854730693,24.64064340048276,0 88.68751626889988,24.64064521585984,0 88.6877045938205,24.64060232579101,0 88.68785287270993,24.64060481595179,0 88.68803098217496,24.64059176620854,0 88.68818946280784,24.64056554587679,0 88.68834795681057,24.64053819480563,0 88.68877353349481,24.64049861008082,0 88.6889317040671,24.64050062508154,0 88.68907999525929,24.64050198527766,0 88.68920850077002,24.64050429360892,0 88.68931740854897,24.64049060699863,0 88.68944592748808,24.64049178545472,0 88.68957443297496,24.6404940934732,0 88.68972271165498,24.64049658179353,0 88.68983145836253,24.64049757859344,0 88.69008913282541,24.64044176559756,0 88.69023741143324,24.64044425431547,0 88.69036593028292,24.64044543198669,0 88.69045457565875,24.64047617813612,0 88.69055311390234,24.64050645000266,0 88.69066152011837,24.64053850688834,0 88.69080964416405,24.64055511352716,0 88.69091837744497,24.64055723920908,0 88.69106666858744,24.64055859653686,0 88.69116585135563,24.64053013559737,0 88.69130425585816,24.64053140258173,0 88.69145252107619,24.64053501886236,0 88.6915810399634,24.64053619548855,0 88.6916794177113,24.64058115036875,0 88.69183677201598,24.6406577080988,0 88.69194469641333,24.64073381443476,0 88.69207239840502,24.64080953552608,0 88.69219054257582,24.64085523634137,0 88.69234789751216,24.6409317934982,0 88.69250574088582,24.64096373661178,0 88.69260427371785,24.64099457236543,0 88.69279144763922,24.64105671713484,0 88.69290975388225,24.64108773358313,0 88.69301850097921,24.64108872804731,0 88.69316678544406,24.64109064855959,0 88.6933348369613,24.64109331413784,0 88.69351277411752,24.64109606949245,0 88.69366138685007,24.64106805851215,0 88.69377061547364,24.64102500206158,0 88.69388973065162,24.64098203636738,0 88.6939699556591,24.6408788461819,0 88.69409960441727,24.64077667266742,0 88.69417934147371,24.64071809712868,0 88.69430818135487,24.64068990480198,0 88.69441691563667,24.64069202793134,0 88.69459485315232,24.64069478202276,0 88.69471331882679,24.64071111330425,0 88.69487116856116,24.64074248863522,0 88.69499968750466,24.64074366232392,0 88.69517761886334,24.64074698100141,0 88.69531618374876,24.64073356052458,0 88.69543497117184,24.64072052462204,0 88.69554453186943,24.64064697157688,0 88.69569346408944,24.64058959114078,0 88.69584271675176,24.64050284487323,0 88.69598193573303,24.64042956094646,0 88.69617947851937,24.6404477427061,0 88.69625741971056,24.64055350562104,0 88.69631480629496,24.64073081091795,0 88.69636308995905,24.64083630442381,0 88.69641138609488,24.64094066734705,0 88.696488847189,24.64109048043656,0 88.69658641355335,24.64120997764749,0 88.69662498458057,24.64129956787811,0 88.69670292670752,24.64140533050174,0 88.69677132224622,24.64147994271225,0 88.69682966583684,24.64156971326166,0 88.69697584398334,24.64176477159739,0 88.69710273678375,24.64191503473056,0 88.69716108082544,24.64200480512262,0 88.69726804255458,24.6421695714807,0 88.6973656043328,24.64228963246162,0 88.69741406821643,24.64237874775684,0 88.69747224543221,24.64248376522114,0 88.69755020243154,24.64258839854489,0 88.69771615546549,24.64278363628377,0 88.69782473761356,24.64279987529867,0 88.69792310776508,24.64284595550802,0 88.69805113628205,24.64289230461442,0 88.69815988474427,24.64289329527044,0 88.69826862700681,24.64289485022504,0 88.69839714898758,24.64289602087547,0 88.69854543012205,24.6428985003253,0 88.69869371125294,24.64290097962846,0 88.69880245969772,24.64290196981867,0 88.69895074800235,24.64290388447923,0 88.69908898866169,24.64292039225034,0 88.69926694145657,24.64292201097456,0 88.69946448838623,24.64294018817185,0 88.69960273009839,24.64295669455042,0 88.69976041759988,24.64300331352007,0 88.69990853899975,24.64302047443558,0 88.70006622765125,24.64306709215948,0 88.70024418060427,24.64306871061697,0 88.7004020291626,24.64310064516146,0 88.70052033267277,24.64313221978027,0 88.70062875564092,24.64316313954735,0 88.70088719538914,24.64326432833848,0 88.70101268635584,24.64331686489633,0 88.70112094375621,24.6433630323843,0 88.70126842097798,24.64343949025649,0 88.70139645216578,24.64348583730067,0 88.70155366208515,24.64357650364513,0 88.70166193223898,24.64362154106284,0 88.70177990500871,24.64368361081963,0 88.70186807838169,24.64375840015477,0 88.70199561812511,24.64384992655046,0 88.70209367757828,24.64392480513185,0 88.70220145730863,24.64401502201022,0 88.70231896453068,24.64412001187041,0 88.70244618596919,24.64424090344955,0 88.70253386836504,24.64436087222814,0 88.70268994024595,24.64455657889249,0 88.70278752135017,24.64467550808556,0 88.70289497100748,24.64479621965245,0 88.70296272914518,24.64493012698694,0 88.7030476464171,24.64507718094444,0 88.70311831706977,24.64517044860937,0 88.70316662059592,24.64527480981273,0 88.70322465792927,24.64539337961504,0 88.70329288775648,24.64548380094421,0 88.70335091298209,24.64560350033802,0 88.70339920455403,24.64570899109641,0 88.7034765310344,24.64587235391474,0 88.70350522153436,24.64596185270593,0 88.70358236949652,24.64614159318814,0 88.70365905302417,24.64636425503841,0 88.7037068671905,24.64651379494045,0 88.7037640834253,24.64670804044932,0 88.70381110747867,24.64693043259012,0 88.70383833906763,24.64715433933506,0 88.70386687186215,24.64725852169543,0 88.70386365915371,24.6475544467745,0 88.70383238726247,24.64770270547858,0 88.70383061542856,24.64786591653346,0 88.70380956769738,24.64798320396376,0 88.70378881906592,24.64807281895035,0 88.70378769158116,24.64817673174572,0 88.70375675044301,24.6482944942986,0 88.70372547113801,24.6484433173704,0 88.70368352131599,24.6486643381763,0 88.70368190349613,24.64881343079608,0 88.70368077496808,24.64891734359722,0 88.70367899685154,24.64908111901259,0 88.70367786932077,24.64918503179923,0 88.70372585028684,24.64931932441834,0 88.70372472181779,24.64942323721139,0 88.70372344022105,24.64954126931788,0 88.70371210069165,24.64967502370598,0 88.70374746560684,24.64983292362666,0 88.70370985708198,24.64988171961724,0 88.70370936066915,24.64992746381446,0 88.70371247651407,24.65009580290389,0 88.70373627449482,24.65018073874861,0 88.70377405621399,24.6503437432666,0 88.70380242339671,24.65046317273324,0 88.70383063137042,24.65059728678061,0 88.70387829457114,24.65076094576106,0 88.70388705267011,24.65086494777006,0 88.70393487534723,24.65101392393356,0 88.70399225986101,24.65119292105257,0 88.70403052106138,24.65131187528523,0 88.70403636129815,24.65145708210376,0 88.70405744833378,24.65156402041214,0 88.70408564456474,24.65169926311591,0 88.70408420416616,24.65183197795598,0 88.7041114502054,24.65205475567686,0 88.70414469982862,24.6521798783448,0 88.704158948067,24.65223366346099,0 88.70415749644147,24.6523675079315,0 88.70421440333705,24.6525905550399,0 88.70421327640676,24.65269446776191,0 88.70421214849239,24.65279838049387,0 88.70421053057825,24.65294747302112,0 88.7042090780611,24.65308131748867,0 88.70420796249471,24.65318410146489,0 88.70415724052181,24.65330224913725,0 88.70410667671611,24.6534057140283,0 88.70402645207554,24.65350891035942,0 88.70392677779056,24.65358199557283,0 88.70380734151799,24.65365377171574,0 88.70371771903488,24.65371169797583,0 88.70359858877727,24.65375523715391,0 88.70349923980996,24.65379839125306,0 88.70340977022646,24.65384219893543,0 88.70333765913814,24.65388108044754,0 88.70318109038938,24.65395760281259,0 88.7030516001665,24.65404453719348,0 88.70292258268769,24.65408798567912,0 88.70279292041486,24.6541907322911,0 88.70267380167981,24.65423314112071,0 88.70254446405238,24.65430595668588,0 88.70243491291467,24.65437782112348,0 88.70231545648194,24.6544512910926,0 88.7022357203769,24.65450930674927,0 88.70212615752547,24.65458230062212,0 88.70202649358005,24.65465425501592,0 88.70192681099995,24.65472790337934,0 88.7017977975712,24.65477078658928,0 88.70156942732861,24.65485738606398,0 88.70146002850321,24.65491513233012,0 88.70133037648641,24.65501674812486,0 88.70125062718948,24.65507589205026,0 88.70120023938016,24.6551629783721,0 88.70109018944096,24.65528058701627,0 88.70100039871956,24.65535375984385,0 88.70091044829886,24.65544161631746,0 88.70081109698128,24.65548476784844,0 88.70073119370647,24.65555803084327,0 88.70061206053458,24.65560156689006,0 88.7005128738129,24.65562947017381,0 88.70040364062395,24.65567196764305,0 88.70029488016561,24.65567097832017,0 88.70016634517731,24.65566981000256,0 88.69999827247564,24.65566715225193,0 88.69988918639605,24.65569609441058,0 88.69978934814424,24.65578386078182,0 88.69973879213336,24.65588619476308,0 88.69975743524472,24.65599028749338,0 88.6998050885572,24.65615451312074,0 88.69981367805698,24.65627376353315,0 88.69981175324756,24.65645052870658,0 88.69983022446002,24.65657043476595,0 88.69985892770342,24.65665880448532,0 88.69985762428821,24.65677853068177,0 88.69986637982376,24.65688253390579,0 88.69991436545081,24.65701626240485,0 88.69994305034321,24.65710632702812,0 88.69996169386921,24.65721041969801,0 88.69998973290448,24.65735978257489,0 88.70003756537777,24.65750763032906,0 88.70008586564703,24.65761255752012,0 88.70011454982443,24.65770262119824,0 88.70014308155017,24.65780680417499,0 88.7001910678961,24.65794053343767,0 88.7002579753749,24.65815294212137,0 88.70027698193273,24.65822371489282,0 88.70031523510011,24.65834323623277,0 88.70034376617015,24.65844741825446,0 88.70037246411323,24.65853635309051,0 88.70042012558406,24.658700013998,0 88.70046858533794,24.658790258231,0 88.70049473188723,24.65888651184142,0 88.70055450686694,24.65907287415299,0 88.70060280825764,24.6591778020038,0 88.70066083099393,24.65929806641194,0 88.70073897287655,24.65938688562371,0 88.70083574107738,24.65958149219232,0 88.70088420865937,24.65967117095692,0 88.70104046345091,24.65985163272231,0 88.70119640481481,24.66006089639937,0 88.70126447622515,24.66016656799475,0 88.70134244722661,24.66027119926519,0 88.70140096309945,24.66034628439586,0 88.70152805306158,24.66048073150725,0 88.70160569318499,24.66061585963152,0 88.70170278986529,24.66078053373887,0 88.7017898453507,24.66095923684501,0 88.70186700056345,24.66113897931672,0 88.70198371400942,24.66131851641594,0 88.70207141514966,24.66143792020757,0 88.70216915078386,24.66154386102636,0 88.70222751972135,24.66163249979843,0 88.70234455294192,24.66178266920195,0 88.70242268011584,24.66187318228144,0 88.70248119025727,24.66194883128696,0 88.70257911165574,24.66203782880039,0 88.70263762198313,24.66211347863686,0 88.70281349868854,24.66230880130912,0 88.70289163269609,24.66239874882471,0 88.70298954241218,24.66248887568358,0 88.70308760441741,24.66256488408851,0 88.7031957212748,24.66262573359025,0 88.70334371417637,24.66265700998319,0 88.70348213932549,24.66265883056585,0 88.70361066900621,24.66266112530818,0 88.70376951278553,24.66260382588926,0 88.70388848064951,24.66257609948085,0 88.7039975715003,24.66254715416876,0 88.70412659804775,24.66250370434468,0 88.70427521727986,24.66247737659407,0 88.70440392436471,24.66246329297601,0 88.70450312250021,24.6624348216123,0 88.70463197730378,24.66240718468374,0 88.70479033579566,24.66239449959653,0 88.70493912510682,24.66235235699834,0 88.70507755599591,24.66235361084973,0 88.70523576144949,24.66235504368069,0 88.70536429790086,24.66235677255122,0 88.70548295222945,24.66235784696038,0 88.70564113305622,24.66236153866735,0 88.70581911503056,24.66236314991156,0 88.7059278749115,24.66236469838804,0 88.70605657030342,24.6623517439126,0 88.70618510670491,24.66235347117728,0 88.70631364927047,24.66235463486006,0 88.70644217853381,24.66235692719266,0 88.70666975869671,24.66234430155371,0 88.70677851337867,24.66234641468017,0 88.70694660084621,24.6623484999734,0 88.70707514237132,24.66234966211263,0 88.7072326878644,24.66241208493035,0 88.70740986871797,24.66248767600484,0 88.70754748633927,24.66256403893739,0 88.70770471480702,24.66265582852235,0 88.70795029829928,24.66280715548604,0 88.70810770448374,24.66288256694568,0 88.70823543462163,24.66295883939567,0 88.70838294669957,24.66303472602944,0 88.70850078981162,24.66311090844064,0 88.70857209159895,24.66314713562954,0 88.7086483083628,24.66318623041995,0 88.7087465276016,24.66324811563033,0 88.70892338711246,24.66335363644717,0 88.70901172540582,24.66341486824005,0 88.70923786042624,24.66353608267202,0 88.70942508473425,24.66359764166848,0 88.70953087921887,24.66364490997616,0 88.70963175562514,24.66368987494168,0 88.70979936309583,24.66373657221248,0 88.70998658180132,24.66379869484954,0 88.71029262080498,24.66384663976775,0 88.71047059845429,24.66384880975364,0 88.71080708960365,24.66382416875512,0 88.71096529658746,24.66382559544444,0 88.71111312888753,24.663872112883,0 88.71121152137216,24.6639181830947,0 88.71136891848212,24.66399472059187,0 88.71155534064134,24.66413082369451,0 88.71166298776443,24.66423571675436,0 88.71173139286482,24.66431145223419,0 88.71178960021369,24.66441590008053,0 88.71188720723549,24.66453482264671,0 88.71203359719446,24.66471518391181,0 88.7120919561046,24.66480551237731,0 88.71214043476333,24.66489518779473,0 88.71218843075492,24.66502947844111,0 88.7122169744255,24.66513365839273,0 88.71221585372903,24.66523757247236,0 88.71221458093309,24.6653556039894,0 88.71216401974914,24.66545907224089,0 88.71212334599356,24.66556262911291,0 88.71212222523873,24.66566654319059,0 88.71212078704539,24.66579982270658,0 88.71223783684134,24.66594998526007,0 88.71231629098415,24.66601112537354,0 88.71239475645675,24.66607113580406,0 88.71248279421455,24.66616060291741,0 88.7126003202451,24.66626671428829,0 88.71268882659702,24.66631269479756,0 88.71280668757908,24.66638774564512,0 88.71290475931053,24.66646374710106,0 88.71301273196498,24.66653870739774,0 88.7131404696854,24.66661497616656,0 88.71322882451268,24.66667507556796,0 88.7133273719086,24.66670702588155,0 88.71348477476599,24.6667835608617,0 88.71353649340868,24.66680210022635,0 88.71361284643726,24.66682876797382,0 88.71366709255418,24.66684224667948,0 88.71374107208027,24.66685985661784,0 88.71383962585358,24.66689124220686,0 88.71396816047994,24.66689352782407,0 88.71411648452882,24.66689486155866,0 88.7142746900825,24.66689684981138,0 88.71445266669754,24.66689957919793,0 88.71459108991392,24.66690195364665,0 88.71481884165691,24.66687406637222,0 88.71496764537581,24.66683078409516,0 88.71511611494934,24.66681856379672,0 88.71525455025225,24.66681980708785,0 88.71543251450171,24.66682366586754,0 88.71566951614383,24.66685516448647,0 88.71579805165236,24.66685744852587,0 88.71609421303914,24.66690529267466,0 88.71620297139732,24.66690739874948,0 88.7165386802921,24.66695616158153,0 88.71669687967544,24.66695871074459,0 88.71694408053125,24.66696149372016,0 88.7172011628908,24.66696493075916,0 88.71735937444983,24.66696634957631,0 88.71754675467052,24.66701434396039,0 88.71771485487436,24.66701585156082,0 88.71788278534638,24.66703317220301,0 88.71800112341792,24.66706416799874,0 88.71812965806537,24.66706645003907,0 88.71833682707357,24.66711349111942,0 88.71849503876733,24.66711490963151,0 88.71867270058108,24.66714700115199,0 88.71886041458514,24.66716393267919,0 88.7190578466608,24.66719676536248,0 88.71926516134124,24.66723025119976,0 88.71952193546269,24.66726248610595,0 88.71969991839968,24.66726464486571,0 88.7196715313933,24.66714521697896,0 88.71967263364434,24.66704243284992,0 88.71967374808727,24.66693851997687,0 88.71967566741928,24.66675949521131,0 88.71967678186013,24.66665558143204,0 88.7196780536291,24.66653698407618,0 88.7197292391006,24.66637478021253,0 88.71976001712244,24.66627113170803,0 88.71976113152778,24.66616721882847,0 88.71980227094207,24.66601960950135,0 88.71983353394064,24.66587078150416,0 88.71988471897943,24.66570857669683,0 88.71988583330682,24.66560466381484,0 88.7198572822256,24.66550048478894,0 88.71978902809298,24.66541006976013,0 88.71965219329397,24.6652597372942,0 88.71957388148523,24.66518504724512,0 88.71946606987555,24.66509484295115,0 88.71936831542,24.66498891440673,0 88.71927150033291,24.66479544956798,0 88.71927292997776,24.66466216948955,0 88.71927436572533,24.66452832503741,0 88.71927548059993,24.6644244112146,0 88.7192871246058,24.66426072339188,0 88.7192885603492,24.66412687803109,0 88.71928982653208,24.66400884589619,0 88.71929110491293,24.66388968501631,0 88.71927324326134,24.66371104729882,0 88.71927450948,24.66359301515725,0 88.7192757808124,24.66347441865364,0 88.71927721662611,24.66334057418216,0 88.71928948509151,24.66311871727159,0 88.71924291738557,24.66285058386438,0 88.71924450457337,24.66270262016831,0 88.71922632748614,24.66255335048939,0 88.71921755426582,24.6624493484713,0 88.71921897800692,24.66231663272378,0 88.71920063851805,24.66218261097593,0 88.71919267070776,24.66200349790345,0 88.7191944154205,24.66184085060302,0 88.71919569400455,24.66172168968739,0 88.71919696648364,24.66160309223918,0 88.71922837979923,24.66144014690716,0 88.71923938300026,24.66133632211846,0 88.71924112769963,24.66117367480753,0 88.71925212989322,24.66106985002751,0 88.71929296501902,24.66095047834254,0 88.71930829937419,24.66090373752987,0 88.71937396280292,24.66077442080176,0 88.71948447235253,24.66061274873783,0 88.71960407573583,24.66052514617024,0 88.7197337182872,24.66042351334774,0 88.7197939949192,24.66033537904086,0 88.71988362605147,24.66027631283239,0 88.72009236953562,24.66017538842422,0 88.72018166751316,24.66014738233389,0 88.72030048956793,24.66013263189993,0 88.72052836626811,24.66009174621277,0 88.72066710936743,24.6600636186447,0 88.7208355145045,24.66003575519474,0 88.72094442396947,24.66002317457722,0 88.72107328394098,24.65999439331405,0 88.72125172799275,24.65995249915953,0 88.72135091355281,24.65992458224652,0 88.72146030648339,24.65986682088413,0 88.72156939209339,24.65983786221886,0 88.72166857647979,24.65980994421301,0 88.72182740819929,24.65975262449848,0 88.72199612678568,24.65969539353532,0 88.72208542394159,24.65966738725571,0 88.72220455328336,24.65962383257437,0 88.72244280563203,24.65953728821505,0 88.72259142849026,24.65950981127504,0 88.72274005127413,24.65948233419138,0 88.72287878600902,24.65945476902404,0 88.72303729661878,24.65942737959312,0 88.72323551404003,24.65938566083393,0 88.72338414864176,24.65935705348307,0 88.7235228830593,24.65932948773552,0 88.72367167441395,24.65928619654024,0 88.7237708648661,24.65925771190808,0 88.72390975594216,24.65921546224772,0 88.72402871513442,24.65918771938467,0 88.72434574610745,24.65913180926336,0 88.72441368701952,24.65925158851215,0 88.72447141941299,24.65940121049039,0 88.72449982180748,24.65951950687447,0 88.72453113657578,24.65959659930631,0 88.72456728564826,24.65968390109485,0 88.72456617592228,24.6597878138635,0 88.7245550153402,24.65990688763792,0 88.72455374881935,24.66002548396514,0 88.72457241417823,24.66012957419978,0 88.72459092884576,24.66024778271579,0 88.72457993112579,24.6603516076523,0 88.7246178891919,24.66050105385465,0 88.72464612311327,24.66063516247424,0 88.72467436827483,24.66076814325547,0 88.72470307266266,24.66085820208026,0 88.72473130679195,24.6609923115711,0 88.72477979257138,24.66108198253817,0 88.72482812166814,24.66118633704215,0 88.72488633797438,24.66129077933659,0 88.72492493685951,24.66138036242959,0 88.72498298447894,24.66150061787463,0 88.72504103926245,24.66162030800457,0 88.72512892042769,24.6617250153452,0 88.72521631848484,24.66187490113701,0 88.72529447457008,24.66196427175717,0 88.72541169424859,24.66209973987257,0 88.72547007523056,24.66218893394483,0 88.7255480628971,24.66229411670124,0 88.72562588798779,24.66241454823267,0 88.72570403864454,24.66250448296956,0 88.72577215669057,24.662607883829,0 88.72583052000269,24.66269877264504,0 88.72595731497719,24.66286369418845,0 88.72611346087919,24.66305824765225,0 88.72622063765185,24.66320830994487,0 88.72629846497858,24.66332874103589,0 88.72646418014698,24.66355331322982,0 88.72652256259545,24.6636425067983,0 88.72658077648116,24.663747513525,0 88.72662910821168,24.66385186727561,0 88.72672671709111,24.6639719099928,0 88.72680423746154,24.66412114257876,0 88.72694076102805,24.66430139958645,0 88.72698441412611,24.66438086039584,0 88.72710679869547,24.66449604035329,0 88.72719435864644,24.66463124205863,0 88.72735112846276,24.66476762508982,0 88.72756772143792,24.66485822642136,0 88.72772607600241,24.66484608053758,0 88.72782527573129,24.66481702868677,0 88.72796417221845,24.66477477503189,0 88.72811296204542,24.66473204446792,0 88.7282123058155,24.66468943848032,0 88.7283416393625,24.66461659930302,0 88.7284507271159,24.66458763551645,0 88.72855008274227,24.66454389967496,0 88.72864942014567,24.66450185778312,0 88.72873920588567,24.66442810285428,0 88.72886837653495,24.66437051205457,0 88.72898765772383,24.66431283274203,0 88.72912640300929,24.66428469631754,0 88.72934424085096,24.66425839301271,0 88.72955267087552,24.66418682079295,0 88.72969110353006,24.66418805091219,0 88.7297808702684,24.66411598941458,0 88.72989042561066,24.66404297314484,0 88.72997032293122,24.66396912916031,0 88.73005005194817,24.6639110983038,0 88.73016933310883,24.66385341899421,0 88.73030870194063,24.66376654742561,0 88.73040805620622,24.66372281042126,0 88.73047805868786,24.66364944313447,0 88.73056735636386,24.6636214308712,0 88.73071646292406,24.66354876642128,0 88.73083574339715,24.66349108571259,0 88.73092535896544,24.66343314183625,0 88.73104480732519,24.6633596487135,0 88.73114446091759,24.66328767385364,0 88.7312340882653,24.66322860016611,0 88.7313532122005,24.66318560259235,0 88.73146275974486,24.66311315053349,0 88.73156210702581,24.66306997808427,0 88.7316718283826,24.66298114745379,0 88.73177148130114,24.66290917221056,0 88.73188087243457,24.66285140338698,0 88.732015337546,24.66276053383654,0 88.73203321096121,24.66270703620214,0 88.73222929429818,24.66263365709084,0 88.73228940788192,24.66256020081608,0 88.73238922802457,24.66247241204176,0 88.73246896095637,24.66241381473166,0 88.73258902374074,24.66228215170321,0 88.73264914199827,24.66220813094436,0 88.73272903046286,24.66213484999706,0 88.73285819577258,24.66207725598977,0 88.73305672672772,24.66200615537781,0 88.73320504394583,24.6620074696575,0 88.73336323220741,24.66201056593003,0 88.73352143755184,24.6620119671348,0 88.73377819888196,24.66204474060514,0 88.73388664810571,24.66207563581667,0 88.73408391399961,24.66212369594497,0 88.73416239459634,24.66218313020013,0 88.73422093124012,24.66225820138879,0 88.73429908263384,24.6623486965805,0 88.73441663525745,24.6624536604584,0 88.73447501658026,24.66254341593577,0 88.73454344780824,24.66261801067203,0 88.73462143803945,24.66272375353703,0 88.73474841372821,24.66287285475867,0 88.73482656490906,24.66296334963812,0 88.73490456162979,24.66306852795795,0 88.73494369501864,24.66310841023814,0 88.73499260226008,24.66315910985593,0 88.73506071702923,24.66326363568056,0 88.73513871917923,24.66336824949663,0 88.73521686592366,24.66345930849172,0 88.7352947198177,24.66357804042437,0 88.73540207014499,24.6637128476493,0 88.73549952038505,24.66384869642978,0 88.73560702664797,24.66396881998447,0 88.73567545934932,24.66404341411138,0 88.73580243669736,24.66419251518819,0 88.73593944103372,24.66432871370106,0 88.73601775042117,24.66440452434385,0 88.7361351570477,24.66452360578567,0 88.73622303819273,24.66462943469797,0 88.73630119857347,24.66471936429125,0 88.73642816533015,24.66486959348347,0 88.73657443706915,24.6650646132122,0 88.73665213193772,24.66519859214539,0 88.73671036087508,24.66530303004964,0 88.73677816164772,24.66543748716482,0 88.73680671453876,24.66554279184139,0 88.73680561525494,24.66564670587414,0 88.73680404999591,24.66579466945661,0 88.73676355929736,24.66588298583237,0 88.73673279563704,24.66598663705132,0 88.73668241637455,24.66607486550749,0 88.73662214859003,24.66616300694441,0 88.7366012732198,24.66626674514777,0 88.73657067574398,24.66635458413177,0 88.73649988079937,24.66650306555261,0 88.7364790043134,24.66660680465732,0 88.73644808491802,24.66672513931599,0 88.73641685376226,24.66687284095058,0 88.73636631860215,24.66697575371019,0 88.73636521299996,24.66708023210954,0 88.73634433731208,24.66718397028522,0 88.73632252238986,24.66737637464686,0 88.73629145236286,24.66750882840807,0 88.73626978668857,24.66768711364555,0 88.73625879847391,24.66779094064954,0 88.7362179840366,24.66790975261619,0 88.73618628024516,24.6681020690311,0 88.73618486980642,24.66823535002218,0 88.73614327727975,24.6684275794025,0 88.7361415440121,24.66859135609239,0 88.73614013956154,24.66872407180711,0 88.73610937385958,24.66882772384186,0 88.73610716141354,24.66903668062317,0 88.73607594246977,24.6691832525475,0 88.73606168664118,24.66936216897088,0 88.73601236056993,24.66958426460226,0 88.73598144521061,24.66970203482837,0 88.73592948603293,24.66993935629569,0 88.73587784854429,24.67014618206107,0 88.73587626946758,24.6702952752625,0 88.73587486483582,24.67042799096254,0 88.7359035858297,24.67051748350692,0 88.73593184572172,24.6706504621279,0 88.73593074594662,24.67075437612927,0 88.73595929964206,24.67085968086844,0 88.73599775427802,24.67096394479157,0 88.73603541304871,24.67114331921027,0 88.73615219296137,24.67132226464154,0 88.73624007927764,24.67142809409205,0 88.73636722066141,24.67156251062611,0 88.73641572513247,24.67165161356816,0 88.73641461376977,24.67175665627344,0 88.73643368610045,24.67182347163032,0 88.73647190798971,24.67194976014844,0 88.73652040668408,24.67203942740746,0 88.7365984169341,24.67214403996936,0 88.73666652636319,24.67224969514408,0 88.73681120691758,24.67236223935136,0 88.73682223598679,24.67248828789251,0 88.73693658792499,24.67266325640543,0 88.73703663305332,24.67278839623275,0 88.737075238495,24.67287854066945,0 88.73715356624065,24.6729532215707,0 88.73721624189909,24.67310514220134,0 88.73727960566333,24.67319211635456,0 88.73733814368174,24.67326775200968,0 88.7374159942174,24.67338761278817,0 88.73749432150464,24.6734622934895,0 88.73756245647438,24.67356568888457,0 88.73760105655003,24.6736563975103,0 88.73764924642664,24.67377543123547,0 88.73766339878779,24.67383994409638,0 88.73767765325687,24.67389485549073,0 88.73771625954213,24.67398499970571,0 88.73774469553759,24.67410160030918,0 88.7377434242475,24.67422189166568,0 88.73774232515142,24.67432580556365,0 88.73774122103627,24.67443028381604,0 88.73770057247815,24.67453328394053,0 88.73769915703053,24.67466712913086,0 88.73769790975805,24.67478516210988,0 88.73766651055131,24.67494867699471,0 88.7376972581493,24.67508054736079,0 88.73761486845122,24.67515606845179,0 88.73761299947488,24.67533283529115,0 88.73761157197117,24.67546781010961,0 88.73760043545104,24.67558575527844,0 88.7375990199712,24.67571960135922,0 88.73765394074415,24.67590364635764,0 88.73766557380327,24.67597265487404,0 88.73771313818389,24.67615098760504,0 88.7377697972736,24.6764045194148,0 88.73777858756628,24.67650852016864,0 88.7378264566125,24.67665805027966,0 88.73785502558151,24.67676222658629,0 88.73789348290991,24.6768664897704,0 88.73793210240953,24.67695550420029,0 88.7379759583426,24.67701688959529,0 88.73804903399463,24.67712089375534,0 88.73808765369245,24.67720990813194,0 88.7381752468937,24.67734397514579,0 88.73833126438775,24.67755432839381,0 88.73838980522547,24.67762996344962,0 88.73848745045409,24.67774886834355,0 88.73861411790918,24.6779290285471,0 88.73869212083953,24.67803476929177,0 88.73879886806412,24.67822830856729,0 88.73887640636696,24.678378100448,0 88.73892428957069,24.67852650132862,0 88.73897247686293,24.67864609965213,0 88.73901077578874,24.67876561024626,0 88.73907811532035,24.67894468208445,0 88.73913619240687,24.67906436711921,0 88.73926092991567,24.67942750580854,0 88.73938860781483,24.67951222140848,0 88.73948624355505,24.67963225602927,0 88.73952484617406,24.67972296482475,0 88.73961244878083,24.67985646550628,0 88.73969030592392,24.6799763246592,0 88.73974886077605,24.68005083032138,0 88.73980724981017,24.68014114811979,0 88.73992450874817,24.68027604023085,0 88.73997301444361,24.68036570595416,0 88.74008054002213,24.68048582684109,0 88.7401587067053,24.68057631882724,0 88.74023688048904,24.68066624638778,0 88.74029527617633,24.68075599958787,0 88.7403635545769,24.68084640473517,0 88.74042211025292,24.68092091008188,0 88.74058834140422,24.6811014167877,0 88.74067625069203,24.6812061141923,0 88.74077404280577,24.681311464385,0 88.74085221150857,24.68140195593291,0 88.74091060701065,24.68149170885338,0 88.74100825179355,24.68161117701953,0 88.74111577946363,24.68173129703194,0 88.74118421371418,24.68180701830072,0 88.74128169735121,24.6819417349674,0 88.74138970158435,24.68201667482288,0 88.74146819349532,24.68207667039013,0 88.74154666651738,24.68213835902059,0 88.74164493700655,24.68219852862099,0 88.74177272109857,24.68227364228389,0 88.74185119438985,24.68233533073846,0 88.74192953111447,24.68241000947702,0 88.74203737554976,24.68250019751261,0 88.74211571247598,24.68257487523786,0 88.74218414878338,24.68265059597224,0 88.74232119218973,24.6827856599308,0 88.74246859625204,24.68287619474404,0 88.74259714916882,24.682878454876,0 88.74278566964193,24.68282137346759,0 88.74296413970036,24.68277945220003,0 88.74308313062396,24.68275056365247,0 88.74317275520822,24.68269261213551,0 88.74327241790853,24.68262062801101,0 88.74342154011183,24.68254794934939,0 88.74355119751699,24.68244516549053,0 88.74363108733679,24.68237244291151,0 88.74373092184675,24.68228408109228,0 88.74383043449431,24.682226215692,0 88.74388081528289,24.6821379840226,0 88.7439605493505,24.68207994471454,0 88.74406022306027,24.68200683138258,0 88.74419944938413,24.68193462991488,0 88.74429912183339,24.68186151554572,0 88.74440852453191,24.68180373711414,0 88.74452813137303,24.68171611292882,0 88.74465715785522,24.68167319148737,0 88.74475651029152,24.68163057328539,0 88.74484598398101,24.68158673990656,0 88.74499525324789,24.68149994073191,0 88.7451247480107,24.68141240250455,0 88.74537307132631,24.68131122258898,0 88.74551228911675,24.68123958526063,0 88.74561165282529,24.68119583689247,0 88.74571132384152,24.68112272255921,0 88.74587017220711,24.68106537574081,0 88.74604879962644,24.68100820320723,0 88.74625724279868,24.68093717126321,0 88.74638595960481,24.68092361521844,0 88.74648531676937,24.68088043156832,0 88.74661464976322,24.68080814081301,0 88.74672389631998,24.68076504329644,0 88.74697236399757,24.68064974184239,0 88.74705226156881,24.68057588797778,0 88.74721125660173,24.68050442167423,0 88.74738046684502,24.68040198064764,0 88.74747008765038,24.68034402584688,0 88.74756959791272,24.68028615812196,0 88.74766910808052,24.68022829033572,0 88.7478182246751,24.68015560667863,0 88.74795775942101,24.68005346988866,0 88.74807705319819,24.67999520989168,0 88.74812422968378,24.6799764198472,0 88.74829554272874,24.67990901369318,0 88.7484244070439,24.67988133692597,0 88.74859283921782,24.67985287687956,0 88.74873127826949,24.67985521717632,0 88.74882985171507,24.67988657957416,0 88.74902701162296,24.67994817362125,0 88.74911570262623,24.67997888351372,0 88.74927345852706,24.68002544753373,0 88.74945146172971,24.68002756903451,0 88.74960056505465,24.67995601420894,0 88.74974983380022,24.67986864532132,0 88.75052769904859,24.6792547266427,0 88.75044919903111,24.6791953012019,0 88.75032142440701,24.67911906629557,0 88.7502628630251,24.67904456508534,0 88.75017449266942,24.67898335852475,0 88.75008674208281,24.67886285399947,0 88.7500182806543,24.67878939623363,0 88.74995989115901,24.67869851749819,0 88.74989160640835,24.67860811702248,0 88.7498041647758,24.67845824460017,0 88.74972582528144,24.67838357097229,0 88.74964811369584,24.67824903318321,0 88.74956993411703,24.67815911079953,0 88.74942279106655,24.67804373372069,0 88.74932473983039,24.67796267419395,0 88.74923651160114,24.67788791415561,0 88.74911846860165,24.67782701198086,0 88.74906006931322,24.67773726244344,0 88.74898174262202,24.67766145873887,0 88.74890340411905,24.67758678461932,0 88.74878551043885,24.67751176401307,0 88.74869729474193,24.67743587308331,0 88.74856952295013,24.67735963650972,0 88.74849103793916,24.67729908026939,0 88.74839276847058,24.67723891598688,0 88.74826529890198,24.67713387669192,0 88.74826671382257,24.67699890154279,0 88.74834675038394,24.67691149335652,0 88.7484266448588,24.67683763890207,0 88.7485269272789,24.67670578752037,0 88.74860680365931,24.67663362788079,0 88.74867680856214,24.6765596862357,0 88.74875669665953,24.67648639599012,0 88.74890626974509,24.67636966130066,0 88.7490063905515,24.67625305922033,0 88.74911609968196,24.67616534473944,0 88.74922612717232,24.67604713376852,0 88.74932594678671,24.67595933301823,0 88.74944554363262,24.67587170535954,0 88.74953547279782,24.67578381837716,0 88.74962523715692,24.67571174346145,0 88.74973526972879,24.67559296779462,0 88.74984466436302,24.67553518489328,0 88.74996409481879,24.67546336988632,0 88.75014348565115,24.67533220985334,0 88.75025304444944,24.67525861366121,0 88.75037280056117,24.67515573665652,0 88.75046224973011,24.67511359335142,0 88.75068120188527,24.67498221347855,0 88.75079044091214,24.67493911334044,0 88.75096998369001,24.67479326810677,0 88.75102035665027,24.67470503440138,0 88.7510903521263,24.67463165702973,0 88.75115061896652,24.67454294494923,0 88.75125073721372,24.67442634062724,0 88.75133078788755,24.67433723612938,0 88.75141051252912,24.67427919328341,0 88.75151048867012,24.67417614256734,0 88.75161029824331,24.67408890482418,0 88.75169002358312,24.67403086183235,0 88.75186972346214,24.67386976788397,0 88.75198494484557,24.6737273137524,0 88.75210010657159,24.67359050769977,0 88.75216036627225,24.67350235963378,0 88.75228026565935,24.67338536225357,0 88.75238070568221,24.67323769651456,0 88.75248099301398,24.67310471319043,0 88.75257106555517,24.67300270556533,0 88.75269080473262,24.67290095564675,0 88.75275091623932,24.67282692639825,0 88.75283078770133,24.67275476384464,0 88.75289069222922,24.67270050081921,0 88.75293061304667,24.67266583132676,0 88.75303042043552,24.67257859274427,0 88.75313997509838,24.67250499464691,0 88.75333928349114,24.67235988392436,0 88.75341900692237,24.67230184010699,0 88.75353890893322,24.67218427657749,0 88.75362899281436,24.67208113874807,0 88.75372911770951,24.67196340335478,0 88.75376924376729,24.67190896740618,0 88.75385951614594,24.67178775718396,0 88.75392966163189,24.67169969526354,0 88.75402932021694,24.6716265742009,0 88.75410950855387,24.67152391464935,0 88.75418938927938,24.67145062183155,0 88.75426927089939,24.67137732896423,0 88.75445120579911,24.67123827856643,0 88.75447888309633,24.67119220582055,0 88.75465786174676,24.67109944291524,0 88.75475750757603,24.67102745194679,0 88.75488683144125,24.67095458863272,0 88.75508599304375,24.67082303047149,0 88.75531496171622,24.67067817558643,0 88.7555539835207,24.67051759311412,0 88.75567357072893,24.67042996006019,0 88.75576333262642,24.67035731748182,0 88.75593250922655,24.67025599566677,0 88.75612161598292,24.67014016261352,0 88.75637006439187,24.67002371567261,0 88.75649953921673,24.66993616770027,0 88.75660875983654,24.66989419328558,0 88.75670811537566,24.66984987296803,0 88.75680745406342,24.66980724656987,0 88.75698652361231,24.66970544494407,0 88.75707629011788,24.66963223637905,0 88.75738390371895,24.66953211650272,0 88.75750286534766,24.66950434609501,0 88.75774126469041,24.66940305911649,0 88.75804887611856,24.66930293704429,0 88.75820755646255,24.66925969632362,0 88.75837627116614,24.669202422014,0 88.75851515628632,24.66916070385456,0 88.75863412315023,24.66913236641411,0 88.75881288469995,24.66905992945368,0 88.75892211550959,24.669016823808,0 88.75902129902018,24.66898887938786,0 88.75915015418695,24.66896062797266,0 88.75923945590688,24.66893203352998,0 88.75938808715235,24.66890395383502,0 88.75958646651662,24.66884693559913,0 88.75982438720062,24.66879138951791,0 88.75992372978835,24.66874819679476,0 88.76006247205049,24.66872003099324,0 88.76024091024405,24.66867865308884,0 88.7603896993389,24.66863532381478,0 88.76048904158672,24.66859213073444,0 88.76059827723815,24.66854845865596,0 88.76077702486917,24.66847714818633,0 88.76092581350865,24.66843381840349,0 88.76113361069727,24.66842206416408,0 88.76134202343805,24.66835101099142,0 88.76167869189429,24.66830930777367,0 88.76177786232374,24.66828249122293,0 88.76201626139057,24.66818063249663,0 88.76213538460235,24.66813704466996,0 88.76231397344695,24.66808098104223,0 88.76253258284376,24.66798007965395,0 88.76265170566265,24.66793649143712,0 88.76276108626561,24.66787869887895,0 88.76284042703122,24.667856793062,0 88.76322720267949,24.66775113315168,0 88.76339652148769,24.66763511918607,0 88.76368671965771,24.66754443665457,0 88.76376360631687,24.66752081484215,0 88.7638830373857,24.66744729377463,0 88.76402177218661,24.66741968878972,0 88.76419048235113,24.66736240730446,0 88.76435888133011,24.6673350584785,0 88.76450719429319,24.6673374692512,0 88.76466571157155,24.66730946964741,0 88.76487366409346,24.66728246085777,0 88.76525975841361,24.66724230604418,0 88.76547709716618,24.66726395091479,0 88.76560598993137,24.66723174089183,0 88.76576434306298,24.66721955219526,0 88.76599222875436,24.66717746526762,0 88.766121226107,24.66713508909444,0 88.76645864229924,24.66702052138131,0 88.76656772242096,24.66699152846228,0 88.76668668012942,24.6669637501018,0 88.7669045081129,24.66693795320026,0 88.76720160573848,24.6668970256818,0 88.76745916227281,24.66685462717084,0 88.76764732464565,24.66682857339422,0 88.76785497898244,24.66683036370768,0 88.76798352026512,24.66683203592207,0 88.7681812861782,24.66683373994486,0 88.76829004578269,24.66683580639937,0 88.76851746412372,24.66683889435876,0 88.76874487758035,24.66684254722521,0 88.76885364891949,24.66684348454826,0 88.76904152052578,24.66684566691853,0 88.76920945795955,24.66686292701074,0 88.76968407823075,24.6668687059689,0 88.7699016149928,24.66687114262986,0 88.77011420118184,24.66687410049294,0 88.77029682041228,24.66690617029391,0 88.77054370792881,24.66693935748648,0 88.77072870594199,24.66698048425447,0 88.77082969516147,24.66701693495228,0 88.77106654913528,24.66706415454735,0 88.77117500628908,24.66709558638697,0 88.77143148607001,24.66715765903099,0 88.7715300559494,24.66718900498252,0 88.77162848536236,24.66723390454498,0 88.77172704949676,24.66726581562387,0 88.77192404912995,24.66734206163202,0 88.77204223808091,24.66738882513986,0 88.7722687522092,24.66748000885502,0 88.77242619386291,24.66755647900527,0 88.7725837975151,24.66761713518007,0 88.77281988113361,24.66773946409547,0 88.77299694926674,24.66783078701557,0 88.77315423389243,24.66792250490425,0 88.77327228544532,24.66798282102906,0 88.77335077739038,24.66804336311328,0 88.77347840977313,24.66813369636182,0 88.7735567567622,24.66820835724427,0 88.77368391997084,24.66834443500308,0 88.7737424785259,24.66842005538507,0 88.77381975940946,24.66859863044461,0 88.773867989468,24.66871708731547,0 88.77389612312618,24.66886643562353,0 88.77392472138675,24.66897060357073,0 88.7740016951997,24.66917911030058,0 88.7740494563413,24.66934331087248,0 88.77409767526213,24.66946289725234,0 88.77419594572474,24.66952360875157,0 88.77441257657694,24.66961470438779,0 88.7744902991861,24.66975035699835,0 88.77453883795889,24.66983888177425,0 88.77458675583912,24.66998783539341,0 88.77464501502054,24.67009282185919,0 88.7747420688045,24.67027213051097,0 88.7748394245333,24.67042207164378,0 88.7749664406643,24.67057283224175,0 88.77521044604843,24.67088782135369,0 88.77532789929445,24.67100687047246,0 88.77548458759176,24.6711573195008,0 88.77567079269608,24.67132270662614,0 88.77581774476045,24.67145838667278,0 88.77591586691022,24.67153378015447,0 88.77600410043894,24.67160908917923,0 88.77608259599631,24.67166962960503,0 88.77620034629919,24.67175987578702,0 88.77633786748132,24.67185085676899,0 88.77641636917187,24.67191083173894,0 88.77653426374832,24.67198695964887,0 88.77667193599459,24.67206325523544,0 88.77675043315098,24.67212379616533,0 88.77689800028757,24.67219961150195,0 88.77712421462451,24.67232128415886,0 88.7772618934205,24.67239701570394,0 88.77746849298507,24.67250270542865,0 88.77771462482751,24.67261099116797,0 88.77785260519146,24.67265735473587,0 88.77795103036978,24.67270338026317,0 88.77826610726152,24.6728393656553,0 88.77839419920998,24.67288564356425,0 88.77857157341541,24.67294815708634,0 88.77866999906155,24.6729941821127,0 88.77882761330939,24.67305483202548,0 88.77898506673409,24.67313129551327,0 88.77913278661333,24.67319242526213,0 88.77934926035184,24.67329989127663,0 88.77951661388504,24.67337530871843,0 88.77970359028468,24.67346614271372,0 88.77995961465035,24.67357450957812,0 88.78026495214721,24.67369628751272,0 88.78037326783627,24.67374239544453,0 88.78057027759245,24.6738191944214,0 88.78067843853283,24.6738805496942,0 88.78083619905699,24.67392707940693,0 88.78116101005119,24.67407895523792,0 88.78132819814481,24.67417074863481,0 88.78142662665974,24.6742167717232,0 88.7815840936069,24.67429210179181,0 88.78168237229787,24.67435280792252,0 88.78181016694228,24.67442845099529,0 88.78190829586671,24.67450384018471,0 88.78206544130715,24.67461079627369,0 88.78212403210023,24.67468415453004,0 88.78220252081644,24.67474582107413,0 88.7824287513241,24.67486692077721,0 88.78255654210056,24.6749431275003,0 88.78268449351394,24.67500352038149,0 88.7828319126961,24.6750945788269,0 88.78292015374595,24.6751698833641,0 88.78304824959783,24.67521615795844,0 88.78316600225969,24.67530696342388,0 88.78327402747735,24.67538187116602,0 88.78337261220578,24.67541264441854,0 88.78351029309677,24.6754889341427,0 88.7836087233845,24.6755349556885,0 88.7837168862272,24.67559630950488,0 88.78392335413749,24.67571610852155,0 88.78404170574268,24.67574817861563,0 88.78420875512961,24.67585408737462,0 88.7843370075704,24.67588511233492,0 88.78445506108437,24.67594654938429,0 88.78458302114784,24.67600637616068,0 88.78467156215744,24.67605231317216,0 88.78489794204933,24.67615929001002,0 88.78500611180453,24.67622007756653,0 88.78517346753863,24.67629605350753,0 88.78531115042128,24.67637234145409,0 88.78540958200639,24.6764183617369,0 88.78550801845485,24.676463816703,0 88.78568510377305,24.6765556885718,0 88.78577364554444,24.67660162488504,0 88.78585216132856,24.67666103009168,0 88.78612798301144,24.67676898966778,0 88.78630522341771,24.67684561231268,0 88.78648246982029,24.6769216703786,0 88.78676777979867,24.67706924528818,0 88.7870038566826,24.67719550403002,0 88.78710214013142,24.67725620631182,0 88.78721001417169,24.67734636032074,0 88.78730829783453,24.677407062454,0 88.78744583962903,24.67749746711557,0 88.78756374679358,24.67757358561987,0 88.78777006059772,24.67770919262055,0 88.78787792491802,24.67780047479561,0 88.78805472008065,24.6779211465637,0 88.78823090916673,24.67810168130853,0 88.78836800001339,24.67823670071625,0 88.78843646807066,24.67831183458358,0 88.78857295214736,24.67850671698141,0 88.78867003936436,24.67868545147529,0 88.78874778999231,24.67882053279377,0 88.78887728173464,24.67897356125218,0 88.78887187388413,24.67901926432515,0 88.78891334748889,24.67907440073041,0 88.78900997779077,24.6792983149585,0 88.78903843654007,24.67941772927843,0 88.78910691145023,24.6794922984134,0 88.78916533746663,24.6795825958996,0 88.78926271882276,24.67973252790819,0 88.78936998976046,24.67988254330538,0 88.78949630121866,24.6801055797037,0 88.78957374407581,24.68027115641639,0 88.78965150828446,24.68040510751437,0 88.78974829585304,24.68061377357586,0 88.7898064181374,24.68073400324515,0 88.78985481265069,24.68083833666332,0 88.78990320624855,24.68094266916899,0 88.78998097126353,24.68107662004121,0 88.79003939772824,24.68116691800584,0 88.79006816168824,24.68125639953785,0 88.7901661471201,24.68134703198821,0 88.79023462379915,24.68142160049245,0 88.79040093164606,24.68160204874888,0 88.79051839873735,24.68172221584014,0 88.79072397338929,24.68193180097535,0 88.7914373259903,24.68254160333136,0 88.79164079181243,24.68271558725304,0 88.79387639607141,24.68463784041185,0 88.79402589717243,24.68476957001268,0 88.79394624776721,24.68482142501717,0 88.79389617743293,24.68488256539217,0 88.79399710862006,24.68492690647713,0 88.79406558956292,24.6850014729585,0 88.79415398128762,24.68506321739869,0 88.79427191208555,24.68513820030003,0 88.79440961102691,24.68521447983774,0 88.79453802455402,24.68523081221417,0 88.79468636600174,24.68523262753714,0 88.79479515419864,24.68523354421589,0 88.79492386451722,24.68522050910106,0 88.7950524264381,24.6852221570039,0 88.79523073375424,24.6851948547414,0 88.79537922442312,24.68518198534203,0 88.79548830817127,24.68515353438136,0 88.79561701829553,24.68514049868054,0 88.79581480923792,24.68514272893532,0 88.79592373982517,24.68512952603204,0 88.79603252788039,24.68513044181815,0 88.79623031778897,24.68513267153746,0 88.79633879320286,24.68516464909775,0 88.79645732854645,24.68517976632249,0 88.79658558254178,24.68521191056412,0 88.79671399719811,24.68522824014759,0 88.79680269806315,24.68525948619627,0 88.7969312656674,24.68526056722897,0 88.79710928297337,24.68526206552062,0 88.79723783909816,24.68526427590039,0 88.79736669712989,24.68523655468668,0 88.79749555509746,24.68520883336542,0 88.79765454255964,24.68513561644171,0 88.79777381243787,24.68507788051396,0 88.79792289264614,24.68500627439616,0 88.79806135064766,24.68500743824573,0 88.79825943618016,24.68498029817926,0 88.79833914577249,24.68492222859194,0 88.79846875913881,24.68481939426677,0 88.79851910108484,24.68473114368032,0 88.79861874343379,24.68465799127915,0 88.79867897390088,24.68456982349502,0 88.7987982417423,24.68451208681818,0 88.79890762076599,24.68445426541748,0 88.79898763026259,24.68436626406253,0 88.79905760308533,24.68429286295537,0 88.79911798095398,24.68419001101064,0 88.7992374028057,24.68411702564158,0 88.79934693386964,24.68404395560061,0 88.79944627377404,24.68400073597098,0 88.79962502725328,24.68392881226611,0 88.79972436694756,24.68388559155969,0 88.79981381221573,24.68384285237189,0 88.79993278892992,24.68381391670638,0 88.80004231457383,24.68374141143726,0 88.80019065967856,24.68374265615844,0 88.80042829054273,24.68371697480583,0 88.80053722489774,24.68370320339319,0 88.80068555948013,24.68370557722429,0 88.80094269111699,24.68370773360591,0 88.80106165692484,24.68367992576101,0 88.80119081329791,24.68362226995422,0 88.80128041018938,24.68356428159219,0 88.80137960704589,24.68353517857748,0 88.80147895244865,24.68349139149208,0 88.80158788073375,24.68347818458956,0 88.80171689377022,24.68343464710486,0 88.80188544982066,24.68339313396232,0 88.80202479486624,24.68330562777376,0 88.80214450813459,24.68320327225453,0 88.80222436696349,24.68312995242433,0 88.80230466924407,24.68301258147149,0 88.802414491487,24.68291014317272,0 88.80250438797719,24.68282222180126,0 88.80258468881959,24.68270485073208,0 88.80266454806497,24.682631530684,0 88.80273466419578,24.68254344404577,0 88.80279490215578,24.68245414520106,0 88.80284523341446,24.68236645772936,0 88.80318474116126,24.6820439748588,0 88.80328452596326,24.68195613652626,0 88.80336438332522,24.68188281525856,0 88.80341471968292,24.68179456327281,0 88.80351494529752,24.68166267375752,0 88.80356559334571,24.68154335979487,0 88.80363615037886,24.68141122173574,0 88.80364693347198,24.68132207345611,0 88.80366761264642,24.68123244333009,0 88.80371837825402,24.68110126982319,0 88.80374908838625,24.68099760347242,0 88.80375058190448,24.68084850893179,0 88.80377126094881,24.68075887879484,0 88.80380211164091,24.68064109371559,0 88.80380344161789,24.68050837620532,0 88.80385437702218,24.68036026036452,0 88.80392508522752,24.68021287387694,0 88.80395565337527,24.68012332622681,0 88.80403565087251,24.6800358868448,0 88.80410591770234,24.67993255133537,0 88.8041661421119,24.67984438164608,0 88.80425632318006,24.67972765668092,0 88.80436644704437,24.67959472048939,0 88.8044465912153,24.67949259693225,0 88.80449693733202,24.67940321414482,0 88.8045669031894,24.67932981077687,0 88.80462742724599,24.67921170860763,0 88.80475747027765,24.67906481836808,0 88.80482772359655,24.67896261128996,0 88.80487821080577,24.67885911056962,0 88.80495835980508,24.67875642152526,0 88.805008987378,24.67863880205195,0 88.80503969596005,24.67853513550034,0 88.80509034047242,24.67841582114303,0 88.80516104624301,24.67826843418272,0 88.80521196786971,24.67812144668787,0 88.80527323626242,24.67792879751291,0 88.80530642742782,24.67782402215389,0 88.80536505873746,24.67764773006538,0 88.8054153921295,24.67755947663643,0 88.80544668695494,24.67739707591518,0 88.8054775468336,24.67727816097126,0 88.80551857869743,24.67713109098008,0 88.80551961840645,24.67702717621519,0 88.805570702499,24.67686381159882,0 88.80563093020152,24.67677507617565,0 88.8057315949392,24.67659857008221,0 88.80581233522372,24.67643658220597,0 88.80586281972103,24.67633308033527,0 88.8059628915387,24.67621587347426,0 88.80606282172717,24.67611278438048,0 88.80614267957361,24.6760388975337,0 88.80629204293112,24.67593735160311,0 88.80643136528046,24.67585097059484,0 88.80647211287771,24.67573213785938,0 88.80653277966206,24.67559935110111,0 88.80657337434262,24.67549576758051,0 88.80657470641368,24.67536248578996,0 88.80655626636495,24.6752284740329,0 88.80652792609338,24.67509551042171,0 88.80649915700809,24.67500546732164,0 88.80647053406213,24.67490074024196,0 88.80643216369521,24.6747818120596,0 88.80639380009751,24.67466231949717,0 88.80634568145928,24.67452919019431,0 88.80631706546539,24.67442389870112,0 88.80626939876166,24.67424558871198,0 88.80625095929616,24.67411157777307,0 88.80614381953457,24.67394689124158,0 88.80613497008009,24.67384289407266,0 88.8060969051044,24.67369346908482,0 88.80605852984358,24.67357510600258,0 88.80601012443772,24.67347077923812,0 88.8059420944378,24.67335103840113,0 88.80585503234414,24.67315658497925,0 88.80577726014285,24.6730220785573,0 88.80570893153158,24.67293226900044,0 88.80565063797306,24.6728278596583,0 88.80554409276458,24.67260387407201,0 88.80547635717826,24.67245476588748,0 88.80539903325281,24.67227564377883,0 88.80530208417836,24.67208110747255,0 88.80522505329743,24.67187261817438,0 88.80522623507314,24.67175458549393,0 88.80523717432935,24.67164962351132,0 88.80524825043358,24.67153110893394,0 88.8053677963585,24.67144399894174,0 88.8055068258756,24.67138642172522,0 88.80562593553901,24.67134279736699,0 88.80572512169502,24.67131369114299,0 88.80596317362911,24.67124338517871,0 88.80617156421047,24.67117226641378,0 88.80644933313835,24.6710859122638,0 88.80658820889481,24.67104358153285,0 88.80670701421754,24.67103045301265,0 88.80681623548476,24.67098674537435,0 88.80694492829953,24.67097369903921,0 88.80714313614328,24.67093186368767,0 88.80735108538006,24.67090479348668,0 88.80753926307243,24.67087699312832,0 88.80776742912082,24.67080603685033,0 88.80810436520902,24.67073655142291,0 88.80822332730736,24.67070760905514,0 88.80831276492289,24.67066430019124,0 88.80841194412653,24.67063575751069,0 88.8085311931151,24.67057801221814,0 88.80869013825836,24.6705064770512,0 88.80897838988723,24.67036033693995,0 88.80927651224948,24.67021597156631,0 88.80941568418012,24.67014370693897,0 88.80959441089817,24.67007177180083,0 88.80979321818882,24.66996950325411,0 88.81000175086542,24.66988369543487,0 88.81016085127683,24.66979634614059,0 88.81036923770112,24.6697252208946,0 88.81048848484349,24.66966747414183,0 88.81066706355833,24.66961022086154,0 88.81087545501435,24.66953852969087,0 88.81099219063053,24.66948471587447,0 88.81106421964529,24.66945142668543,0 88.81123275238522,24.66940990333486,0 88.81141162811431,24.66932271693967,0 88.81160024078761,24.66925086069797,0 88.81184833586796,24.66916424903528,0 88.81205671915936,24.66909312156812,0 88.81218556798233,24.66906425820439,0 88.8123937987839,24.66900837859933,0 88.8125227928488,24.66896483100886,0 88.81271139859005,24.66889353778663,0 88.81289013273445,24.6688204684157,0 88.81306884966618,24.66874909370271,0 88.81327650177845,24.66875138165779,0 88.81325767374615,24.66865577480542,0 88.81342614787724,24.66861989621477,0 88.81363438959822,24.66856288534269,0 88.81378330002156,24.66850538185669,0 88.81394209864305,24.66844796012996,0 88.81412111150021,24.66834665108351,0 88.81419106567061,24.66827324290135,0 88.81453700365972,24.66829192644622,0 88.81454653425143,24.66783000059606,0 88.81410116457666,24.66612344280441,0 88.81399735777788,24.66562273586237,0 88.81398530302211,24.66534306124074,0 88.81398125580635,24.66525265963319,0 88.81417500096616,24.66416533799709,0 88.81421166244553,24.66395892557719,0 88.81429693213418,24.6630898460174,0 88.81450240772986,24.6623143892455,0 88.81498382193479,24.66163384585655,0 88.81528183602876,24.66124830005375,0 88.81538328639192,24.66098989913317,0 88.81534612680447,24.66049934802373,0 88.81532428720642,24.66020886176574,0 88.81530476244235,24.65993420883439,0 88.81523520965932,24.65897121956744,0 88.81497696387432,24.658339330863,0 88.81495526653701,24.65828380119675,0 88.81480000694103,24.65798599646352,0 88.81430912155285,24.6576300576523,0 88.81332644584425,24.65701023074851,0 88.81289526417555,24.65661750717416,0 88.81250584251536,24.65600316401225,0 88.81228419545167,24.6554218419797,0 88.81211077302638,24.65496291653602,0 88.81198501344618,24.65468286191838,0 88.81160787360007,24.6538291455057,0 88.81154745464282,24.65369026829352,0 88.81123816470516,24.65297436045307,0 88.81118289561152,24.65256668257607,0 88.81120580191075,24.65225228244294,0 88.81138579870634,24.65204988733135,0 88.81182855023512,24.65177455933748,0 88.8119429646859,24.65170378079571,0 88.81312219480787,24.65119622330043,0 88.81441053087754,24.65065341385286,0 88.81615704310936,24.65002176122078,0 88.81670549546861,24.64980433756435,0 88.81722167862301,24.64960019949745,0 88.81780238184572,24.64937061326931,0 88.81931862629597,24.64877372950802,0 88.81977524493406,24.64859281228044,0 88.8209046099809,24.64812205591408,0 88.82172584903611,24.64781367174038,0 88.82215507705207,24.64765228869615,0 88.82300668296394,24.64727185397073,0 88.82393821349173,24.64705812033337,0 88.82457085125068,24.64682328668815,0 88.82549121148055,24.6467393539655,0 88.82582717399923,24.64676075179864,0 88.82671550886229,24.64691715129745,0 88.82742341943226,24.64707149982534,0 88.82797579304291,24.64720649656611,0 88.82909723936977,24.64779064643071,0 88.829980877146,24.6484276265518,0 88.83074965880355,24.64893037082566,0 88.83150250959663,24.64929347544096,0 88.83232468090303,24.64939338471542,0 88.83331842317581,24.6496432295117,0 88.8334835424033,24.64969427881923,0 88.83424507381642,24.64992923212676,0 88.83582088728819,24.65031370761692,0 88.83752591082208,24.65088446836603,0 88.83823349689958,24.65107603764314,0 88.8388241913626,24.65134064147497,0 88.8393568301253,24.6514748693923,0 88.83971240210793,24.65151503188117,0 88.84050389297872,24.65146723323802,0 88.84077593590638,24.65145419054992,0 88.84110237832924,24.65143932787468,0 88.84121366812059,24.65143401783066,0 88.84151043307716,24.65142060857481,0 88.84212288849488,24.65148148434642,0 88.84282252727489,24.6517288813853,0 88.84350888538737,24.65232690408938,0 88.84403830248907,24.65279488177241,0 88.84435254433119,24.65301938638856,0 88.84490496437493,24.6531543180989,0 88.84589120231529,24.65316341239224,0 88.84670337671952,24.65302255491802,0 88.84767019800401,24.65299420419095,0 88.84780871158206,24.65298571858613,0 88.84820446067334,24.65296179734169,0 88.84900406535461,24.65309870444965,0 88.84920908942362,24.65311447546888,0 88.84955738475909,24.6531409995764,0 88.85008395433886,24.65313732881287,0 88.85076132005135,24.6531331737624,0 88.85188862964837,24.65312472267369,0 88.85225197842918,24.65312820494162,0 88.85315170343922,24.65313655476751,0 88.85476525746616,24.65294729304638,0 88.85517875125889,24.65287718164816,0 88.85611097624991,24.65258925542607,0 88.85684510283215,24.65233645201799,0 88.85775126459004,24.6519297011406,0 88.85793498108836,24.65184701447622,0 88.85847189177939,24.65153671241826,0 88.85887486480698,24.65127334753689,0 88.85916468703343,24.65121014451193,0 88.85930239940195,24.65128523054532,0 88.85947789021681,24.65154587078129,0 88.85967332927079,24.65178859711661,0 88.85987072112509,24.65182688271516,0 88.85996248944414,24.65179485700963,0 88.86012866412848,24.65173687799871,0 88.86030804459837,24.65159033294497,0 88.86057472440928,24.65110278249641,0 88.86055334572647,24.6510116799422,0 88.86065408691367,24.6505572597749,0 88.86072859373856,24.64974342197888,0 88.86081439724343,24.64904093759856,0 88.8608758085927,24.6488222877588,0 88.86089118321873,24.64876536567147,0 88.86093727332607,24.64859798997985,0 88.8613578139356,24.64804614850572,0 88.86183448912647,24.64756930539732,0 88.86213033118013,24.64739205627951,0 88.8624112668499,24.64722259506515,0 88.86292748435561,24.64700530324542,0 88.86314070424622,24.64693809422596,0 88.86344070132313,24.64684333494365,0 88.86375760294581,24.64679050449225,0 88.86389706917134,24.64668091353977,0 88.86397792532297,24.64649630406205,0 88.86397968167954,24.64631163111956,0 88.86381407536656,24.64605107482126,0 88.86352276473954,24.64549300382683,0 88.86323268848622,24.64480560414656,0 88.86311704517421,24.64449009548719,0 88.86312074950555,24.64410098299835,0 88.86320248059879,24.6438243204662,0 88.86346057717547,24.6434564332557,0 88.86353534884431,24.64339151202459,0 88.86383942532338,24.64312678211144,0 88.86421668737451,24.64296373157535,0 88.86449456326295,24.64285467501027,0 88.86504872058998,24.64280429049602,0 88.86579848109479,24.64271874427459,0 88.86650655610028,24.64259784773842,0 88.86672937393166,24.64256007824333,0 88.86820293195832,24.64225885811221,0 88.86896510882487,24.64216661627415,0 88.86962829827453,24.64208657781786,0 88.86975202698868,24.64207174253194,0 88.87062555544789,24.64196625280569,0 88.87091261045775,24.64193124387717,0 88.87160499303766,24.64190056431038,0 88.87221723888435,24.64197994782812,0 88.87278694570868,24.64211434321047,0 88.87314145125164,24.64226567801543,0 88.87355475344981,24.64247282536882,0 88.87396892523297,24.64258791663011,0 88.8742658619087,24.64255354365802,0 88.87446428616872,24.64248111825646,0 88.87468352616713,24.64229815799159,0 88.87476436168124,24.64211354283796,0 88.8746871920394,24.64190904547585,0 88.87447161585169,24.64170345837156,0 88.87427510959346,24.64157257384293,0 88.87399986985281,24.64140322769117,0 88.87376417123855,24.64123475764281,0 88.87368682856432,24.64104889722552,0 88.87368839925313,24.64088229638643,0 88.87379214506839,24.64036519960406,0 88.87379526111999,24.63977275804203,0 88.87364074793366,24.63938296463928,0 88.87346611698338,24.63902972388771,0 88.87346751279692,24.63888175970706,0 88.87356759826903,24.63875264628336,0 88.87390546445712,24.63857062191046,0 88.87419268022994,24.63851753484595,0 88.87447035693339,24.63842766009596,0 88.87455083933693,24.63828031852414,0 88.87469167991163,24.63802275264042,0 88.87483249639985,24.63750538342491,0 88.87484292025641,24.63744842172836,0 88.87499990697697,24.6365262242371,0 88.87510713272206,24.63563865260787,0 88.87517772839315,24.63522860604058,0 88.87522991241472,24.63493645476971,0 88.87552008072424,24.63456880071878,0 88.87571936263633,24.63440375517469,0 88.87605686310401,24.63425899836335,0 88.87641326664414,24.63420645069233,0 88.87702387644022,24.63419317605701,0 88.87751919404117,24.6340869321854,0 88.87776964492301,24.63399966161488,0 88.8779357815952,24.63394222809984,0 88.87843335639347,24.63359539823909,0 88.87936724328593,24.63284477436373,0 88.88034243818255,24.6321684562824,0 88.88085661043444,24.63189517019805,0 88.88113374778419,24.63186062901379,0 88.88137064971532,24.63189975919959,0 88.88184306849257,24.63212598220429,0 88.88209783401931,24.63236914013397,0 88.88233231659028,24.63266692377512,0 88.8824478250243,24.6330010524812,0 88.88252430970614,24.63327952704707,0 88.88252205934185,24.63352010972152,0 88.88241939307433,24.63392652096077,0 88.88225884693435,24.63444317775634,0 88.88199679767705,24.63497767942394,0 88.8816643337853,24.63564096562332,0 88.88136221655122,24.63623050264309,0 88.88069991243626,24.63753902046604,0 88.88029701941562,24.63833109059547,0 88.88021745342988,24.63864505582633,0 88.88023479545957,24.63890443058756,0 88.88033191954345,24.63909044248377,0 88.88046945606359,24.63918414500707,0 88.88058722025779,24.6392776930198,0 88.88105858168579,24.63935593607637,0 88.88155253706989,24.63939707726427,0 88.88207736157497,24.63930912154337,0 88.88257166045558,24.63931355131404,0 88.88278863144093,24.63937116177901,0 88.88302364720076,24.63961359850983,0 88.88325883239497,24.63983796341455,0 88.88355402825211,24.63998880941126,0 88.88390906303927,24.64008420759696,0 88.88430185801455,24.64010647703586,0 88.88459878553718,24.64007208232971,0 88.88489640298852,24.63996370487569,0 88.88513609045259,24.63970633596115,0 88.88539571766046,24.63943104816952,0 88.88561407029356,24.63934068924244,0 88.88603049240919,24.63921459801104,0 88.88644426852568,24.63910712274999,0 88.88674119281268,24.63907272398168,0 88.88727676076599,24.63889220708943,0 88.88765380350362,24.63874773135896,0 88.88809930034199,24.6384185360726,0 88.88859807369236,24.63794177781969,0 88.88901792857341,24.63744576659705,0 88.88931863497213,24.63700417858297,0 88.88973979728253,24.63610096267315,0 88.89016273731509,24.63527174648584,0 88.89052079070885,24.63477525194502,0 88.89094365058146,24.63448597162771,0 88.89137645670151,24.63418999065324,0 88.89181365300415,24.63395334503808,0 88.89209061776434,24.6339374192402,0 88.89224810253631,24.63401262715468,0 88.89232546990536,24.63419847765985,0 88.89228352254273,24.63445739105764,0 88.89210249423732,24.63478864914162,0 88.89172134500519,24.63537759416643,0 88.89161939522486,24.63571002969229,0 88.89165653279811,24.63596955568248,0 88.89169511128542,24.63607377588689,0 88.89179149594369,24.63634110420184,0 88.89202617878161,24.63662080026847,0 88.89226223980667,24.63675196671313,0 88.89249863669829,24.63684698826966,0 88.89297332711482,24.63683259223582,0 88.89376539033744,24.63670995145867,0 88.89412494006795,24.63658452613547,0 88.89423156377612,24.63654750997534,0 88.89428106031656,24.63654055108501,0 88.89500121308544,24.63644276306152,0 88.89543601300905,24.63646532654314,0 88.8960068239913,24.63674761247356,0 88.89615953788881,24.63680470583657,0 88.89687386511746,24.63707002297442,0 88.89740513330294,24.63735256303449,0 88.8978361842649,24.6377817388463,0 88.89807037307202,24.63811677059196,0 88.89816701335891,24.63835811555364,0 88.89820313991945,24.63872889650285,0 88.89831818788269,24.63911835870604,0 88.89841482426189,24.63936026863921,0 88.89853021494623,24.63944474675814,0 88.89859158133658,24.63949096827566,0 88.89890724987519,24.63956795236632,0 88.89938126773518,24.63962751632362,0 88.89976503110027,24.63955704787984,0 88.90066022443197,24.63897259996656,0 88.90125482925279,24.6385518842828,0 88.90151810722099,24.63841271009596,0 88.90164974647841,24.6383431232869,0 88.90177145249181,24.63827854272625,0 88.90183582547832,24.63826661174324,0 88.90224682703087,24.63819013274962,0 88.9026223182336,24.63821221855089,0 88.90299696431889,24.63832635808857,0 88.90341064278694,24.63849670975575,0 88.90396076778305,24.63861219250936,0 88.9042471043918,24.63865335795795,0 88.9044550643687,24.63861654581894,0 88.90487095036877,24.63854631032893,0 88.9050000854469,24.63848008924144,0 88.90532790806493,24.63830977457296,0 88.90589361545658,24.63807350447176,0 88.90656524788527,24.63787588393017,0 88.90715857183014,24.6378623477543,0 88.90781018833229,24.63796108308922,0 88.90880093862096,24.63800366638783,0 88.90896683896301,24.63797104497771,0 88.90936969269386,24.6379741194451,0 88.91021987691043,24.63798173216134,0 88.91126598465372,24.63791684584143,0 88.91154363668724,24.63782633445614,0 88.91169334135191,24.63767215684952,0 88.91178427000695,24.63745822942775,0 88.91181915685915,24.63688466929586,0 88.91188882070166,24.63602050676425,0 88.91190852404921,24.63575690091859,0 88.91193391764327,24.63486868047327,0 88.91215382239638,24.63351937980906,0 88.91221768892858,24.63302002764028,0 88.91219210044045,24.63257308462095,0 88.91216449934952,24.6320758609524,0 88.91203858319398,24.63070472592304,0 88.91193844127284,24.629760202512,0 88.91200556526915,24.6286317024035,0 88.91216675904114,24.62830026899401,0 88.91235144965395,24.62810230434379,0 88.91278452422787,24.62776842053341,0 88.9130239519781,24.62753020698322,0 88.91328304165738,24.62703234008253,0 88.91353807469963,24.62616507016238,0 88.91362355517076,24.6254619947084,0 88.91382495179829,24.62505687883771,0 88.91400343955149,24.62472501059226,0 88.91436282166828,24.62433973140364,0 88.91470192995709,24.62400964728511,0 88.91486361735116,24.62362230142873,0 88.91488759409289,24.62315935791048,0 88.91490356983961,24.62303296687564,0 88.91493824023279,24.62275309617612,0 88.91508057610926,24.62231928990514,0 88.91512120737457,24.62219929915914,0 88.91522852977985,24.62208320248772,0 88.91534085527267,24.62196036655126,0 88.91563941101212,24.62174067071436,0 88.91590228125077,24.62164043819639,0 88.91625443143489,24.62150586630954,0 88.91672893768856,24.62123215302947,0 88.91710723542199,24.62093907143963,0 88.91744766685572,24.62046101666255,0 88.91772996557076,24.61985262079871,0 88.91798063886824,24.61918863566323,0 88.91832223739164,24.61858068697415,0 88.91848259231175,24.61833847723789,0 88.91882085130041,24.61782595156355,0 88.91905518491461,24.61732788916562,0 88.91918371843848,24.61705155094872,0 88.91930869066019,24.61634933808651,0 88.91944991517548,24.61603582021607,0 88.91964470549817,24.61581081293179,0 88.91976707889567,24.61566884774359,0 88.9199851985897,24.61559650927792,0 88.92042009571965,24.61560035919305,0 88.92077425128528,24.61578828340057,0 88.92093089315317,24.61595607847577,0 88.92106626102156,24.61629032388312,0 88.92120112629566,24.6166804791635,0 88.92145310355376,24.61723756495084,0 88.9215881386351,24.61760908332827,0 88.92176438441557,24.61779566285495,0 88.92211938351559,24.6178909648738,0 88.92233733809802,24.61783726013219,0 88.92245744861857,24.61767211835335,0 88.92252176206325,24.61711741909327,0 88.9225262707281,24.61661761741039,0 88.92240449007494,24.61559839090734,0 88.92231149279004,24.61494988116371,0 88.92225836462666,24.61426496015712,0 88.92229974016566,24.61406138500734,0 88.92249825030478,24.61397082195868,0 88.92285474248403,24.61389952140616,0 88.92336853677159,24.61392259572172,0 88.92372105548714,24.61401787562707,0 88.92399780295037,24.61402052392551,0 88.92421637539958,24.61389735216875,0 88.92435645975969,24.61370863823122,0 88.92443543089416,24.6134460427701,0 88.92449916324279,24.61322908031681,0 88.92450349506892,24.61274791612328,0 88.92430260557565,24.61200540687092,0 88.92401226109668,24.61131813658102,0 88.92379901679109,24.61057609847598,0 88.92380418642286,24.61000231639637,0 88.92379275344445,24.60907711383241,0 88.92369220595005,24.60816931229706,0 88.92361767368583,24.60739104340836,0 88.92366444444022,24.6071366784187,0 88.92370074130174,24.60694774934842,0 88.92394044059129,24.60667224515555,0 88.9241598746907,24.606451936504,0 88.92459574047453,24.60634451959573,0 88.92483576748619,24.60603230570214,0 88.92495586665474,24.60586659828275,0 88.92518672140196,24.60574973007843,0 88.92535055837804,24.60566624421386,0 88.92572745028386,24.60552166939186,0 88.92602644275932,24.60524660761861,0 88.92632610414283,24.60489699892176,0 88.92646991396923,24.604567115781,0 88.92656577432756,24.60434870029614,0 88.92661623026896,24.60423329843874,0 88.92669978104243,24.60373465765649,0 88.92670593590917,24.60304962193559,0 88.92665561779191,24.60259967626562,0 88.92659632074952,24.6020491321654,0 88.92657560625416,24.60187954147089,0 88.92650414318241,24.60130800893978,0 88.92667732972539,24.60045818212423,0 88.92691446252762,24.59991607648197,0 88.9270128387699,24.59969203199561,0 88.92712131141575,24.59944434236823,0 88.92729068049493,24.59874358900695,0 88.92730354621835,24.59868664217881,0 88.92730769925487,24.59822411685994,0 88.92717449449306,24.59764929801933,0 88.92693623899399,24.59666648195654,0 88.92669176329838,24.59527641140372,0 88.92663905886216,24.595092461693,0 88.92646469699015,24.59442414413132,0 88.92654248358888,24.59401639181921,0 88.92674278967154,24.59372195070687,0 88.92696185902352,24.59353891213036,0 88.92735880989746,24.59335720860472,0 88.92780433992461,24.59326849276591,0 88.92854821197125,24.59297304311285,0 88.92885320051424,24.59285164261958,0 88.92962666429834,24.59256205705647,0 88.92996431463023,24.59237990283279,0 88.93038004166714,24.59203172080191,0 88.93059894141612,24.59186674852397,0 88.93089623103334,24.59177691428147,0 88.93137057089442,24.59178102678655,0 88.93174873056671,24.59176521640812,0 88.93199216166916,24.59161962781755,0 88.93221062940832,24.59150265641893,0 88.93247803746519,24.59143857559379,0 88.93304641791447,24.5914253122839,0 88.93320468380824,24.5914095504778,0 88.93352619601083,24.59137354489567,0 88.93370490095798,24.59128225461473,0 88.93384572540972,24.5910059971403,0 88.93386714696484,24.59054360174393,0 88.93370345047714,24.59006062221093,0 88.93372585589209,24.58976484404195,0 88.93382665698904,24.58954363742764,0 88.9339460674768,24.58945190435773,0 88.93432306343783,24.5892886704882,0 88.93452234950614,24.58910547326754,0 88.93464291286323,24.58888441396423,0 88.93464687567922,24.58843996072341,0 88.93463057828002,24.58777396300244,0 88.93449850842875,24.58706926215303,0 88.93427915064214,24.58617922674397,0 88.93412698879224,24.5855116509862,0 88.93407248972082,24.58497413918604,0 88.93409103213141,24.58483421205698,0 88.93413623309807,24.58447534880588,0 88.93416925475653,24.58437393505573,0 88.9343167491043,24.58390287852685,0 88.93445740247901,24.58364469376318,0 88.93483536609222,24.58337077018208,0 88.93551109549324,24.58295052590055,0 88.93588593097262,24.58274999783549,0 88.9366187963911,24.58257133561145,0 88.93735199026649,24.5823553963854,0 88.93764892451165,24.58230225601468,0 88.9378534658819,24.5823596898982,0 88.93808897334618,24.58254668754861,0 88.93838130181548,24.58301197948881,0 88.93860608881219,24.5835716508341,0 88.93863510122691,24.58364302880483,0 88.93881033554698,24.5839408395267,0 88.93900188309298,24.58462733997379,0 88.93923279812331,24.58533220544274,0 88.93936588283248,24.58592564719858,0 88.93967864424594,24.58631710190722,0 88.93995303277616,24.58657837191177,0 88.9403662533023,24.58678588754112,0 88.94070157691293,24.5868623591361,0 88.94113637068757,24.58686614711139,0 88.9414310084272,24.58679434375004,0 88.94178854809545,24.58659423617331,0 88.94194796694461,24.58644744366208,0 88.94204809444346,24.58630021333832,0 88.94210984485088,24.58602279881132,0 88.94211181031993,24.58580085455238,0 88.94197625218983,24.58548526825606,0 88.94178140944082,24.58516867875109,0 88.9414877473444,24.58485192064874,0 88.94107518696551,24.58457042781917,0 88.94091822837485,24.58443993036786,0 88.94091953988422,24.5842919677297,0 88.94100039926082,24.58408868133318,0 88.94121893926554,24.58396096595695,0 88.9415162014409,24.58387110955393,0 88.94164478106053,24.5838585073856,0 88.94186979044996,24.58383701810583,0 88.94238362564303,24.58384138687203,0 88.94287802659215,24.58380833461433,0 88.94319537925693,24.58368134733825,0 88.94341440546386,24.58349828443607,0 88.94363425017436,24.58322260327625,0 88.94370718429627,24.58307686423104,0 88.94376253052552,24.58296431770027,0 88.94396309962639,24.58263314503591,0 88.94420205034064,24.58243159055031,0 88.94438532115066,24.58238042023109,0 88.94445962111615,24.58235950750865,0 88.9447359709043,24.58239882384332,0 88.94507079278684,24.58253119508276,0 88.94550197629346,24.58294214845986,0 88.94565959081781,24.58299866024135,0 88.94583761690409,24.58298190087335,0 88.94589821101019,24.5828343757109,0 88.94587973480319,24.5824083956505,0 88.9459218714174,24.58211276180086,0 88.94610087670635,24.58198474806731,0 88.94635779210935,24.58198664261673,0 88.9466731752689,24.58208215670108,0 88.94694887304047,24.5821954505569,0 88.94708770065095,24.58214112489232,0 88.94720758076568,24.5819940360216,0 88.94715106461705,24.58167903762098,0 88.94705502820767,24.58136318338153,0 88.94695719065693,24.58125176623513,0 88.94672151269337,24.58108285415143,0 88.94658497125843,24.58087796206166,0 88.94648811573708,24.58065529040843,0 88.94647547451103,24.58040782384765,0 88.94647129068373,24.58032194693565,0 88.94647231677295,24.58020560934602,0 88.9464727341571,24.57987804126604,0 88.94655407009184,24.57961940713884,0 88.94671428887291,24.57937999248815,0 88.94710160523566,24.57916145390594,0 88.94749815443146,24.57901640340691,0 88.94793291978287,24.57902017070713,0 88.94852201039328,24.57917304319908,0 88.94879819009235,24.57923098868642,0 88.94897653759087,24.57917695257071,0 88.9492549974243,24.57897568009082,0 88.94949637060897,24.57849682814595,0 88.94987637538077,24.57770384894033,0 88.9500578114847,24.57729797776778,0 88.95037708876258,24.5769490312499,0 88.95107297023914,24.57647407974277,0 88.9516270774246,24.57610821718283,0 88.95196367112879,24.57603726557234,0 88.95233914548355,24.57604001874895,0 88.95255587130562,24.57611615905464,0 88.95273389124142,24.57609882604583,0 88.95283302135073,24.57606284175843,0 88.95295272599871,24.5759343851924,0 88.95312312955558,24.57565832793799,0 88.95348155409789,24.57506906649756,0 88.95370152334173,24.57477473373216,0 88.95431704253969,24.57444658559681,0 88.95500848824902,24.57419297618505,0 88.9555044596889,24.5739752105172,0 88.9558020119333,24.57384805097724,0 88.95601889929293,24.57390554931147,0 88.95625296287348,24.57425911509639,0 88.95642725984663,24.57466759322995,0 88.95658340925468,24.57489125624108,0 88.95693750114428,24.57507908817262,0 88.95733111765254,24.57526720809163,0 88.9576058394274,24.57549173558585,0 88.9576399097991,24.57555072036544,0 88.95785886540754,24.57593806064735,0 88.95807317622847,24.57629148084497,0 88.95818771515934,24.5767548688159,0 88.95818383979864,24.57719932075581,0 88.95826095220241,24.57742184088437,0 88.95837871738381,24.57751532226029,0 88.95853648892955,24.57755374788515,0 88.95879403984887,24.57748163868938,0 88.95904154261805,24.57742865858024,0 88.95917955710726,24.57746637455294,0 88.95929587139248,24.57772645559279,0 88.95943081728248,24.57811656989163,0 88.95966377300849,24.57859945715762,0 88.95999570054241,24.57906499193908,0 88.96036860352861,24.57936421443151,0 88.9607427967982,24.57951547262759,0 88.9612363690499,24.57957497503292,0 88.96164938525271,24.57952319299503,0 88.96192686312062,24.57943258554969,0 88.9623222670531,24.57941738468281,0 88.96267782769451,24.57943860422544,0 88.96285632588976,24.5793664792953,0 88.96307676473249,24.57901622188512,0 88.9635148353663,24.57835409243991,0 88.96387472744532,24.5778755118248,0 88.96407106017104,24.57802547193408,0 88.96440701708259,24.57802790751028,0 88.96495047019835,24.5780324097398,0 88.96500984487257,24.57802267362758,0 88.96538587291761,24.57796214212043,0 88.96607571143396,24.57789371452377,0 88.96724358415848,24.57768133188769,0 88.96836866359472,24.57756069072396,0 88.96902032431096,24.57762187221286,0 88.96933491934043,24.57780938836241,0 88.96941254051367,24.57797542802372,0 88.96949125766673,24.57801440101369,0 88.96964632032443,24.57836737523012,0 88.96992091692692,24.57860995096964,0 88.97019646894448,24.57874183564739,0 88.97069785249737,24.5790419566009,0 88.97109022429119,24.57937856609692,0 88.97150347906766,24.57958542662659,0 88.97172070459914,24.57960562728413,0 88.97197809206229,24.57955213177883,0 88.97231268917672,24.57942576913657,0 88.9725111094364,24.57933457289785,0 88.97268928653212,24.57929914262022,0 88.97292515786674,24.5794493750887,0 88.97320087463693,24.57956261789665,0 88.97345746580746,24.57960173668371,0 88.97371501232436,24.5795296013149,0 88.97407295592431,24.57927350329851,0 88.97431153383633,24.57910860666331,0 88.97468851172573,24.5786493247815,0 88.97504867473039,24.57813400782664,0 88.97537105779153,24.57741453389811,0 88.97550687738737,24.57684451830403,0 88.9756931849566,24.57643639056985,0 88.97593143597122,24.57630876383242,0 88.97632778069772,24.57618227052847,0 88.97659535340178,24.57609212888942,0 88.97711159751518,24.57552257661053,0 88.97772974814809,24.57487976599334,0 88.9781273518024,24.57460530526295,0 88.97838488004676,24.57453372518398,0 88.97881684596389,24.57457408917781,0 88.97930992987138,24.5746894382567,0 88.97962627423865,24.57467305966807,0 88.97988427907646,24.5745455681754,0 88.98018275114991,24.57430766913219,0 88.98036218029722,24.57412426742012,0 88.9807756459896,24.5740165210638,0 88.98170521991479,24.57393109028378,0 88.98177938797399,24.57392427674116,0 88.98262490704377,24.57384614871418,0 88.98294904861378,24.57378407169275,0 88.983829921801,24.57361525874533,0 88.98430576544557,24.57343396032278,0 88.98454463025273,24.57323233857768,0 88.98478459262954,24.57290138981262,0 88.98502349851513,24.57240382504011,0 88.98540665771675,24.57150008100388,0 88.98560756703483,24.57111294175378,0 88.98584674014128,24.57087404550663,0 88.98626081761981,24.57069230190772,0 88.98661698308541,24.57063948039074,0 88.98709076713988,24.57069931811482,0 88.98751022815627,24.57075650916604,0 88.9877822375897,24.57072342026945,0 88.98792244372602,24.57050245673475,0 88.98797482573282,24.57015097310084,0 88.98807460755849,24.56974447622454,0 88.98829589257706,24.56928349187542,0 88.98889355931219,24.5687150406399,0 88.98938870067121,24.56829326830345,0 88.98957509280676,24.56816016988232,0 88.99002494281355,24.56783578064418,0 88.9905209870853,24.56759869189277,0 88.99067685780069,24.5675692959963,0 88.99089705432787,24.56752792809632,0 88.99106568570951,24.56745005058259,0 88.99129135156871,24.56734603119257,0 88.99155057689967,24.56707055629375,0 88.99185213238859,24.56646216281273,0 88.99208045367673,24.56604301671416,0 88.99213314383353,24.56594624730736,0 88.9923125424821,24.5657628312259,0 88.99254781787158,24.56569050499396,0 88.99269594686206,24.56570002099618,0 88.99286382216521,24.5657113701084,0 88.99319880696474,24.56582499182522,0 88.99401385639921,24.56642431141523,0 88.994080199583,24.56646600745179,0 88.99489854950589,24.5669676392733,0 88.99504880886899,24.56701783104216,0 88.99541091292453,24.56713841546981,0 88.99569483534097,24.56715622545052,0 88.99610220755402,24.56718111460432,0 88.99632955631162,24.56717028693786,0 88.99675213300245,24.56714953487483,0 88.99736594076745,24.56700643715638,0 88.99763860258122,24.56689426592528,0 88.9985135942198,24.56653442758648,0 88.9989614366016,24.56644607294907,0 88.99986948822287,24.56626718594316,0 89.00073707710189,24.56620040071673,0 89.00240031955681,24.56580651631067,0 89.00353357267868,24.5652801476527,0 89.00360548606294,24.56524676263409,0 89.00432212235131,24.56491515303357,0 89.0057775470945,24.56425998545404,0 89.00698610880656,24.56358501366859,0 89.00827693429875,24.56281798027624,0 89.00916043495924,24.56231807387299,0 89.00976348168855,24.56197830741954,0 89.01081269847163,24.56145017057014,0 89.01138126948054,24.56109660485668,0 89.01163699366354,24.56093854336681,0 89.01243162246642,24.56013020014887,0 89.0129903799005,24.55946819359692,0 89.01322975219455,24.55889660257801,0 89.01341445628178,24.55806540281617,0 89.01339016566128,24.55741744108967,0 89.01316024644052,24.55654553861044,0 89.01300271562603,24.55618017219953,0 89.01273366482086,24.55556101630732,0 89.01240144348129,24.55511424456592,0 89.0118904809578,24.55477749535873,0 89.0112208465106,24.55451306726182,0 89.01064909047491,24.55436000894546,0 89.00997792693956,24.5542808096256,0 89.00966484086275,24.55420917233353,0 89.00871818253935,24.55399307582025,0 89.00812505736255,24.55373707114377,0 89.0075860910698,24.55350290065848,0 89.0067999254736,24.55299704894205,0 89.00654507058003,24.5527546839626,0 89.00651585620317,24.55270365139424,0 89.00642821705742,24.55254998844133,0 89.00643037202973,24.55229077360719,0 89.00651140437832,24.55205074383618,0 89.00685128114272,24.55157248634533,0 89.00768585531421,24.5507091023908,0 89.00843428293584,24.54980840503192,0 89.00944818064229,24.54876157626121,0 89.01057937804966,24.54786352211901,0 89.01161286545791,24.5471313911879,0 89.01270146208446,24.54660295154754,0 89.01310775338466,24.54645157655638,0 89.01381876109652,24.54618652630963,0 89.01476861125201,24.5460089661304,0 89.01528528067222,24.54594927394398,0 89.01642738402229,24.54581820870316,0 89.0179094407886,24.54579282504523,0 89.01819885290902,24.54573777238226,0 89.01921303700733,24.54554424559979,0 89.01956820048463,24.54560259599321,0 89.01980467595011,24.5456782040979,0 89.0199413017603,24.54588302356371,0 89.02002656356072,24.54632808314123,0 89.02024702663664,24.54685087826203,0 89.02047232821053,24.54738613162233,0 89.02087888591421,24.54840720107009,0 89.02165009532014,24.5498385315528,0 89.02212210474602,24.55071094567911,0 89.02223403376624,24.55091672401121,0 89.02262313326614,24.55165980235935,0 89.02303335298328,24.55223698044891,0 89.02352427397749,24.55261082735587,0 89.02458434787223,24.55315573151077,0 89.02557970936287,24.55345959383152,0 89.02636836862931,24.55366941837277,0 89.02761080160892,24.55366093785356,0 89.02850812692523,24.5535687724567,0 89.02895555027888,24.55352324433141,0 89.02955169006415,24.55341321090017,0 89.02962837198383,24.55339904789505,0 89.0303990172838,24.55309026780908,0 89.03099550514553,24.55263233161559,0 89.03162080721145,24.55197070662814,0 89.03207897958119,24.55151182899699,0 89.03273555220044,24.55064709399798,0 89.03335791533308,24.54943027190529,0 89.03392885041025,24.54815775267732,0 89.03405182633659,24.54791573274929,0 89.03493022718128,24.5461850011354,0 89.03536815852587,24.54516967922706,0 89.0355040464752,24.54485714952295,0 89.0359249727571,24.54380556615665,0 89.03609167624185,24.54334640419933,0 89.03628864558824,24.54280894246369,0 89.03674638928322,24.54209025504059,0 89.03716469673343,24.54166780402211,0 89.03748243310127,24.54146662871428,0 89.03821504291054,24.54126881108025,0 89.03909439055069,24.54094264467473,0 89.03973215891935,24.54086786534307,0 89.04020176071518,24.54082188696643,0 89.04128794425021,24.54057108183917,0 89.04210060717996,24.54024388487537,0 89.0430897785695,24.53977046150797,0 89.0433255500197,24.53962576591199,0 89.04362584869195,24.53944140250719,0 89.04473002484906,24.53817297958321,0 89.04487438952347,24.53803162322263,0 89.0458425802086,24.53708928291794,0 89.04682091858096,24.53580136660863,0 89.04734915387608,24.53521244952827,0 89.04812404733582,24.53434956785725,0 89.04869888635433,24.53379879531672,0 89.04900488725136,24.53351562611626,0 89.04983828538406,24.53274574622526,0 89.04997013466188,24.53262406933585,0 89.05110290518489,24.53178105950035,0 89.05153695465445,24.53154222271611,0 89.05223142633297,24.53116053201278,0 89.05337154863622,24.53063269348176,0 89.05447883162195,24.53019668562705,0 89.05519129891873,24.53003535888312,0 89.05578174402729,24.5300031184047,0 89.05633383848003,24.53013666372723,0 89.05675178683087,24.5303715432009,0 89.0570025583423,24.53051213152821,0 89.05780679485051,24.53123977524675,0 89.05843383134895,24.53189226275769,0 89.05901119471035,24.53258169392689,0 89.05953874255276,24.53332614314037,0 89.06000848972297,24.53388496564801,0 89.06031064100463,24.53408801156585,0 89.06067666470774,24.53433383326647,0 89.06118854722297,24.53455971725586,0 89.0618277928546,24.5346051452548,0 89.0620746120986,24.53462201452645,0 89.06290518698539,24.53451733663452,0 89.06336143440454,24.53428030326716,0 89.06397324763114,24.53372914771246,0 89.06409510882422,24.5336198167679,0 89.06469398208506,24.53282798248264,0 89.06508352783437,24.53196135710602,0 89.06517050589339,24.5309442174989,0 89.06516875081844,24.53022130440132,0 89.06516772123349,24.53003718411813,0 89.0652270464015,24.53002966576524,0 89.06543469108314,24.53000222097957,0 89.06616515215975,24.52974833626041,0 89.06644472729316,24.52968013259049,0 89.06697665855704,24.52955088844656,0 89.06794576083603,24.52941037647751,0 89.06912968716014,24.52927125765902,0 89.07003923621512,24.52916705311711,0 89.07097566001086,24.52909972805208,0 89.07312652103981,24.5290973231552,0 89.07437130868442,24.52906981535805,0 89.07579169703639,24.5290067229931,0 89.0762339194592,24.52898078097766,0 89.07692812814831,24.52894065216563,0 89.07892934348439,24.52880955625816,0 89.07980424554712,24.52871353752526,0 89.08035222247895,24.5287430465345,0 89.08079596486679,24.52884021842693,0 89.08128782111797,24.52910317546051,0 89.08144494264344,24.52922278627737,0 89.08167079328852,24.52939649288669,0 89.0819151182158,24.52973692267782,0 89.08214904276203,24.53014562242352,0 89.08221607596938,24.53042052896325,0 89.08228305752672,24.53070221237151,0 89.08241812412814,24.53144348845362,0 89.08249231369655,24.53207311426632,0 89.08255761864183,24.53257335190056,0 89.08255207940324,24.53329508810544,0 89.08256615120031,24.53403558651036,0 89.08266128944848,24.5348319543023,0 89.08287575292714,24.53520381787427,0 89.08309121431901,24.53544579184774,0 89.08354155205177,24.53565256244624,0 89.08388447447714,24.53569711959117,0 89.08415338958706,24.53573160127958,0 89.08451584339382,24.53580564951069,0 89.08490295249742,24.53588493862095,0 89.08522339636458,24.5359626697826,0 89.08553398525349,24.53603751318989,0 89.0858188784715,24.53624321774633,0 89.08615103635152,24.53672708918539,0 89.08626390963198,24.53746822090389,0 89.08637805666088,24.53804275384521,0 89.0864303915436,24.53895010507638,0 89.08644164340863,24.53973972131915,0 89.08644483858116,24.53996790813881,0 89.08647051901281,24.54016235235677,0 89.08651947731647,24.54054218853526,0 89.08665536266541,24.54085819804608,0 89.08670446775167,24.5408957866876,0 89.08685179311644,24.54100742300111,0 89.0869208399488,24.5410208536208,0 89.08724634691472,24.54108449408128,0 89.08783669909704,24.54107019220221,0 89.0885888375258,24.54089087900135,0 89.08952004650811,24.54054609688378,0 89.09005352263124,24.54021684874828,0 89.09052102464042,24.53979455639352,0 89.09082211135683,24.53917240507114,0 89.09109673849804,24.538456898509,0 89.09124965008559,24.53783380373783,0 89.0913771999362,24.53664860536679,0 89.09165582903069,24.53605511303607,0 89.09173347171986,24.5359121567446,0 89.09200646438183,24.53541012028588,0 89.09242977444403,24.53495026722294,0 89.09292627950296,24.53460721909246,0 89.09341926368027,24.53440251513836,0 89.09371611187484,24.53433549726982,0 89.09400996799782,24.53433736092657,0 89.09406182513007,24.53433768969211,0 89.09428389379873,24.53436225420807,0 89.09470245731936,24.53452755988673,0 89.09512014908873,24.53480807133662,0 89.09540062475631,24.53527295683084,0 89.0955696325352,24.53578288098824,0 89.09566578117315,24.53613082133558,0 89.09603251628174,24.53661940631671,0 89.09642429925078,24.53706183825376,0 89.09696495146032,24.53741258885575,0 89.09720041445486,24.53762642953535,0 89.09752907375535,24.53792613876497,0 89.09828831635588,24.53876452903156,0 89.09872967890892,24.53918411190343,0 89.09892496836751,24.53948636501272,0 89.09895974647901,24.53978704049393,0 89.0988580025107,24.54017947631322,0 89.09853260594008,24.54075574498632,0 89.09818533408291,24.54128499913407,0 89.0978347112181,24.5419305727018,0 89.09763331094918,24.54243759166798,0 89.09750599231251,24.54294564235452,0 89.0974538032699,24.54331580092277,0 89.09745260485757,24.54380149357357,0 89.09746268034023,24.54410257813182,0 89.09749735294096,24.54441680768819,0 89.09755500305458,24.5449587847929,0 89.0976739383995,24.54556157854294,0 89.09774331184535,24.54618665066176,0 89.09773859640386,24.54681125443228,0 89.09765876998647,24.547897928433,0 89.09769682301312,24.5484188853105,0 89.09777827652283,24.54875261398803,0 89.0981801417737,24.54917420940924,0 89.09854884858649,24.54940809136395,0 89.09948575806064,24.54962296509906,0 89.09990472168047,24.54974307760808,0 89.10022192729656,24.54992918991496,0 89.10102302344461,24.55046963400324,0 89.10137641636571,24.55077062037337,0 89.10153692533272,24.551103149095,0 89.10164391291391,24.55132747050446,0 89.10168826499705,24.55199869523317,0 89.10163925094103,24.55227625347739,0 89.10121591899743,24.55273557162851,0 89.10076840437826,24.55312583500055,0 89.10023497245646,24.55344552416521,0 89.09966106939908,24.553563333548,0 89.09938614882142,24.55366438911031,0 89.09919215681633,24.55384219816648,0 89.09909612144472,24.55413131902345,0 89.0991344375476,24.5542908253463,0 89.09916794609536,24.55443279383792,0 89.09944260543536,24.5546943199792,0 89.09951127510753,24.5547591366796,0 89.10022559602855,24.55501891274789,0 89.10089139539126,24.55516260300537,0 89.10213709769741,24.55537714274694,0 89.10241817751589,24.55544272819517,0 89.10282007526102,24.55553618069196,0 89.1030392111542,24.55562791941278,0 89.10325835174849,24.55571909350463,0 89.10357562389734,24.55589898742448,0 89.1039681839856,24.5562499127939,0 89.10445868574305,24.55671553432422,0 89.10494797226694,24.55734380069841,0 89.10509287313289,24.55778410013324,0 89.1051025293971,24.5581439185331,0 89.10492648728689,24.55856356928052,0 89.10433484317088,24.55939798077142,0 89.10392886770644,24.56017594769505,0 89.10392561560863,24.5606096704941,0 89.10395534061099,24.56092782256118,0 89.10404455607265,24.5612181096388,0 89.10407875450676,24.5612691534568,0 89.1042595277884,24.56153742330672,0 89.10465640533462,24.56197421999289,0 89.10469063295734,24.56202131004676,0 89.10517708834224,24.56270095276818,0 89.10551049437782,24.56336834111245,0 89.10577153297206,24.56380428397843,0 89.10588854188042,24.5646725043237,0 89.1059476934754,24.56502020852901,0 89.10590542250345,24.56538761068564,0 89.10584981649784,24.56588652011349,0 89.10584656712389,24.5663208092207,0 89.10575128348158,24.56684036695468,0 89.10543884888374,24.56732976220507,0 89.10525121327944,24.56764655353355,0 89.10499944339766,24.56828091021967,0 89.10481189356227,24.56891566816839,0 89.1047771852912,24.56926222078281,0 89.10494502095968,24.56961060634308,0 89.10518745566301,24.56989338174303,0 89.10580500829215,24.57022425075184,0 89.10603346607999,24.57039454755981,0 89.10623489740463,24.57054547230089,0 89.1065417170237,24.57080775038496,0 89.10660173985339,24.57103968268128,0 89.10659784682308,24.57156037805638,0 89.10656882583162,24.57180756668461,0 89.10653198831339,24.57210892545464,0 89.10652290601514,24.57332369367759,0 89.10642761928905,24.57384325340486,0 89.1063021621912,24.5741028289247,0 89.1058724671793,24.57441415434932,0 89.10575311100754,24.57451845539959,0 89.10554420924952,24.5747046519192,0 89.10513766965472,24.57522226251027,0 89.10473034569726,24.57617361283426,0 89.104632882985,24.57698232160543,0 89.10466022702303,24.57761899297156,0 89.10482720710611,24.57808315319297,0 89.10512992747378,24.57889493463944,0 89.10543438642986,24.57947516853652,0 89.10544614133032,24.5795548757152,0 89.10547658516921,24.5797781517295,0 89.10543027186901,24.58002466744848,0 89.10527429546465,24.58039983043265,0 89.10496204338077,24.58085986014214,0 89.10480563283039,24.58129262660425,0 89.10483267512126,24.58164013195286,0 89.10498614156795,24.58193025705371,0 89.10513800522483,24.58210459400965,0 89.10581496921839,24.58242792920255,0 89.10618661024475,24.58261550079303,0 89.10639785059183,24.5827789118914,0 89.1065149428525,24.58297844497375,0 89.1065803176956,24.58315619227042,0 89.10660313794115,24.58340822440486,0 89.10657548617459,24.58347187117964,0 89.10655036491896,24.58352762674399,0 89.10642347861385,24.58364656570653,0 89.10627994583022,24.58367898968237,0 89.10592853595428,24.5837586831568,0 89.10509666593308,24.58366593638432,0 89.10435620139482,24.58357375702171,0 89.10392540257,24.58336830163483,0 89.10355905048417,24.58313444640605,0 89.10337420731102,24.58307511516945,0 89.10325003500124,24.58316131123192,0 89.10303025826286,24.58347733468458,0 89.1028598840292,24.58379423317606,0 89.10285684415902,24.58419915763871,0 89.10300740149344,24.58454743868664,0 89.10309845412155,24.58492415089668,0 89.10306576975711,24.58532888908964,0 89.10277888290818,24.58569814489433,0 89.10238227965446,24.58587299327117,0 89.10173328676889,24.5860999078916,0 89.10123680862368,24.58641418964761,0 89.10071089931711,24.58669948134393,0 89.10049444716115,24.58690030824142,0 89.1004298532677,24.58727604168736,0 89.10030393553085,24.58759321746386,0 89.10011756461601,24.58773606151698,0 89.09968479561228,24.58779094267697,0 89.09909798783551,24.58796006560054,0 89.09881998465312,24.58813169846867,0 89.09823077404944,24.58861877132948,0 89.09799702043085,24.58881948587709,0 89.09773339823788,24.58904937921587,0 89.09736626497346,24.58924529652007,0 89.09714548878434,24.58936306935315,0 89.09675965208974,24.58941823823768,0 89.0963888604238,24.58944413312014,0 89.09617058326273,24.58955796714291,0 89.09601522327512,24.5898461497407,0 89.09601397530697,24.59001105641542,0 89.09601172320156,24.59030867841851,0 89.09613021723092,24.59097473367706,0 89.09609247439319,24.59204474558729,0 89.09605298233321,24.5933457395202,0 89.09616929197556,24.59430094736685,0 89.09626151827713,24.59452066394347,0 89.09631390252858,24.59478135742756,0 89.09682360914036,24.59566506596462,0 89.09728284684088,24.5963620780904,0 89.09792600704678,24.59691623204483,0 89.09881602012173,24.59750130820999,0 89.09961528228254,24.59799883148314,0 89.1005058275987,24.5988436977606,0 89.10105672786663,24.59951303641554,0 89.10139130129245,24.600035864775,0 89.10145002449858,24.60044117917379,0 89.10135686450427,24.60067215175964,0 89.10106110733274,24.60090128618925,0 89.10056855943581,24.60101340131187,0 89.09964285883346,24.60089687606867,0 89.09844336261061,24.60039061586062,0 89.09801229551336,24.60021394460313,0 89.09767315059756,24.60029821509299,0 89.09745442009249,24.60046965504346,0 89.09729691969294,24.60071264436446,0 89.0973265130054,24.60104717996983,0 89.09748020389038,24.60130851241033,0 89.09778729636443,24.60154257496215,0 89.09867713130318,24.60215589071793,0 89.098939107215,24.60247551239652,0 89.0990438391981,24.60267666825161,0 89.09913640008639,24.60285346226125,0 89.09913312942749,24.60328719124587,0 89.09907481520757,24.60381150270131,0 89.09912702309111,24.60409704439417,0 89.09926182744884,24.6042424774192,0 89.09934270904276,24.6043299626903,0 89.09940369353585,24.60476240224724,0 89.09942780784768,24.60516919432085,0 89.0994247550465,24.60557412122077,0 89.09950142563339,24.60589257435943,0 89.09959090262234,24.60615124139692,0 89.09974327678955,24.60658877500103,0 89.09977126207717,24.6071379156477,0 89.09976712074784,24.60768741890512,0 89.09966930309891,24.60820752866571,0 89.09938885711081,24.60869711920775,0 89.09913784202264,24.6092156987398,0 89.09913544439726,24.60953365370108,0 89.09925880913376,24.60988628802686,0 89.09928783866582,24.60996892938672,0 89.0995011403446,24.61051980324841,0 89.099742349262,24.61130241221386,0 89.09984780350055,24.61173682654039,0 89.09993417652551,24.612080191429,0 89.10002768097532,24.61246087684896,0 89.09999338022929,24.61274982726944,0 89.09980725730718,24.61318240625558,0 89.09968109328172,24.61352838612126,0 89.0997057314129,24.61419385082157,0 89.09982543423169,24.61503330274882,0 89.10003540348659,24.61569993503912,0 89.10011762393243,24.61593879026284,0 89.10033774913146,24.61656990556378,0 89.10064191398484,24.61719872533275,0 89.10068814222923,24.61729502843406,0 89.10093241642993,24.61767327355015,0 89.10117800616258,24.6178770096738,0 89.10133368104906,24.61787855301492,0 89.10188981702956,24.61753527387036,0 89.10244841649408,24.61719257224767,0 89.10272517905618,24.61719430992575,0 89.10290920413004,24.61736941718742,0 89.1029688101948,24.61765895862319,0 89.10287151802135,24.61843887434999,0 89.1028380533528,24.61861713455369,0 89.10276077112688,24.61903571698942,0 89.10271179174244,24.61930537420833,0 89.10273653113615,24.62028881224422,0 89.10282522153882,24.6209834843946,0 89.10270014450536,24.62118489036203,0 89.10235825232084,24.62129852403526,0 89.10202057483185,24.62118005829545,0 89.10159116414414,24.62077241219061,0 89.10140691885701,24.62062610543713,0 89.10119076128144,24.62045135886036,0 89.1009461196349,24.62044925482843,0 89.1006642682302,24.6207942571991,0 89.10059922327572,24.62122759950503,0 89.1007222039452,24.62163332145169,0 89.10087236960517,24.62203921320694,0 89.10130047381946,24.62262080616055,0 89.10177596830799,24.6231450873401,0 89.10217326160878,24.62355253138535,0 89.10223178223343,24.6239866507069,0 89.10210691695129,24.62415925456697,0 89.10186139390105,24.62427349196442,0 89.1015522766414,24.62429978852392,0 89.10108637839404,24.62447024719075,0 89.10100205842875,24.62450925179417,0 89.10090285548932,24.62455550399494,0 89.10062186566665,24.62478473241845,0 89.1005898157825,24.62510250239107,0 89.10071076429493,24.62545060419631,0 89.10077015211017,24.62576894905563,0 89.1006774094824,24.62594175394715,0 89.10033397822737,24.6262575647088,0 89.0996214550461,24.62668626533343,0 89.09881749267373,24.62711382263166,0 89.09825883282458,24.62745707465917,0 89.09789814782286,24.6277654296455,0 89.09772967676876,24.62814728834052,0 89.0977003464087,24.6284311883616,0 89.09772598279055,24.62863636570703,0 89.09800260248885,24.62898771141505,0 89.098307953244,24.62913478701686,0 89.09901903920296,24.62922681146226,0 89.0997900935763,24.62923223403716,0 89.10046970962982,24.62923707776678,0 89.10102241470604,24.62935689937818,0 89.10136193511796,24.62956179089372,0 89.10145184995339,24.62976511274374,0 89.1013310917718,24.63004787432297,0 89.10114002776191,24.63014889908634,0 89.1008336595215,24.63013624143879,0 89.10020948939979,24.62998829392999,0 89.09969407746404,24.62983877062,0 89.09932315691393,24.62986523769574,0 89.0989803672759,24.63009407364466,0 89.09876383401652,24.6302949004698,0 89.09854620752844,24.63064030417502,0 89.09847962321886,24.6312758294414,0 89.09847574040529,24.63179032171053,0 89.098475258037,24.6318541388289,0 89.09844923546729,24.63202736265435,0 89.09854281078245,24.63240014476999,0 89.09859184252632,24.63278055222323,0 89.09883447139734,24.63370776117725,0 89.09910734414007,24.63423021027005,0 89.09947566039784,24.6345510684045,0 89.09993716664829,24.63464095197597,0 89.10040222948031,24.63458683654841,0 89.10096654612209,24.63448081881599,0 89.10139438382383,24.63444679779395,0 89.10174056951608,24.63442468802933,0 89.10212775953993,24.63453725284415,0 89.10230007754279,24.63462926463704,0 89.10256593825599,24.63477156467535,0 89.10280429912623,24.63495548581082,0 89.10306947835058,24.63518871073612,0 89.10324120071562,24.63536035255364,0 89.10337955597288,24.6356967017234,0 89.10343553517511,24.63581226882599,0 89.10346107177335,24.6360321291232,0 89.10352846393737,24.63627371428994,0 89.10355708326748,24.63641226555023,0 89.1035834897361,24.63651635085832,0 89.10361202385855,24.63666619763669,0 89.10364832136823,24.63676978068269,0 89.10374085207459,24.63695504495869,0 89.10381643036771,24.6370938903601,0 89.10388255999132,24.63717450408201,0 89.10394868435681,24.63725568296657,0 89.10404933380836,24.63734724314019,0 89.10412781637329,24.63742849899412,0 89.10431206227922,24.63757875650811,0 89.10440281791215,24.63767138476983,0 89.10450602034753,24.6377522301892,0 89.10460912993129,24.63784550051341,0 89.10473943928068,24.63793724697663,0 89.10487954150473,24.63804147935961,0 89.10498768739197,24.63812235628825,0 89.10514015245961,24.6382261010974,0 89.10527539233364,24.63831957175898,0 89.10540552455757,24.63843503717889,0 89.10555057607388,24.63853873552405,0 89.10567593425507,24.63863157959268,0 89.1057988265355,24.63872384332159,0 89.10600523166268,24.63888609707396,0 89.10620192755366,24.6390245699667,0 89.10631740193823,24.63911735154306,0 89.10651904236957,24.63925585398479,0 89.10662727439627,24.63932543407346,0 89.10684118527956,24.63947587356008,0 89.10694933361329,24.63955674799203,0 89.10709702380061,24.63963843472599,0 89.1071954590539,24.63969609276393,0 89.10737281223336,24.63977739941401,0 89.10765380674562,24.63988137934901,0 89.10779170360395,24.63995057861833,0 89.10802333972393,24.64004464905385,0 89.10824255037251,24.64014767718588,0 89.10842237190289,24.64022956266858,0 89.10867132216381,24.64032204584905,0 89.10875713570198,24.6404152054313,0 89.10882266718509,24.64057657704578,0 89.10888921012946,24.64060240715164,0 89.10899272576722,24.64064202247219,0 89.10915044357026,24.64070513124342,0 89.10926865421511,24.64076291110579,0 89.10941670079954,24.6407971553563,0 89.11161192611353,24.63975240976667,0 89.11163458148933,24.63969720245203,0 89.11168241987529,24.63957945988609,0 89.11172018159576,24.63948706999029,0 89.11173356438259,24.63934934619976,0 89.1117442238893,24.6392454921272,0 89.11178497786847,24.63908308803112,0 89.11186245668851,24.63896778884743,0 89.11193993537148,24.63885248963168,0 89.11212139094798,24.63871467978833,0 89.11230003512757,24.63862260012998,0 89.11249555055295,24.63858823244397,0 89.11268850325368,24.63856627452162,0 89.11296788346186,24.63855501760607,0 89.11320762685892,24.63855594038596,0 89.11334339363822,24.63857937427212,0 89.113476697679,24.6386016627709,0 89.11362226241586,24.63863701663955,0 89.11376782822686,24.63867237125012,0 89.11392311192998,24.63873037622411,0 89.11410064385285,24.63878795523406,0 89.1143002485919,24.63886882678487,0 89.11447521741179,24.63893881356179,0 89.11475102193499,24.63907663478067,0 89.1150146235902,24.63919348210441,0 89.11515500853457,24.63926099551639,0 89.11523135855788,24.63929761433568,0 89.11542355046451,24.63937843877888,0 89.11571169346423,24.6395191574019,0 89.11581942984971,24.63965650145033,0 89.11597156342823,24.63980654489433,0 89.11606659207415,24.63999125249055,0 89.11615198485761,24.64014201243252,0 89.11620295166415,24.6402688386383,0 89.11623440953881,24.64035996321666,0 89.11629457326111,24.64058003561543,0 89.11632585532234,24.64069488053756,0 89.11641159228049,24.6407993307803,0 89.11645284019235,24.64090350566597,0 89.11651659140745,24.6409728028122,0 89.11662722024383,24.64105368637676,0 89.11676750341621,24.6411353167119,0 89.11687591910452,24.64118116942883,0 89.11701654566266,24.64121649004029,0 89.11712504890649,24.64125048193916,0 89.11724343144121,24.64128566522288,0 89.11736190043182,24.64130898779705,0 89.11762343534572,24.64137216383031,0 89.11775157887371,24.64142434962084,0 89.11792408582266,24.64149375288732,0 89.1181506265353,24.64160980123751,0 89.11825895576111,24.64166751260903,0 89.11835492674695,24.64172514803816,0 89.11845336596431,24.64178336247492,0 89.11856408826279,24.64185181957723,0 89.11866235215476,24.64193375420847,0 89.11873837619613,24.64201498673194,0 89.11888548592258,24.64217685685326,0 89.11898052839022,24.64236043269867,0 89.11901939143736,24.64245329643094,0 89.11904768401818,24.64263871977796,0 89.11904615097353,24.64284655098733,0 89.11895530210116,24.6430995783073,0 89.11895462275496,24.64319163374917,0 89.11893390773506,24.64331914723133,0 89.11889253675108,24.64356626800252,0 89.11888225453718,24.64361985920188,0 89.11888140829214,24.64373450461953,0 89.11888046722784,24.64386214009212,0 89.11888907420891,24.64403558170882,0 89.11888840345527,24.64412650768611,0 89.11888771552418,24.64421969257684,0 89.11889666059115,24.64434738905061,0 89.11892522060676,24.64449666803869,0 89.11893434118107,24.64460064416703,0 89.11895343511895,24.64469282158682,0 89.1190117342987,24.64483155326691,0 89.11907940839288,24.64503981043363,0 89.11912799615747,24.6451547616353,0 89.1192251633579,24.6453857916204,0 89.11930323656019,24.64552464507984,0 89.11943006498237,24.64575585777316,0 89.11951785913176,24.64591736200019,0 89.11959610830597,24.64603249493103,0 89.11963520984338,24.64609316760107,0 89.11981115323078,24.64636817166472,0 89.11991028391587,24.6463332000031,0 89.12001887613098,24.64635589490408,0 89.12026580086795,24.64639073690331,0 89.12037421473983,24.6464377161153,0 89.12055159466895,24.64651787735218,0 89.1205805731512,24.64661068049615,0 89.12074891150664,24.64657613441303,0 89.12086730755794,24.64661018496826,0 89.12097606229894,24.64661085347781,0 89.12114397638895,24.64663391262492,0 89.12127225223038,24.64666915222283,0 89.12139090184289,24.64666875271487,0 89.12158848108194,24.64669142864031,0 89.12175630410329,24.64672691105377,0 89.12200322983129,24.64676175011258,0 89.12211165314481,24.64680759854747,0 89.12222961423112,24.64690094733881,0 89.12231766587433,24.64702799999175,0 89.12236532346037,24.64727001990434,0 89.1223646435585,24.64736264031183,0 89.12232408303876,24.64750019846282,0 89.12229314385161,24.64767396251187,0 89.12226460968738,24.64785677690831,0 89.12233065376213,24.64795150160742,0 89.12230031610433,24.64804337548314,0 89.12226534621482,24.64809286139648,0 89.12214625202706,24.64848973819561,0 89.1220758602889,24.64865027000749,0 89.12199547265527,24.64882542390023,0 89.12188564015439,24.64897102878452,0 89.12177581595203,24.64911550324554,0 89.12166597868264,24.64926167317694,0 89.12155614443577,24.64940727697524,0 89.12144642357713,24.64953763264091,0 89.1213169232516,24.64966843180572,0 89.1212070849727,24.64981460055752,0 89.12110734977115,24.64993146342293,0 89.12101740106321,24.65006194049294,0 89.12088725978192,24.65027971163657,0 89.12074701036309,24.65052735457698,0 89.12072436084109,24.6505819987918,0 89.12063621811875,24.65080285289704,0 89.12052499688232,24.65113652108769,0 89.12043407358182,24.65139915187298,0 89.12038260721403,24.65167445005251,0 89.12036401976842,24.65184885376402,0 89.12037541346251,24.65197995392636,0 89.12037681632934,24.65212511271788,0 89.12038553005394,24.65228443530735,0 89.12043626106872,24.65244458215888,0 89.1204844206633,24.65261826763799,0 89.12063575715027,24.65287956423204,0 89.12073345814764,24.65303943428203,0 89.12084341376298,24.65321349933778,0 89.12097303786148,24.6534023696691,0 89.12105150502951,24.65348869988071,0 89.12118165241512,24.65360641006632,0 89.12128721507425,24.65370589691576,0 89.12139523246002,24.65380765643219,0 89.12157207236169,24.65396292997754,0 89.12178161530257,24.65404102796763,0 89.12193006399373,24.65402330198293,0 89.12205623203333,24.65400995654941,0 89.12216253427081,24.65400891530046,0 89.12227151609531,24.65397965063712,0 89.12236813933413,24.65395031043859,0 89.12244766974595,24.65389206116032,0 89.12255460290443,24.65380517509364,0 89.12263435378551,24.65371699393042,0 89.12269442957566,24.65361513611919,0 89.1227918976938,24.65347058454236,0 89.12285230102806,24.65332411114028,0 89.12293236203472,24.65319357141062,0 89.12298329186211,24.65299056117156,0 89.12304358237103,24.6528593366519,0 89.12312491621719,24.65255541586377,0 89.12315532903062,24.65245337678422,0 89.1232159425217,24.65227810005041,0 89.12328654639622,24.65208876539749,0 89.12331770102486,24.65188563373994,0 89.12337905182218,24.65160983048655,0 89.12338022531667,24.65145000380823,0 89.12341137971676,24.6512468721361,0 89.12346241534141,24.65102917804553,0 89.12349282758944,24.65092713801925,0 89.12358330840082,24.65072380602203,0 89.12368314982072,24.65059225787759,0 89.12379298139656,24.65044665175256,0 89.12385283544008,24.65037472628544,0 89.1240317724972,24.65024366307119,0 89.12412108031228,24.65020015745756,0 89.12426961491335,24.65017000372887,0 89.12440750885906,24.6502425763979,0 89.12453530797831,24.6503433254881,0 89.12468255517163,24.65048881203722,0 89.12476080878888,24.65060450686353,0 89.12488754160792,24.65085096449592,0 89.12491603171023,24.65101097277305,0 89.12491454157933,24.65121428629723,0 89.12491326307001,24.65138879659478,0 89.12491291892562,24.65143567190981,0 89.12491177297959,24.65159211011001,0 89.12492017054554,24.65179548417905,0 89.1249191069784,24.65194062698295,0 89.12486818062735,24.65214363766512,0 89.12486761307233,24.65222100991062,0 89.1248273439146,24.65231903604734,0 89.12483575001971,24.65252128065594,0 89.1247749271307,24.65272536021045,0 89.12474398641679,24.65289968968778,0 89.12466286279057,24.65317537306314,0 89.12463202979613,24.653335017876,0 89.12460098084405,24.65352403108128,0 89.12459938682197,24.65374146404704,0 89.12462808815143,24.65387266909882,0 89.12462723180077,24.65398957475061,0 89.12469298624475,24.65412439661734,0 89.12482297284168,24.65426469413474,0 89.12490165889612,24.65432165372049,0 89.12513822937332,24.65442250368155,0 89.12534555205347,24.65446669653181,0 89.12540488139219,24.65446649446677,0 89.12550870355139,24.65446656469358,0 89.12576085542084,24.65446528251497,0 89.12589950336272,24.6544356315496,0 89.12616679492083,24.65439208287424,0 89.12643462917383,24.65427454989585,0 89.12653393335169,24.65421641945848,0 89.12662356503182,24.65412886016279,0 89.12672339700785,24.65399843953575,0 89.12678336176442,24.6539112640373,0 89.12686353078658,24.65376547446658,0 89.12693380860293,24.65362018961049,0 89.12702428522711,24.65341685404752,0 89.12710498152396,24.65319877521122,0 89.1271853565722,24.65302474750472,0 89.12733537947668,24.6527912773388,0 89.12727658398612,24.65271862575581,0 89.1273072034239,24.65258778289256,0 89.12735748200795,24.65247287399532,0 89.12740766562636,24.65237095418635,0 89.12746762919825,24.65228377848165,0 89.1275474821354,24.65218090947094,0 89.1276470026371,24.65209284581097,0 89.12780625920487,24.65194866744241,0 89.12788589749238,24.65187516662169,0 89.12800540264648,24.65175842031491,0 89.12815499438619,24.65158368437009,0 89.12827427968901,24.65149687050578,0 89.12835380661268,24.65143861745457,0 89.12845300013643,24.65139516966213,0 89.12872061074405,24.65130699967844,0 89.12884936250278,24.65127785022337,0 89.1290271349785,24.65130604327459,0 89.12914558402734,24.65133387439964,0 89.12930335487509,24.65139300859482,0 89.12957936980207,24.65150821044276,0 89.12970738135364,24.65158071765845,0 89.12986484862192,24.65168164254306,0 89.13000243133715,24.65179769656057,0 89.13014986373685,24.65191889272001,0 89.13038552130998,24.65214511019013,0 89.13051300280597,24.65229046998081,0 89.13078512273411,24.65260162673797,0 89.13082190449413,24.65264251558646,0 89.13093757548478,24.65271268705644,0 89.13110473961646,24.65284021485011,0 89.13124224621134,24.65296699683937,0 89.13133073477995,24.65303587359918,0 89.13145826489813,24.65317502091726,0 89.13151691963,24.65326743732176,0 89.13159518023393,24.65338312891931,0 89.13166061041994,24.65356369202821,0 89.13172200872988,24.65361884939896,0 89.13197500811252,24.6538406517721,0 89.13210281444181,24.65394195886446,0 89.13227017012125,24.65404350701639,0 89.13244752086189,24.65413043042017,0 89.1327333252484,24.65426037046583,0 89.13298967749016,24.65436132768096,0 89.13325581520728,24.65447646293208,0 89.13349249628635,24.65456317981548,0 89.13377851312728,24.65466431552777,0 89.13401530072014,24.65473634787348,0 89.13428175526639,24.6548079944446,0 89.13458765041996,24.65489512899329,0 89.13490375623415,24.65493770661506,0 89.13524920984429,24.65502394896978,0 89.13561412904218,24.65515323260605,0 89.13594947932097,24.65526934592245,0 89.1362154101601,24.65541384379311,0 89.13649133500428,24.65554371637828,0 89.13670792665847,24.65567436018266,0 89.13693441407545,24.65580393395567,0 89.13711135472752,24.6559484574818,0 89.13723874233339,24.65610849524233,0 89.13737592538472,24.6562815825027,0 89.13750310605,24.65647042299862,0 89.13764974804403,24.65670286941549,0 89.13774695690574,24.6569344529265,0 89.13777473199239,24.65719611617891,0 89.13774922552054,24.6573049657292,0 89.13765841370217,24.65755687716563,0 89.13763324950594,24.657618286556,0 89.13752363586481,24.65773510082672,0 89.13737531499491,24.65773477133367,0 89.13713799725396,24.6577350336168,0 89.1370292233278,24.65773550694763,0 89.13685144801991,24.65770619470266,0 89.1367132197387,24.65767768553104,0 89.13660476115541,24.65763467186249,0 89.13642740177366,24.65754775305052,0 89.13619070479639,24.6574621698892,0 89.13607247353471,24.65740328292067,0 89.13583557226845,24.65734593793847,0 89.13572679957051,24.65734640938639,0 89.13555870396705,24.65734595841846,0 89.13543014679092,24.65734744034384,0 89.13530139412283,24.65737603057896,0 89.13519230653655,24.6574199883475,0 89.13509321163302,24.65744932316571,0 89.13495414587265,24.65753658789117,0 89.13477531527521,24.65765298121589,0 89.1346162604551,24.6577694941245,0 89.13444720206024,24.65790176010055,0 89.13425838080174,24.65803221235721,0 89.13402978668103,24.65819292147104,0 89.13384095508179,24.65832450181556,0 89.13365234200172,24.65842615031443,0 89.13354294072761,24.6585130294569,0 89.1333542192159,24.65862936040104,0 89.13307649958223,24.65874628249946,0 89.13277878917287,24.65889245056836,0 89.13238156030701,24.65912612075073,0 89.13221261311143,24.65924257134094,0 89.13214286465973,24.65931557031875,0 89.13205313412936,24.65941668709315,0 89.13198306536246,24.6595337370442,0 89.13198201390171,24.659678315855,0 89.1320307152463,24.6597802724177,0 89.13210908365249,24.65988184484043,0 89.13225667639092,24.65998270802643,0 89.13236502040095,24.66004153881768,0 89.13246359266275,24.66008449546389,0 89.13263159697198,24.66009794052435,0 89.13282904470917,24.66014206125849,0 89.13299715601622,24.66014082222697,0 89.13319492781476,24.66014032628543,0 89.13343214377505,24.66015475450212,0 89.13363980704312,24.66015375366722,0 89.1339067945858,24.66015367727425,0 89.13415401401859,24.66015235024826,0 89.13440111823849,24.66016683682922,0 89.13464822669414,24.66018075782503,0 89.13487567056548,24.66017930984714,0 89.13511288334089,24.66019429964705,0 89.13520167071771,24.660223076096,0 89.13528014430162,24.66031052818092,0 89.13534862829346,24.66041203886093,0 89.13534778983806,24.66052781437447,0 89.1353470580396,24.66062890713182,0 89.1353455850244,24.66083222120039,0 89.13534389653584,24.66106546772309,0 89.13531202776259,24.66136969414945,0 89.13528141542434,24.6615005389858,0 89.13524038670877,24.66170417889004,0 89.13513960719817,24.66196563013966,0 89.1350490272486,24.66218421965335,0 89.13494866944659,24.66238749955383,0 89.13483862684922,24.66256248260517,0 89.13474857322888,24.6627082170944,0 89.13459898243104,24.66288239538809,0 89.13447916562255,24.66304150526172,0 89.13434944412381,24.66320281315718,0 89.13423951521119,24.66336198275015,0 89.13418880417164,24.66353675955933,0 89.13421709773391,24.6637261339332,0 89.13431514834647,24.66384137885582,0 89.13446338265034,24.66385470172648,0 89.13462159855631,24.66385509437828,0 89.13488880716216,24.66382564839556,0 89.1349976921812,24.66381049352026,0 89.13531423459918,24.66379602871194,0 89.13544279418588,24.66379511161293,0 89.13591683042597,24.66388100129639,0 89.13586633792556,24.6640258460624,0 89.13580616242508,24.66414239317822,0 89.13571610899062,24.66428812822022,0 89.13561638413746,24.6644038718658,0 89.13552653924781,24.66452080379032,0 89.13544679498091,24.66460842818228,0 89.135347068646,24.66472417169243,0 89.13523734045067,24.66485566840663,0 89.13509795035907,24.66498642043181,0 89.1349784386791,24.66510317262852,0 89.13488859693888,24.66521953996373,0 89.13477908017686,24.6653216691047,0 89.13466946399585,24.66543735149602,0 89.13456972884033,24.66555422310012,0 89.13448212907387,24.66570223183633,0 89.13443959101701,24.66577257299578,0 89.13435910871327,24.66596185391542,0 89.13432859937812,24.666078015902,0 89.13429756686209,24.66626646668499,0 89.13428672817415,24.66639743114314,0 89.13428546754368,24.66657137786855,0 89.13428420594164,24.66674532460446,0 89.13433227637165,24.66693481947249,0 89.13433111833113,24.66709464680124,0 89.13434295826993,24.66716644662352,0 89.13435962898151,24.66725408944735,0 89.13435879331678,24.66736930066478,0 89.1343976070075,24.667471762253,0 89.13439675973424,24.66758866807071,0 89.13439507686749,24.66782078509599,0 89.13436362173144,24.66806740711035,0 89.13430312730007,24.66822744047378,0 89.13417215083903,24.6685610014968,0 89.13411165174321,24.66872159907745,0 89.13401170769768,24.66886670925101,0 89.13395152422514,24.66898382009887,0 89.13378151132632,24.66924541683395,0 89.13373142896573,24.6693332202021,0 89.13362117742969,24.66953587544031,0 89.13352060202963,24.66976795870952,0 89.1334297991079,24.67001591494461,0 89.13331838331662,24.67037896253719,0 89.13326745857736,24.67058254221402,0 89.1332355822192,24.67088676927647,0 89.13323325792192,24.67120699005653,0 89.13324082605712,24.67152670556951,0 89.13324839851096,24.67184585589279,0 89.13329584300192,24.67212176002879,0 89.13334349606906,24.67236886110993,0 89.1333814736484,24.67258653496601,0 89.13343923410562,24.67280376339433,0 89.13352676313475,24.67300705206805,0 89.13361418674479,24.67322502520236,0 89.13376085046843,24.67345634738878,0 89.13381913616097,24.67360128590622,0 89.13399491105464,24.67390959569993,0 89.13411319043959,24.67396396633423,0 89.13420156626366,24.67405091386553,0 89.13427016772935,24.67413717742035,0 89.13434833031785,24.67426868111963,0 89.13440704264123,24.67435488477793,0 89.1344752105135,24.67450101220143,0 89.13455370082842,24.67458733541288,0 89.13461219702111,24.67470347050002,0 89.13472992543458,24.67483408459577,0 89.13478842191886,24.67495021959181,0 89.13485701588301,24.67503761225224,0 89.13490583951597,24.67512375588002,0 89.13496454099555,24.67521165295885,0 89.13504292977338,24.67531209431394,0 89.13507162763578,24.67544612271413,0 89.13519011453745,24.67547225452515,0 89.13527807881057,24.67561624299637,0 89.13530993670858,24.67565540558797,0 89.13532689455786,24.67570351588996,0 89.13536582187108,24.67579072810428,0 89.13536497930534,24.67590706949311,0 89.13542284223658,24.67611074346323,0 89.13547134825438,24.6762409377131,0 89.13550017761438,24.67635689402515,0 89.13554899481339,24.67644416589189,0 89.13558792676574,24.676530813744,0 89.13561695661348,24.67661909647776,0 89.13564589266626,24.67672036821223,0 89.13569461533353,24.67682063083986,0 89.13575310535691,24.67693789565387,0 89.13580161209937,24.67706808973872,0 89.13588936126096,24.67724201012044,0 89.13597722129691,24.67740068163468,0 89.13602592868838,24.67750320298282,0 89.13605496751762,24.67759035523931,0 89.13614271744372,24.67776427541304,0 89.13619069307208,24.67796788921744,0 89.13618985563616,24.67808366625842,0 89.13621805313447,24.67828715976689,0 89.13622728031946,24.6783787112763,0 89.13624551136391,24.67859287611323,0 89.13628381480545,24.67876649775689,0 89.1363115956905,24.67902759804321,0 89.13634926228734,24.67928932313914,0 89.13637693716223,24.67956510699573,0 89.13640430160035,24.67988381313626,0 89.13640304333391,24.68005776032978,0 89.13641209184408,24.68017416124918,0 89.13641030195468,24.68042152831437,0 89.13630129977255,24.68045080360627,0 89.13609360538477,24.68045124344819,0 89.13589579661689,24.68045230785738,0 89.13572787662017,24.68042305353081,0 89.13552039929908,24.68039356016082,0 89.13537225069638,24.6803655542805,0 89.13526377219158,24.68032253925711,0 89.13510573809401,24.68029390910876,0 89.13497748426789,24.68025020922347,0 89.13480965956541,24.68020796481132,0 89.13447381836518,24.68015001769513,0 89.13413755523925,24.68015024186613,0 89.133929647836,24.68018004594485,0 89.13384042381512,24.68020943911252,0 89.13366155844051,24.68032583218233,0 89.13352151385637,24.68054412132388,0 89.13347121730499,24.6806607278142,0 89.13341060827828,24.68083544562275,0 89.13335990164701,24.68100852864318,0 89.1333579991424,24.68127057878752,0 89.13339670960781,24.6813877247736,0 89.13344489928301,24.68156140714568,0 89.1335228614371,24.68172115052675,0 89.13358136381092,24.6818367214959,0 89.13367910529873,24.68199658443194,0 89.13375738372369,24.68211284012006,0 89.13387491310898,24.6822716930883,0 89.13409039203304,24.68256216978865,0 89.1341588867859,24.68266368180734,0 89.13429609174391,24.68283733844527,0 89.13442329948631,24.68302561789932,0 89.13457028456149,24.68321458278666,0 89.13475620626751,24.68348963023668,0 89.13483438443038,24.68362000546309,0 89.13495201573166,24.68376530317943,0 89.13511847503953,24.68399674400247,0 89.13532437974109,24.68424423736957,0 89.1353930860998,24.68431694569961,0 89.13552062473768,24.68446004369132,0 89.13565803701849,24.68460546011281,0 89.13585469278536,24.68476478943556,0 89.13614951219353,24.68502637347287,0 89.13626757163345,24.68511293460802,0 89.13640510020758,24.68524253717812,0 89.13655230675407,24.68540156732534,0 89.1366889868883,24.68564864110972,0 89.13675706154027,24.6858088869453,0 89.13681515668107,24.68598149876491,0 89.13686355415896,24.68612750689664,0 89.13691027318244,24.68650563306761,0 89.13687923909137,24.68669408583482,0 89.13683862484811,24.68683955584871,0 89.13673867358477,24.68698410403669,0 89.13665901306368,24.68705817560857,0 89.13646982486206,24.68723324724094,0 89.13636050547377,24.68730544523521,0 89.13626138681265,24.68733478050738,0 89.13617205639363,24.68737829467833,0 89.13596361041667,24.68748095698962,0 89.13585449476152,24.68752491597433,0 89.13574559171889,24.68753950676837,0 89.13557745034262,24.68753962014203,0 89.13545875482266,24.68754059780147,0 89.13533039106518,24.68751101720515,0 89.13520254582394,24.6874097112637,0 89.13510427395556,24.68732213936469,0 89.13492739652889,24.68716292872211,0 89.13472126591971,24.68694593184436,0 89.13456427572804,24.68677215654374,0 89.1343581473939,24.6865551590563,0 89.13419127209363,24.68638075836507,0 89.13401450372201,24.68620686193454,0 89.13383752269137,24.68606233431033,0 89.13368032584316,24.68591735998421,0 89.13344442303348,24.68571486614634,0 89.13334073710374,24.68569221077554,0 89.13307867463099,24.68568723415473,0 89.13285108490346,24.68570223312842,0 89.13276154502412,24.6857745473681,0 89.13263222299099,24.68587711969034,0 89.13252002408596,24.68600521182074,0 89.13239284522965,24.68615297973141,0 89.13225311197986,24.68632721723198,0 89.1321433592968,24.68645871198415,0 89.13204350193777,24.68658970138539,0 89.13196363674389,24.68669144420798,0 89.13192343967538,24.68677874210198,0 89.13187844591879,24.68684567918157,0 89.13182347927173,24.68692385165227,0 89.13171299050988,24.68715643879045,0 89.1316029254928,24.68733085557684,0 89.13149254286394,24.6875487589552,0 89.1313522715771,24.68779641488398,0 89.13125188971192,24.68799912925846,0 89.13112181597117,24.68820448776832,0 89.13108160100845,24.68829404528427,0 89.13101133337844,24.68843594507237,0 89.13098102145034,24.68852386791156,0 89.13093083324743,24.68862466075468,0 89.13090020473641,24.68875607113308,0 89.1308697942067,24.68885754815199,0 89.1308389550038,24.68901776154468,0 89.1308382150648,24.68911941938218,0 89.1308076965117,24.68923558004682,0 89.13074633951972,24.68951195497594,0 89.13069625023732,24.68959919265602,0 89.13066594956905,24.68968542175121,0 89.13061564207382,24.6898025918644,0 89.13058533807863,24.68988938610773,0 89.13053503790709,24.69000542677096,0 89.13044432572036,24.6902381340981,0 89.13038349390855,24.69044221836921,0 89.13043189266358,24.69058709856703,0 89.13046072082541,24.69070305574782,0 89.1305188993403,24.69086324559915,0 89.13055783223585,24.69094989545099,0 89.13060644203992,24.6910659725381,0 89.1306354801189,24.69115312665635,0 89.13066452247729,24.69123971649441,0 89.13069335105018,24.69135567359643,0 89.1307420670848,24.69145706699263,0 89.13078098767708,24.6915454113749,0 89.13081003446518,24.69163143599426,0 89.13083875217755,24.69176264185569,0 89.13086746996076,24.69189384770541,0 89.13086641801677,24.69203842786732,0 89.13087482836188,24.69224180342901,0 89.13087324529374,24.6924592383972,0 89.13087176490018,24.69266255399764,0 89.13085071236362,24.69283694670318,0 89.13085965822043,24.69296690316474,0 89.1308582762947,24.6931566645659,0 89.13085732610547,24.69328712535932,0 89.13082607141288,24.69350437954911,0 89.13079522727126,24.69366515809479,0 89.13076492168159,24.69375195149906,0 89.13068526506767,24.69382432576181,0 89.13058676944263,24.69376724779497,0 89.13053667759357,24.69385448551212,0 89.13047637922595,24.69398515076782,0 89.13036556841659,24.69426065968739,0 89.13025549077182,24.69443564016416,0 89.13018551054175,24.69453744235488,0 89.13014498829192,24.69466879176177,0 89.13004459882139,24.6948715065756,0 89.13001418128994,24.69497354867844,0 89.12995398788125,24.69508952925523,0 89.12990336027815,24.69525018679452,0 89.12990198137742,24.6954393830593,0 89.12997952789915,24.6956567346551,0 89.13002835328822,24.69574344541014,0 89.13012662797489,24.69583102035181,0 89.13022501819943,24.69590278304544,0 89.13038243764878,24.69601839299102,0 89.13056964181858,24.69611893379885,0 89.13078661706223,24.69620610089085,0 89.13090510226053,24.6962350606186,0 89.13115228534812,24.69624898790175,0 89.1314094621478,24.69624885621728,0 89.13156793902026,24.6962193195871,0 89.1316671736468,24.69617530326504,0 89.13175661862932,24.69611710767487,0 89.13194550393774,24.69598665863738,0 89.13207462393294,24.69591345441852,0 89.13226319497099,24.69582592645779,0 89.13246145288336,24.69576669587908,0 89.13265948790644,24.6957379635416,0 89.13285731800244,24.69573746873268,0 89.13305515327056,24.69573640847631,0 89.13326245133278,24.69579414400751,0 89.13342029616074,24.69585157950281,0 89.13348901164899,24.69592372489169,0 89.13356740522637,24.69602529721096,0 89.13375375957885,24.69624330542429,0 89.13390076730899,24.69643114206932,0 89.13400851872944,24.69657638074398,0 89.13416541839517,24.69676427678818,0 89.13431231252716,24.69696792597656,0 89.13441007252068,24.69712722390813,0 89.13451730155541,24.69734475338267,0 89.13458548974054,24.69748975279339,0 89.13461421740833,24.69762039320906,0 89.13461252673116,24.69785364157843,0 89.13458190389865,24.69798448819474,0 89.13452160725724,24.69811515487372,0 89.13445153405542,24.6982299479121,0 89.13436207962192,24.69828927456755,0 89.13425263489935,24.69837728470111,0 89.1340936355877,24.69847854950649,0 89.13391484080195,24.69858138844078,0 89.13364681721939,24.69871249161795,0 89.13348813229476,24.69877026839555,0 89.13330966136206,24.69882848976341,0 89.13315096769929,24.6988873965482,0 89.13299238142791,24.69893161865145,0 89.13283368744636,24.69899052421604,0 89.13262575930251,24.69901863306302,0 89.13242749320607,24.69907842753092,0 89.13221944967765,24.69912234888458,0 89.13201140598109,24.69916626995917,0 89.131852818864,24.69921049090646,0 89.13166434831717,24.69928333417369,0 89.13156511552542,24.6993267854706,0 89.13132697102601,24.69942926139112,0 89.13099926967578,24.69960461505645,0 89.13085037099709,24.6996765684469,0 89.13063105383833,24.69991018904184,0 89.13060021175748,24.70007040238429,0 89.13056980122762,24.70017131515961,0 89.13053885640649,24.70034564784543,0 89.13053768852487,24.7005060418653,0 89.13053694803918,24.70060769959169,0 89.13058545773967,24.7007378974786,0 89.13061407125457,24.70088378763279,0 89.13069226407929,24.70101303488071,0 89.13086893874703,24.70120218441875,0 89.13097753826112,24.70123108383429,0 89.1311256078008,24.70127321354776,0 89.13134290539961,24.70131745773623,0 89.13155064020279,24.70131645965676,0 89.13167944235563,24.70128787233676,0 89.13178868225958,24.70122866767479,0 89.13194748203378,24.70115564366766,0 89.13208659685912,24.70106894569266,0 89.13226571340459,24.70092262115735,0 89.132563844042,24.7007329650235,0 89.13267307557065,24.70067488920184,0 89.13285175935498,24.70058786545355,0 89.13293141861213,24.70051548989445,0 89.13313946408766,24.70047156742087,0 89.13322871080585,24.70044104521817,0 89.13338729983144,24.70039682273565,0 89.1334864262022,24.70036805382436,0 89.13379328544849,24.7003382846765,0 89.1339317793133,24.70033686357451,0 89.13403037651484,24.70038094984784,0 89.13414876506066,24.70042402599186,0 89.13424725597933,24.70048279570711,0 89.1343452308262,24.70061272625804,0 89.13431492226437,24.70070008542433,0 89.1342052659196,24.70081689857582,0 89.13410582432465,24.70088915449007,0 89.13392735402485,24.70094681250732,0 89.13372908473617,24.70100660976317,0 89.13360027604563,24.70103632822143,0 89.13333287347324,24.70108102057493,0 89.13320407301011,24.70110960926239,0 89.1330453848924,24.70116738577319,0 89.13289626421422,24.70126983877887,0 89.13275693144725,24.70138647077718,0 89.13269705362018,24.70145896585631,0 89.13261717948599,24.7015607094582,0 89.13254719773467,24.70166251189807,0 89.13248671174959,24.70181859260533,0 89.13258475245034,24.70193948791499,0 89.13267346742431,24.70198238579163,0 89.1327919669442,24.70201021416722,0 89.13292023986969,24.70205448040983,0 89.13300906156243,24.70208269357054,0 89.13315712521907,24.70212595058625,0 89.13331507633717,24.70216983235674,0 89.13348324700172,24.70216859163946,0 89.13360194814003,24.70216874585367,0 89.13372075672517,24.70215421636408,0 89.13381988758991,24.70212488289448,0 89.13395869531608,24.70208054027937,0 89.13411718384725,24.70205043623455,0 89.1344044649409,24.70199287181632,0 89.13463198039365,24.70199255387894,0 89.13474079393757,24.70199208238073,0 89.13500777668487,24.70200555840394,0 89.13513626604578,24.70201989036901,0 89.13524455657708,24.70209170879258,0 89.13536262413064,24.70217940065658,0 89.13542124873999,24.70227972291848,0 89.13548985028487,24.70236824521048,0 89.13552858568488,24.70248313271706,0 89.13553721396521,24.70265770520277,0 89.13553510717227,24.70294856004359,0 89.13548438571817,24.7031227750024,0 89.13547344323551,24.70326786023983,0 89.13537304653467,24.7034717077569,0 89.13532284857897,24.70357363239205,0 89.13524265667527,24.70371942896203,0 89.13517246676906,24.70385003635003,0 89.13509249129085,24.70396589961924,0 89.13497273619919,24.70411089156109,0 89.13480277377161,24.70435893736463,0 89.13464249300472,24.70463584556352,0 89.13448222418688,24.7049110599201,0 89.13433173172639,24.70520214682294,0 89.13423133279373,24.70540599374283,0 89.13417092966685,24.70555077975846,0 89.13410041338372,24.7057260036082,0 89.13410872757082,24.70594349937704,0 89.13411736193039,24.70611694256094,0 89.13411662050723,24.70621916611427,0 89.13416503011008,24.70636404593915,0 89.13420343834308,24.70652411482645,0 89.13426194863,24.70664025135378,0 89.13433014347032,24.70678525127996,0 89.1344080199727,24.7069591137244,0 89.13448579137791,24.70714766057991,0 89.13454430324457,24.7072637969366,0 89.13463196607302,24.70745240332273,0 89.13471973647427,24.70762632604236,0 89.13481739815856,24.70780030831136,0 89.13491031132736,24.70794715149693,0 89.13494452367432,24.7080038373451,0 89.13507249641602,24.70809046008401,0 89.13519406175251,24.70803753996418,0 89.13526119191633,24.70798824377013,0 89.13537053851176,24.70791491694725,0 89.13552924305095,24.70785600806428,0 89.13568804101206,24.70778410915903,0 89.13587631409285,24.70774006396383,0 89.13599544174033,24.7076820449992,0 89.13611457766545,24.7076228965078,0 89.13626349136236,24.7075498080719,0 89.13645187089246,24.70749107680433,0 89.13658046888932,24.70749128872085,0 89.1367387511991,24.70749054953528,0 89.13695638858167,24.70748960364505,0 89.13718390633026,24.70749041148633,0 89.13748057671273,24.70750406154039,0 89.13762875507571,24.70753262999997,0 89.13773704773925,24.70760501132484,0 89.13794385154408,24.70773446558668,0 89.13810128588672,24.70785119699854,0 89.13825872790468,24.70796679879965,0 89.13845511154096,24.70816961245455,0 89.13853278713556,24.70837227601514,0 89.13855471810936,24.70841759191639,0 89.13866918043279,24.7086634014177,0 89.13871791899631,24.70876366347995,0 89.13879558807216,24.70896745625902,0 89.13894229697833,24.70919990466927,0 89.13915014752278,24.7091847767759,0 89.13923949370832,24.70914126083907,0 89.13935831200786,24.70912616132025,0 89.1394378716997,24.70906790152769,0 89.13952711097824,24.70903906898691,0 89.13970528485177,24.70902376157363,0 89.13981410519611,24.70902328686894,0 89.13994271387119,24.70902236544018,0 89.14001184765668,24.70903803078236,0 89.14007110607045,24.70905137706286,0 89.14023907086764,24.70908006217901,0 89.14038724833927,24.70910919198973,0 89.1405651085288,24.70913737080604,0 89.14075296007748,24.70915205448899,0 89.14096049666388,24.70918041134755,0 89.14114825011006,24.70920864863495,0 89.14125696500476,24.70922285640086,0 89.14144471855226,24.70925109330786,0 89.14160268623731,24.70929440122027,0 89.14198807747704,24.70935206336459,0 89.142165728403,24.7094096081647,0 89.14238274033616,24.70949619283085,0 89.14248125052394,24.70955382779171,0 89.14265806234476,24.70972827856917,0 89.14273616073588,24.7098733338225,0 89.14281405184401,24.71004719180026,0 89.14287195240338,24.71024973526387,0 89.14292026123205,24.71041042613723,0 89.14295879163211,24.71055524407804,0 89.14295785860605,24.71068514047258,0 89.14298554831659,24.71096205548613,0 89.14298378035025,24.71120829416507,0 89.14303241398206,24.7113238040746,0 89.14308072769605,24.71148392966414,0 89.14315903418594,24.7116001809001,0 89.14323776701848,24.711657131958,0 89.14335584925448,24.71174481733355,0 89.1436715900696,24.71185966689355,0 89.14385882201633,24.71196132069448,0 89.14404542964091,24.71214994856226,0 89.14405428505398,24.71229458914328,0 89.14401387764026,24.71241125973019,0 89.14395368961364,24.71252724628425,0 89.1439232795738,24.71262929232828,0 89.14387267139553,24.71278882590218,0 89.14378227906879,24.71297805569805,0 89.14368188889357,24.71318190996567,0 89.14362107639278,24.71338487163774,0 89.14356068036608,24.71352966173639,0 89.14353037185528,24.71361758847341,0 89.14352922410556,24.71377741787718,0 89.14353817705354,24.71390850350573,0 89.14362628027649,24.71403836921608,0 89.14368459373281,24.71418386992229,0 89.14395077039077,24.71431367123409,0 89.14406990077427,24.71425564571387,0 89.14415925679069,24.71421099640558,0 89.14425848859364,24.7141686657673,0 89.14449644486787,24.71409497189376,0 89.14470440925227,24.71406515227705,0 89.14484270826883,24.71409308885413,0 89.14495038464254,24.71425300454376,0 89.14509690564604,24.71451425010423,0 89.14515543203633,24.71463038219994,0 89.14525311496743,24.71480435795494,0 89.14532143235898,24.7149346680796,0 89.14535027228446,24.71505175288774,0 89.14542858746738,24.71516743922911,0 89.14547733008629,24.715268263641,0 89.14555522156046,24.71544324991272,0 89.14563343541924,24.71557305534678,0 89.14570205701536,24.71566100755588,0 89.14583922267873,24.71584764370915,0 89.14601604436513,24.71602265644002,0 89.14611424777038,24.71612434073885,0 89.14620235529445,24.71625420461161,0 89.1462904598407,24.71638463266877,0 89.14641771897027,24.71657346821032,0 89.1465033832597,24.71669936414185,0 89.14655477050017,24.71677648251176,0 89.14670161352464,24.7169936746504,0 89.14680897961472,24.71719764085865,0 89.14683731741263,24.71738532127847,0 89.14684585743836,24.71757457876349,0 89.14684409293338,24.7178213828608,0 89.14676369978815,24.71799598956277,0 89.14666414651751,24.71808293939686,0 89.14644597626766,24.71815562526834,0 89.14631725385726,24.71817123638717,0 89.14620842497422,24.71817171636582,0 89.14595140681271,24.71814307205157,0 89.14571407353743,24.7181286650713,0 89.1454766311809,24.71812950545884,0 89.1453430666718,24.71813040194452,0 89.1449219772643,24.71821825252869,0 89.14482262831604,24.71827639762426,0 89.1447430658541,24.71833466043616,0 89.14468308203499,24.71842184463521,0 89.14467193837581,24.7185962993482,0 89.144670897609,24.71874144598156,0 89.14469932947536,24.71891557200735,0 89.1447181763309,24.71904671718382,0 89.14481534491938,24.71929298365151,0 89.14482429908634,24.71942406900958,0 89.144921779052,24.71962684827386,0 89.14502029865146,24.71968448177542,0 89.14528648137998,24.71981541005881,0 89.14542468618467,24.7198574657561,0 89.1455926715869,24.71988557948719,0 89.14567139850769,24.71994422337848,0 89.14570993174617,24.72008960609541,0 89.1456697286369,24.72017747350368,0 89.14561943932148,24.72029239107165,0 89.14555924036429,24.72040950866242,0 89.14548915348047,24.72052600312279,0 89.14539917874029,24.72065649820656,0 89.14531919343219,24.72077349714135,0 89.14523931707387,24.72087524739515,0 89.14517933255733,24.72096243272711,0 89.14509925021501,24.72109298651757,0 89.14501926436704,24.72120998532387,0 89.14488867623403,24.7214853894761,0 89.14483816749335,24.721630805047,0 89.1447775545962,24.7218055287091,0 89.14471683971783,24.72199437158477,0 89.14466664244816,24.72209630002029,0 89.14465550201244,24.72227018952307,0 89.14465477337272,24.72237184899905,0 89.14465352706135,24.72254579826439,0 89.14473152264083,24.72270666627908,0 89.14485942170629,24.72280683486169,0 89.14495793974642,24.72286503247843,0 89.1450471932106,24.72283563182553,0 89.14523610533202,24.72270516371805,0 89.14538524298038,24.72260269670087,0 89.14555690556196,24.72246308850275,0 89.14568371802861,24.72236952566832,0 89.1458527418278,24.72225305754955,0 89.14597187946039,24.72219503010691,0 89.14613090481998,24.72209318638303,0 89.14629983031169,24.72199027276422,0 89.14648853849117,24.72188804074447,0 89.14676659406346,24.72174285288389,0 89.14688573074565,24.72168482477261,0 89.14704434209374,24.72164058733133,0 89.14725241953568,24.72159664418248,0 89.14735167234967,24.72155205234581,0 89.14767857889812,24.72149300285359,0 89.1478767617723,24.72144899929599,0 89.14811461806273,24.72139111270948,0 89.14830259797668,24.72139053786275,0 89.14843090504543,24.72143366136478,0 89.148559212195,24.72147678475066,0 89.1486963734616,24.72166567717995,0 89.1487743858444,24.72182484909768,0 89.14882323961442,24.72191098851297,0 89.14885198453207,24.72204219140131,0 89.14893926566731,24.72228896187305,0 89.14896832115272,24.72237667771712,0 89.14902571447256,24.72265263921405,0 89.14907414988816,24.72279751411664,0 89.14912237965969,24.72297119344384,0 89.14916070814665,24.72314594269336,0 89.14918915086693,24.72331950393275,0 89.14921758640882,24.72349419457315,0 89.14925509426141,24.72378415791242,0 89.14925406339032,24.72392873896007,0 89.14925312970577,24.72405976597613,0 89.14925147123179,24.72429245130891,0 89.14925023153501,24.72446640104084,0 89.14924878198887,24.72466971857307,0 89.14923723029622,24.72490234532727,0 89.14923557092104,24.72513503065252,0 89.14922381351181,24.72539646093503,0 89.14917247853833,24.72565822122987,0 89.14912114337744,24.72591998061072,0 89.14911323196117,24.72598883846895,0 89.14908970343052,24.72616660940636,0 89.14902847455495,24.72642831020067,0 89.14898724536943,24.72666019516647,0 89.14891539362974,24.72702406082978,0 89.14888332860144,24.72735822961909,0 89.14885158194097,24.72764778018833,0 89.1488200317186,24.72790965756126,0 89.14882795946289,24.72818532503667,0 89.14885567545275,24.72846111052638,0 89.14887400468768,24.72866567546613,0 89.14892192594898,24.72888284157978,0 89.14897974105055,24.72910006712056,0 89.14904723707657,24.72934728501536,0 89.14915411067355,24.7296224111253,0 89.14924119013115,24.72989854946314,0 89.14931827819993,24.73018818321943,0 89.14939535940729,24.73047894631586,0 89.14947223959213,24.73079794859069,0 89.14956839238508,24.73118935916098,0 89.14971411618413,24.73156694381561,0 89.14982088508741,24.73185731864004,0 89.14991827899151,24.73207477927949,0 89.15001587867903,24.73226343632371,0 89.15011358392881,24.7324374089397,0 89.15020170007936,24.73256840036783,0 89.15027471082057,24.73273657867487,0 89.15031867877352,24.73281478194124,0 89.15034764029659,24.7329160520955,0 89.15039587588272,24.73308973132619,0 89.15039514843676,24.7331919546438,0 89.15042359629085,24.73336551606353,0 89.15044203781009,24.73355483278217,0 89.15044059032996,24.73375815088914,0 89.15040977034901,24.73391780497045,0 89.15035894870171,24.73410727418818,0 89.15026845380343,24.73431006363103,0 89.1501684711414,24.73445575186144,0 89.15008848588332,24.73457219009337,0 89.15005094014766,24.73463409422141,0 89.14999839688554,24.73471793668694,0 89.14985883627858,24.73486339001944,0 89.14967980010498,24.73499448835296,0 89.1495207531371,24.73509746604179,0 89.14928256022311,24.73519884254361,0 89.14902509009464,24.73522837547461,0 89.14886677078518,24.7352291273481,0 89.14869887668561,24.73518520412909,0 89.14862012588779,24.73512825637887,0 89.14850263713608,24.7349535996537,0 89.14844450912069,24.73477986116227,0 89.14839575940478,24.73467847257022,0 89.14832805711109,24.73446005814435,0 89.14826961935437,24.73432980649707,0 89.14822169633503,24.73411263948361,0 89.14814420106818,24.73388004716425,0 89.1481053460023,24.7337787170125,0 89.14802712498636,24.73364778287497,0 89.14794868587187,24.7335473468063,0 89.14788995101239,24.73345888911793,0 89.14774246022328,24.73332923732908,0 89.14752592108812,24.73316980357762,0 89.14736791586064,24.7331270675984,0 89.14730112309756,24.73312779892903,0 89.1471898152783,24.73312713506871,0 89.14708096928311,24.733128180827,0 89.14695234362719,24.73312797883725,0 89.14671466477326,24.73315762488821,0 89.14650656814443,24.73320156764284,0 89.14640730409137,24.73324615953138,0 89.14625826834529,24.73333281355027,0 89.14607954114007,24.73342041980287,0 89.14598017614145,24.73347913061725,0 89.14582175915146,24.73349399920031,0 89.14571292003062,24.73349391366806,0 89.14550565544366,24.73342151142183,0 89.1453977553617,24.73329039941079,0 89.145198279421,24.73316664641016,0 89.14506278617007,24.73308902480145,0 89.14487583272548,24.73294388432353,0 89.14469845699195,24.73284285552293,0 89.14456055653719,24.73275618191553,0 89.14433370844027,24.73265542093351,0 89.14412655089254,24.73256833225332,0 89.14393907965916,24.73249548203393,0 89.14375159714712,24.73242432524633,0 89.14350465359081,24.732366367063,0 89.14327989116414,24.73231983755512,0 89.14315886468104,24.73229482674723,0 89.14287223665725,24.73225187952193,0 89.14250645333686,24.73220902247205,0 89.14237781999529,24.73220994592119,0 89.14224919079604,24.73221030409255,0 89.14203151220619,24.73221069364636,0 89.14178414767213,24.73221146920249,0 89.1415367831019,24.73221224435026,0 89.14138605121215,24.73219044236149,0 89.14124026681198,24.73216866973632,0 89.14108226864911,24.73212536172129,0 89.14085532193479,24.73203871443598,0 89.14061858382648,24.73193788844874,0 89.14021384923507,24.7318083774646,0 89.14015463302967,24.73178768935085,0 89.13992764258573,24.73170725289403,0 89.13976478453723,24.73165205345779,0 89.13967101666459,24.73162042536011,0 89.13933543963745,24.73150544790484,0 89.13915775746541,24.73144789923474,0 89.13886165850073,24.73134671331488,0 89.13860513637658,24.73124576459324,0 89.13826945868912,24.73114490387001,0 89.13787184367781,24.73105778885533,0 89.13774589364273,24.73102991982738,0 89.1373211735403,24.73092851963483,0 89.13719024802099,24.73090457393121,0 89.13677771233576,24.73082866213961,0 89.13630330318603,24.73075745777986,0 89.1357793203757,24.73070063830171,0 89.13549280541972,24.73064299206352,0 89.13535459936257,24.73059979750059,0 89.1351970267,24.73049831129016,0 89.13508923505677,24.73035420104287,0 89.13497188067541,24.73016428510174,0 89.13489377931474,24.73001922456648,0 89.13484493733438,24.72993251596466,0 89.13473693664447,24.72981720913642,0 89.13457936645757,24.72971572215187,0 89.134480736695,24.72967276560606,0 89.13437190123189,24.72967267159276,0 89.13424295980091,24.72971651088174,0 89.13410391116493,24.72978965763223,0 89.13397464895198,24.72987754827021,0 89.13387549465934,24.72990688234875,0 89.13381830239855,24.72994833034897,0 89.1336866602406,24.73002321647853,0 89.13352782332895,24.73009624270831,0 89.13341877493683,24.73012551602716,0 89.13321099368824,24.73012595208347,0 89.13297353200808,24.73012620720822,0 89.13280490281744,24.73018505381295,0 89.13272532610043,24.73024331015796,0 89.13259606657556,24.73033063452797,0 89.13246659835609,24.73044676254222,0 89.13232680437275,24.73062213113347,0 89.13225670511328,24.73073748927393,0 89.13221617768811,24.73086827597211,0 89.13218575684463,24.73096975520778,0 89.13218258601795,24.73140575874709,0 89.13218153083228,24.73155090516132,0 89.13218036827757,24.73171073514188,0 89.13217794104894,24.73204451528304,0 89.13221635439307,24.73220458565682,0 89.13224519076623,24.73232110904359,0 89.13230371654876,24.73243668192168,0 89.13240234373964,24.73248020495999,0 89.1327081206595,24.73261083235315,0 89.13279696461468,24.73263904587735,0 89.13286570173304,24.73271119168878,0 89.13291390716624,24.73288544159495,0 89.13284379995164,24.73300192945024,0 89.13278358244287,24.73311904205585,0 89.13272337744675,24.73323446093811,0 89.1325935888389,24.73339407653887,0 89.13254347862704,24.73348188067198,0 89.13243347867206,24.733641615384,0 89.1323035787355,24.73381647949914,0 89.13226325913466,24.73391846339115,0 89.1322131527145,24.73400570317021,0 89.13215294160983,24.73412168615639,0 89.13212167043281,24.73434007318458,0 89.13211987530956,24.73458687772931,0 89.13213818864773,24.73478975088387,0 89.13213702635723,24.73494958170817,0 89.1321759746065,24.73503623240083,0 89.13218491606384,24.73516731910571,0 89.13218396334925,24.73529834617333,0 89.13218312120101,24.73541412452076,0 89.13220640672154,24.73561363914158,0 89.1321811084848,24.73569086311075,0 89.13218015580651,24.73582189017037,0 89.13217783573792,24.73614098659979,0 89.13217657048165,24.73631493578577,0 89.13218541322622,24.73645957748912,0 89.13218467008613,24.7365618016975,0 89.13218372070313,24.73669226448982,0 89.13218287542513,24.73680860707124,0 89.13218213131573,24.73691083128952,0 89.13213170700131,24.737041558394,0 89.13213086492324,24.73715733672017,0 89.13208969800513,24.73737566319833,0 89.13201916883088,24.73754975740265,0 89.13200832074619,24.73768072482526,0 89.13195779384723,24.73782557117005,0 89.13187747523308,24.73798492125854,0 89.1317673593297,24.7381599053492,0 89.13171993720631,24.73821779152309,0 89.13163756060882,24.73832008471804,0 89.13152776428596,24.73845101620595,0 89.13131869854165,24.73862596404921,0 89.13114995403011,24.73869892794713,0 89.13102110763172,24.73872807977475,0 89.1308627842003,24.73872881198927,0 89.13072446372432,24.73870029724426,0 89.13051751455929,24.738584385165,0 89.13032088518068,24.73841036251318,0 89.13026215224224,24.73832302670037,0 89.13011605385159,24.73800415688254,0 89.1300680564208,24.73780166834871,0 89.13006933609435,24.73762602351678,0 89.13004081017296,24.73746714181551,0 89.13004218908937,24.7372779437408,0 89.13004314488757,24.73714691655281,0 89.12999461206319,24.73701784759692,0 89.12994641277402,24.73684303150317,0 89.1298285174658,24.73672766062705,0 89.12971020133072,24.73666989720801,0 89.12946347013835,24.73658254704974,0 89.12924641798548,24.73649594109886,0 89.12903893931417,24.73645344807672,0 89.12893010282853,24.73645278532128,0 89.12870220065166,24.73649714687291,0 89.12853356812727,24.73655485810519,0 89.12837471553571,24.73662844384031,0 89.12822607849446,24.73665803766719,0 89.12802775501849,24.73671669721508,0 89.12786923186005,24.73674510045677,0 89.12764111389946,24.73681882762424,0 89.12743310704126,24.73684862357398,0 89.12731415150763,24.73687839635643,0 89.12714625851102,24.73683501286168,0 89.12711753011875,24.73670436896714,0 89.12711827319444,24.73660271058078,0 89.12714923265209,24.73642837658551,0 89.12715019155179,24.7362973491987,0 89.12721094076606,24.73610851329755,0 89.12731074204751,24.73599164414659,0 89.12742000782359,24.73593357194762,0 89.1275488472599,24.7359049876284,0 89.12768758514684,24.73587589976411,0 89.12783601096858,24.73587511032799,0 89.12802401809446,24.73587399700623,0 89.12820222606619,24.73585983367339,0 89.12836065289474,24.7358444200375,0 89.12849917589909,24.73584469860005,0 89.12862781307405,24.73584378772952,0 89.1288358188478,24.73581399023412,0 89.12894497695436,24.73577060145258,0 89.12907382843657,24.73574032214801,0 89.12916371647529,24.73562565003168,0 89.12924394236508,24.73547929109708,0 89.12927426300054,24.7353919324985,0 89.12932458317462,24.73527589064458,0 89.12932563812586,24.73513130834641,0 89.12929701895224,24.73498541713116,0 89.12916902072482,24.73489878862543,0 89.12902060040506,24.7348990150359,0 89.12886229008419,24.73489861537079,0 89.12875322778156,24.73492901507024,0 89.12857501380444,24.73494430929502,0 89.12838681043561,24.73497253240406,0 89.12822817431127,24.73501674979739,0 89.12793090381287,24.73507593587365,0 89.12777237422551,24.73510546832021,0 89.12750447165975,24.73520775739582,0 89.12724667447354,24.73528130305369,0 89.12711762069378,24.73533925516265,0 89.12697856879853,24.73541126471681,0 89.1268791890264,24.73547052690725,0 89.12678981885571,24.73551403599969,0 89.12664117837906,24.73554419246278,0 89.12647264651044,24.73558834718228,0 89.12634455082919,24.73551527123074,0 89.12626582371762,24.735456616414,0 89.12617979972578,24.73538097270485,0 89.12611835408971,24.73532694196476,0 89.12598089030782,24.73518207862732,0 89.12582630674139,24.73501056553046,0 89.12579442327555,24.73497309392112,0 89.12572575214323,24.73489247343365,0 89.12560829295212,24.73471836260192,0 89.12554956511914,24.73463102546542,0 89.12550083544345,24.73452962903685,0 89.12540327241965,24.73434095455324,0 89.12531602606887,24.73409473509018,0 89.12527793991767,24.73389117496668,0 89.12527868140204,24.73379008071009,0 89.12528018034753,24.7335856333242,0 89.12528155843403,24.73339756416248,0 89.12528294078415,24.73320893072706,0 89.12529390315402,24.73306328057205,0 89.12534422538116,24.73294723985071,0 89.12542380846473,24.73288898708586,0 89.12556286615066,24.73281584875101,0 89.12572159938499,24.73275808013527,0 89.12584012856225,24.73278591473754,0 89.12591864795561,24.73287280858051,0 89.12610526441892,24.73306089652067,0 89.12621314316608,24.73319202293814,0 89.12631113554788,24.73332195980149,0 89.12638944476669,24.73343765718112,0 89.12643817040345,24.73353961758371,0 89.12653594079958,24.73370005268976,0 89.12659404486264,24.73387267057837,0 89.12671138899938,24.73406259364705,0 89.12679948947691,24.73419247008054,0 89.12699135763775,24.7343393581263,0 89.12712495265323,24.7343367849384,0 89.1272143303383,24.73429214626358,0 89.12729390383221,24.73423502197014,0 89.12737348671065,24.73417676908704,0 89.12743349084452,24.73408959155418,0 89.12751328315655,24.73400253480436,0 89.1275633981918,24.7339147311917,0 89.12766308219476,24.7338136758402,0 89.12777256395121,24.73372567026784,0 89.12785214626524,24.73366741626098,0 89.12799077375971,24.73365301187483,0 89.1281191982718,24.73368090540093,0 89.1283068753982,24.73372440878443,0 89.12840561446794,24.73375268480716,0 89.12853402225862,24.7337828368436,0 89.12866266152302,24.73378136091451,0 89.12883087298414,24.73378069131,0 89.12897950225222,24.73375166228303,0 89.12911834827963,24.73370732362199,0 89.12924750284883,24.73363525063482,0 89.12932708336955,24.73357699590769,0 89.12935740457918,24.73348963729257,0 89.12941856867927,24.73324319317659,0 89.12941952445402,24.73311216589909,0 89.12937079243038,24.73301077088183,0 89.1293220637145,24.73290881068517,0 89.12924343957249,24.73283603809287,0 89.12915480634352,24.73277901952213,0 89.12903660630276,24.73270600560694,0 89.12877040940599,24.73257561176822,0 89.12848441235826,24.73244679043757,0 89.12817864477974,24.73231558890897,0 89.12802075121712,24.73225871173491,0 89.12781360587474,24.73217159964763,0 89.1276559306951,24.73208478971964,0 89.12746931362915,24.73189670374771,0 89.12739111572704,24.73176575905475,0 89.12726365149832,24.73160683821765,0 89.12713640678633,24.73141798487848,0 89.12700958819872,24.7311709594658,0 89.12696096172509,24.7310554441335,0 89.1268827616816,24.73092506334554,0 89.12680487965467,24.73075119597384,0 89.12677583893266,24.73066347497561,0 89.12676732124251,24.73047534586815,0 89.12680753655634,24.73038804769751,0 89.12691744296168,24.73024187181854,0 89.12719618595835,24.73000861696339,0 89.12735513074627,24.72992147877105,0 89.12756344382038,24.72984819625655,0 89.12767270430567,24.72979012329526,0 89.12774249223699,24.72971769021472,0 89.1277728128731,24.72963033188108,0 89.12780398007961,24.72942719486577,0 89.12780557388655,24.72920919347514,0 89.1278069518833,24.72902055928893,0 89.12780801759213,24.72887484823645,0 89.12779907324932,24.7287448911722,0 89.12780034862362,24.7285703772,0 89.12777204989364,24.72838099794365,0 89.12777332110754,24.72820704823072,0 89.12772491018909,24.72806216497089,0 89.12762745673561,24.72785880897923,0 89.12752979715886,24.72768369156373,0 89.12744180385435,24.7275396967733,0 89.12734381862479,24.72740919607546,0 89.12724529985972,24.72735155086521,0 89.12708721075298,24.72732234572355,0 89.12694837078129,24.72736668301101,0 89.12683890108329,24.72745355828751,0 89.12673889137767,24.72759979402172,0 89.12665910322607,24.72768685107825,0 89.1265790945789,24.72780383960025,0 89.1264990952579,24.7279196995347,0 89.12641930996534,24.72800619042437,0 89.12632951534036,24.72810843516677,0 89.1262200445674,24.72819531005555,0 89.12612056274038,24.72826925594138,0 89.12598140736219,24.72835651380921,0 89.12588193371752,24.72842932920872,0 89.12579235366466,24.72850220554446,0 89.12567298421726,24.72858958425499,0 89.12548392979805,24.72873527564456,0 89.12539445650387,24.72879346816118,0 89.12523551254085,24.72888060426656,0 89.12507666810724,24.72895418603492,0 89.12496762244699,24.72898288809871,0 89.12478930879806,24.72901286180703,0 89.12453163889766,24.72907058812371,0 89.12442279165222,24.72907218144663,0 89.12433342589394,24.7291156888441,0 89.12421469331619,24.72911609148752,0 89.12405628356504,24.72913037075544,0 89.12392766145416,24.72913014869807,0 89.12378913381013,24.72913155910591,0 89.12361103535716,24.72913216238327,0 89.1235022049794,24.72913149615525,0 89.12329463684955,24.72910311353742,0 89.12318590642893,24.72908889198057,0 89.12307728351188,24.72905998671835,0 89.12290004054917,24.72894424681335,0 89.12280227461675,24.72878437475188,0 89.12274440739378,24.7285806928864,0 89.12274535354294,24.72845192489818,0 89.12274653275151,24.72829153074967,0 89.12280707307757,24.72813149927589,0 89.12286718648758,24.72802963984596,0 89.12289782956029,24.72789879474945,0 89.12296794395769,24.72778231194788,0 89.12299869112094,24.7276373474666,0 89.12302954671827,24.72747769933926,0 89.1230308289017,24.72730318583655,0 89.12293263648493,24.72720148492953,0 89.12271496724468,24.72720184488278,0 89.12251686484153,24.72723225850634,0 89.12234845493705,24.72726115915585,0 89.12219971936484,24.72730543092135,0 89.12211046252639,24.72733425241797,0 89.12188257870133,24.72737803750174,0 89.12176384859831,24.72737843807838,0 89.12166533312572,24.72732078900966,0 89.12163672105385,24.72717546064256,0 89.12162757555684,24.72707374149307,0 89.12162949592908,24.72681281699435,0 89.12163035173619,24.7266964745756,0 89.12163109987405,24.72659481579475,0 89.12163184900547,24.72649315699872,0 89.12171260885854,24.72627451207904,0 89.12176272024261,24.72618727634755,0 89.12192230294963,24.72601316884407,0 89.1220616742506,24.72589654743139,0 89.1221711462736,24.72580967549795,0 89.12230030832637,24.72573591502237,0 89.12254861813783,24.72560471079359,0 89.12275703087009,24.72551731585542,0 89.12286619023429,24.72547280157818,0 89.12298523449478,24.72542947786734,0 89.12314407176758,24.72535646277326,0 89.1232830102073,24.72529857577643,0 89.12357057597198,24.72521053524791,0 89.12375856228482,24.72520999263785,0 89.12389707284153,24.72521027626314,0 89.12404516213627,24.7252535423329,0 89.12415378609396,24.72528188284346,0 89.12428166992292,24.72538206993836,0 89.1243798575662,24.72548433427665,0 89.12443857555378,24.72557223658457,0 89.12447729949102,24.72568825719052,0 89.12450580699834,24.72584826846339,0 89.12450411238162,24.72607925929752,0 89.12450262173014,24.72628257747427,0 89.12450059145361,24.72655931468607,0 89.12446985045759,24.72670371418761,0 89.1244580339372,24.72696570758297,0 89.12443707484228,24.72712541605931,0 89.12443611336501,24.72725644284763,0 89.12447420049332,24.72745943839386,0 89.1245322854258,24.72763375041236,0 89.12458100696649,24.7277357126487,0 89.12465941376793,24.72783729020507,0 89.12483676906496,24.72793778014194,0 89.12491645567961,24.72786484330654,0 89.12494688625675,24.72776280179472,0 89.12497752707462,24.72763195641893,0 89.12502795607978,24.72750123222518,0 89.12508838062446,24.72735644883528,0 89.1251092358802,24.72721085966914,0 89.12514987402039,24.72706595505691,0 89.12517062192522,24.72693504949858,0 89.12517168141976,24.72679046767845,0 89.12517264216112,24.72665944092987,0 89.12517392141839,24.72648492668996,0 89.12515498264192,24.7263690284475,0 89.12515605167096,24.72622331715978,0 89.12510849728994,24.72596209053136,0 89.12507998799435,24.725802079443,0 89.1250415745624,24.72564370186919,0 89.12502274760244,24.72551255388883,0 89.1249648787732,24.72530887293961,0 89.12491668280202,24.72513518636169,0 89.12486839239132,24.72497448875898,0 89.12481965917799,24.72487422204297,0 89.12477147209061,24.72469940503858,0 89.12474243027772,24.72461224856277,0 89.12471381032489,24.72446748611981,0 89.12471455608571,24.7243658274646,0 89.12471530185195,24.72426416880819,0 89.12470647299772,24.72411896245212,0 89.12474700682662,24.72398817729515,0 89.12473786349037,24.72388589327664,0 89.12478988939003,24.72353716825758,0 89.12484094947155,24.7233200343196,0 89.12484191082594,24.7231890074952,0 89.12483350804656,24.72298562999435,0 89.12485457367627,24.72281123693552,0 89.12488500340646,24.72270919545147,0 89.12490553885809,24.72260709289282,0 89.12504553340825,24.72240462259725,0 89.12518500083922,24.72227387843839,0 89.12526457661886,24.72221562614629,0 89.125344151335,24.72215737383049,0 89.12552319940252,24.72202574147219,0 89.12566235267334,24.72193791924061,0 89.12572235187871,24.72185074258935,0 89.12577267327767,24.72173413763628,0 89.12585256684442,24.72163239847188,0 89.12585341057827,24.72151718476078,0 89.12590383570297,24.72138646041422,0 89.12594436662415,24.72125567594911,0 89.12596533185642,24.72109483699557,0 89.12596682075993,24.72089151973983,0 89.12594820090513,24.72073213400671,0 89.12589947627113,24.72063073810728,0 89.1257426698844,24.72042758360225,0 89.1255658633892,24.7202536749349,0 89.12545809212781,24.72010955894043,0 89.12539044758374,24.7198900046844,0 89.12539161047964,24.71973130430572,0 89.12542203073291,24.71963039219681,0 89.1254739531076,24.71929522121258,0 89.12548533500275,24.71909196494364,0 89.125565975939,24.71888800215804,0 89.12569628729,24.71865610320168,0 89.12577617815323,24.71855436327863,0 89.12590564488582,24.71843767702925,0 89.12598521701258,24.71837942452727,0 89.12610447207814,24.71830616460409,0 89.12622319325973,24.71830576026385,0 89.12631159164134,24.71839327903774,0 89.12638010139379,24.71849479598482,0 89.1264090396042,24.71859607067471,0 89.12645765653544,24.71871215007838,0 89.12656510088296,24.71890088322733,0 89.12671233163695,24.71906048937229,0 89.12677116440457,24.71913257785609,0 89.12705711887367,24.71926253158596,0 89.12720551978191,24.71926230748002,0 89.12731434460196,24.71926240643588,0 89.12744296802909,24.7192609316667,0 89.12771029844079,24.71923206289365,0 89.12788869912248,24.71918796733287,0 89.12797795389534,24.71915857765834,0 89.12815614464375,24.71914328473389,0 89.12834400916005,24.71915798396961,0 89.12841273159459,24.71923069688655,0 89.12845124706085,24.71937551937775,0 89.12849869878721,24.71965142844595,0 89.1285075355148,24.71979606921207,0 89.1284666817147,24.71997147197989,0 89.12847551845788,24.72011611274312,0 89.12845456598906,24.72027582238363,0 89.12840329503227,24.72052289040766,0 89.12839233820385,24.72066854067142,0 89.12834159842943,24.72084275312443,0 89.12831117289741,24.72094479509996,0 89.12822980088293,24.72124928907988,0 89.12816968836837,24.72135228055093,0 89.12808991335432,24.72143820775774,0 89.12805948651889,24.72154024971221,0 89.12794927689956,24.72172934914053,0 89.12784938058334,24.72186090260996,0 89.12775928293351,24.72200550591438,0 89.12762959964154,24.7221515619712,0 89.12747033924009,24.72228331765488,0 89.1273906617302,24.72235568948539,0 89.12723151731917,24.7224716318835,0 89.12709248121141,24.72254364156649,0 89.12704215658916,24.72266081206264,0 89.12703151938736,24.72276241058241,0 89.12703066834304,24.7228787527495,0 89.12705928198189,24.72302464496711,0 89.12710790904576,24.7231395954142,0 89.12716609986708,24.72329978702911,0 89.12721492953358,24.72338706391116,0 89.12749015064463,24.72363329906683,0 89.1276187753171,24.72363238900334,0 89.12783675540713,24.72358853489507,0 89.12794579983844,24.72355926500946,0 89.12817367816092,24.72351490611966,0 89.12834240612845,24.72344138066729,0 89.12845176352801,24.72336918906815,0 89.12855122328067,24.72329750082641,0 89.12869048663434,24.72319442707731,0 89.128819852256,24.72309185665889,0 89.12897878214459,24.72300528161972,0 89.12908803939021,24.72294664286558,0 89.12921739598734,24.72284520248326,0 89.12934686437742,24.72272851322547,0 89.12946664864994,24.72258296017567,0 89.12959643262074,24.72242278333016,0 89.12970632412808,24.72227717023398,0 89.12980621024636,24.72214674508288,0 89.12992642558511,24.72194189038566,0 89.12997715921787,24.7217682427098,0 89.1300577939892,24.72156427704855,0 89.13010895095438,24.72133245744106,0 89.13014032157382,24.72110051723203,0 89.13017243787192,24.72076635432069,0 89.13016508861458,24.72041726572304,0 89.13013805175962,24.72005450325891,0 89.13010091713052,24.71971991864972,0 89.13004377071648,24.7194162760816,0 89.12996696240576,24.71909557035244,0 89.12989960576951,24.71883535523928,0 89.12985173181202,24.71861705353056,0 89.12980395962001,24.71838463247741,0 89.12975618439758,24.71815277564569,0 89.12970862298909,24.71789155158638,0 89.1296609507823,24.71764557535724,0 89.12966244154067,24.71744112895746,0 89.12967381665902,24.71723787189043,0 89.12970466014629,24.71707822295588,0 89.12978475703002,24.71694767822232,0 89.12988485704747,24.71678732085783,0 89.1299947427739,24.71664170691588,0 89.13010462727888,24.71649609382452,0 89.13024408714263,24.7163647795854,0 89.13037332861552,24.71627802225274,0 89.13050247162052,24.71620481897287,0 89.13063172117727,24.71611693199785,0 89.13079022089183,24.71608796150224,0 89.13100819495851,24.71604297245324,0 89.13113711883379,24.7159997019336,0 89.13129636237367,24.71586850733166,0 89.13137645585029,24.71573796100335,0 89.1314268722179,24.71560723526384,0 89.13141793361942,24.71547614806195,0 89.13140887903859,24.71536087570503,0 89.13140973072726,24.71524396851063,0 89.13131174605364,24.71511403503873,0 89.13121345010377,24.7150270246246,0 89.13113483705976,24.71495425398561,0 89.13104621963366,24.71489667135688,0 89.13092792873515,24.71483834402343,0 89.13071080905523,24.71476642467922,0 89.13053325798519,24.71469474715462,0 89.13037592541652,24.71456388773692,0 89.13031719559341,24.71447768219626,0 89.1302487920222,24.71436148346644,0 89.13019049144074,24.71421654162895,0 89.13012283334932,24.71399811914902,0 89.13012357857448,24.71389589637935,0 89.13012494437693,24.71370839333489,0 89.13015621909254,24.71348944293832,0 89.13002265086601,24.71349145486867,0 89.1299187812053,24.71349082322917,0 89.12976049488188,24.71349098965135,0 89.12960209747581,24.713506404684,0 89.12948338530947,24.71350624712457,0 89.12924563931639,24.71354998436633,0 89.12913671168613,24.71356457010133,0 89.12900799481098,24.71357960101371,0 89.12886949006008,24.71358045157829,0 89.12871120776838,24.7135800526299,0 89.12860249070786,24.71356583501336,0 89.1284543064256,24.71353725799347,0 89.12829612367216,24.71352330351414,0 89.12812794467037,24.71352340820779,0 89.12800922393261,24.71352437892429,0 89.12785062048425,24.71356803081859,0 89.12771211466404,24.71356888032711,0 89.12747426384456,24.71362673326979,0 89.12736522125873,24.7136571316883,0 89.12713704733449,24.71374441234635,0 89.12688887466635,24.71386093971736,0 89.12677962808613,24.71391901129642,0 89.12658123903687,24.7139917878345,0 89.12654092070623,24.71409376940453,0 89.12655007361136,24.71419492392878,0 89.12656879228103,24.71434075463145,0 89.12659762222719,24.7144567139193,0 89.12661655639077,24.71457317734104,0 89.12663538664937,24.71470375922201,0 89.1266637955258,24.71487732445178,0 89.12669241038775,24.71502265186322,0 89.12671070823114,24.7152260893822,0 89.12670869148852,24.71550169628933,0 89.12667794728516,24.71564722551728,0 89.12667656706266,24.71583585829162,0 89.12667571197468,24.71595276573455,0 89.12668348507833,24.71624255297523,0 89.12665199281768,24.71649030511155,0 89.12661135987554,24.7166352090569,0 89.12658040951634,24.71680897697278,0 89.12652009054663,24.71694020560049,0 89.12639020036198,24.71711506429707,0 89.12625063240475,24.71726049371555,0 89.1260916998871,24.7173481949878,0 89.12593287537534,24.71742121246665,0 89.12580373665847,24.717493282618,0 89.12568479644332,24.71752361901419,0 89.12550639710074,24.71756771185258,0 89.1254072508895,24.71759703983384,0 89.12521927622741,24.71759758554905,0 89.12503109530893,24.71762636794411,0 89.12477386839183,24.7176270541217,0 89.12447707103641,24.71762749709567,0 89.1241403746499,24.71767231364666,0 89.12387325889026,24.71767237194935,0 89.12360581533056,24.71771704769166,0 89.12324944105846,24.71774705712782,0 89.12290285606494,24.71779124544303,0 89.1225269118016,24.71779176338778,0 89.12206170872564,24.71782223178437,0 89.12168555199951,24.71785155157915,0 89.12132885742726,24.71792504320354,0 89.12100195214849,24.71798346838879,0 89.12069493587916,24.71802789446222,0 89.12029877207033,24.71808702146777,0 89.11997174595002,24.718161821836,0 89.11976366441408,24.71820572552922,0 89.11949612245422,24.71826338225366,0 89.11921835895322,24.71836559502725,0 89.11891069475213,24.71849755624726,0 89.11868229340983,24.71861362714167,0 89.11844410249078,24.71871551677891,0 89.11820601699979,24.71880328662904,0 89.11795814108144,24.71887687606869,0 89.11774984533135,24.71894958017758,0 89.11749207680525,24.71902310819387,0 89.11728378048001,24.71909581078543,0 89.11701622659055,24.71915459272755,0 89.11682813380099,24.71917094027966,0 89.11654101538731,24.7191996664586,0 89.11633293153885,24.71924356466149,0 89.11604569580712,24.71928810305087,0 89.11590708384112,24.71930249630769,0 89.11576824870924,24.71934682112776,0 89.11560909281268,24.71946331504579,0 89.11553919419133,24.71955042634897,0 89.11552822128922,24.71969607579968,0 89.1155273678808,24.71981128831023,0 89.1155265016296,24.71992819544366,0 89.11547606582245,24.72005891610619,0 89.11543584507822,24.7201462107517,0 89.11536605114723,24.720219202564,0 89.11527626058943,24.72032031065937,0 89.11511720821345,24.72042268471656,0 89.11499816634172,24.72046600205169,0 89.1148787935618,24.72055393648498,0 89.11476953508534,24.7206119991223,0 89.11467027916413,24.72065543884184,0 89.1145313334917,24.72071444724126,0 89.11427410395859,24.72071454882698,0 89.11408612439786,24.72071507907255,0 89.11384877784521,24.72070231354979,0 89.11362155795534,24.72065798138379,0 89.11332474925069,24.72065896609358,0 89.11320623907719,24.72063055630261,0 89.11296944594534,24.72054323954041,0 89.1128611487096,24.72047196782597,0 89.1127335100344,24.7203407088067,0 89.11263565542956,24.72019551414,0 89.11260672867814,24.72009423607396,0 89.11260748887182,24.71999201339542,0 89.11243253298753,24.71957184937562,0 89.11229413337021,24.71955743527259,0 89.11217562972681,24.71952846028919,0 89.11206679949578,24.71952891462641,0 89.11189893191178,24.71948607808597,0 89.1116222385254,24.71944312927973,0 89.1115135182493,24.71942889947196,0 89.11124639027622,24.71943006403618,0 89.11105808970335,24.71947407726322,0 89.11089958478279,24.71950246137369,0 89.11075085521831,24.71954672053876,0 89.11043404776434,24.71957637937974,0 89.11032522699105,24.71957570298957,0 89.11006831554366,24.71953343969345,0 89.10997948618065,24.71950521166216,0 89.10969333429071,24.71940402736448,0 89.10956536813021,24.71931738172702,0 89.10946741308749,24.71918630413832,0 89.10944914404463,24.71898286455281,0 89.10946990791973,24.71885196093062,0 89.10948055512682,24.71875092875598,0 89.10951088580509,24.71866357424041,0 89.10953164960375,24.71853267151486,0 89.10959209344786,24.71838733083411,0 89.10962709659289,24.71833671717604,0 89.10966210930906,24.71828497314272,0 89.10975152322209,24.71823469883223,0 89.10981180679053,24.71811081852183,0 89.10994117471834,24.7180093958288,0 89.11004053961854,24.71795127552096,0 89.11017958955551,24.71787815186755,0 89.11043746917693,24.71778995347292,0 89.11059608113494,24.71774688534679,0 89.1107049142218,24.71774586790628,0 89.11085841505448,24.71772479545307,0 89.11091519289864,24.71773926781052,0 89.11096469859123,24.71773392803918,0 89.11110083679434,24.71771952459766,0 89.11119245400204,24.71770540847565,0 89.11131873268005,24.71768642593371,0 89.1115464964904,24.7176567763918,0 89.11188308778682,24.7176266734128,0 89.1120415943513,24.71759772325216,0 89.11228914686527,24.71756763136194,0 89.11257626552158,24.71753834926368,0 89.11271476837953,24.71753864379783,0 89.11310061242978,24.7175370830035,0 89.11320943655889,24.71753719230523,0 89.11384228799056,24.71757895528546,0 89.11396089967346,24.71759324533129,0 89.1143069515381,24.71762136936175,0 89.11448481865942,24.71764958051741,0 89.11468267688942,24.71765024042734,0 89.11493990004567,24.71765013765904,0 89.11517734595516,24.71764878239608,0 89.11543477840146,24.71762043991236,0 89.11567233693347,24.71760383589816,0 89.11581106077936,24.71757419409294,0 89.1160982841738,24.71753078585046,0 89.11631637514084,24.71747113578428,0 89.11654434588351,24.71741323989832,0 89.11676242782303,24.71735471865846,0 89.11694083078783,24.71731063604336,0 89.11723838321113,24.71720798559059,0 89.11746646646465,24.71713484038797,0 89.1176549738019,24.71706201456529,0 89.11782348313413,24.71701787025541,0 89.11794252065927,24.71697455094217,0 89.11816082260681,24.71688609430474,0 89.11828986081629,24.71682815080623,0 89.11852805168583,24.71672569646157,0 89.11861730214284,24.71669687751339,0 89.11871666153907,24.71663875087947,0 89.11890538445061,24.71653655621097,0 89.11903484760813,24.71642100592904,0 89.11925400645157,24.71621620511074,0 89.11946337132585,24.7159977892117,0 89.11955304974491,24.7159107975137,0 89.11968262819207,24.71577943362717,0 89.11981220209357,24.71564863391693,0 89.11990220065803,24.7155181552836,0 89.1200320989048,24.71534330258153,0 89.12013231454301,24.71516883335358,0 89.12020296086229,24.71497949698703,0 89.12025306845773,24.71489226188499,0 89.12031509959785,24.71452948040979,0 89.12034639276436,24.71431053270663,0 89.12034810322717,24.71407841256126,0 89.12034927308123,24.71391971258408,0 89.12029194981137,24.71364374065646,0 89.12017420294998,24.71351254937124,0 89.12006559110684,24.71348420607654,0 89.11990804572864,24.71338383251116,0 89.119759981469,24.71333943269114,0 89.11967147895314,24.71326715920453,0 89.11960276584014,24.7131944425522,0 89.11955427095364,24.71306311230948,0 89.11954554514284,24.71290491593652,0 89.11954640284672,24.71278857321925,0 89.11955726207138,24.71265760829875,0 89.11957780095693,24.7125555070644,0 89.1195884463587,24.71245334435246,0 89.1196192946655,24.71229482694999,0 89.11965026604564,24.71211936699685,0 89.11968090999154,24.71198852323817,0 89.11975175883393,24.71177151344626,0 89.11975262069983,24.71165460645229,0 89.11974357836462,24.71153933258112,0 89.11974443270299,24.71142355501706,0 89.1197451941369,24.71132020316657,0 89.11969722503545,24.71111771156024,0 89.11961926253171,24.7109579597559,0 89.11954097509623,24.71084225985782,0 89.11943258186774,24.71078454856356,0 89.11928440853887,24.71075539690138,0 89.11916579460504,24.71074224101425,0 89.11904719679229,24.7107268261493,0 89.11876998422981,24.7107567462516,0 89.11867084135245,24.71078606954442,0 89.11856201914514,24.71078652899135,0 89.11844352194936,24.71075755939076,0 89.11832480840017,24.71075795707493,0 89.11820630271851,24.71073011672976,0 89.11806803050514,24.71069989417788,0 89.11792964058792,24.7106854864556,0 89.11778124153381,24.71068683012876,0 89.117544031059,24.71065825695157,0 89.11738574494115,24.71065897430916,0 89.11711875352769,24.71064433674248,0 89.11688154221349,24.71061576251497,0 89.11673336518899,24.71058717255021,0 89.11660476364364,24.71058694289917,0 89.11617958612865,24.71055946574437,0 89.11599162402268,24.71055999823428,0 89.11578419845983,24.71051692193716,0 89.11565559264251,24.71051725664295,0 89.11526020945816,24.71047414625589,0 89.11484450208413,24.7105037673077,0 89.11464599384678,24.71059234133315,0 89.11443738325826,24.71070909217788,0 89.11432803369399,24.71078070825799,0 89.11424812986833,24.71088357100116,0 89.11411812383245,24.71107253664499,0 89.11406758493612,24.71121737538083,0 89.11398725343311,24.71137784436208,0 89.11397649274811,24.71149468983594,0 89.11389616857836,24.71165402934571,0 89.11383617463439,24.71174007122904,0 89.11371659564159,24.71185680749968,0 89.11367665340838,24.71190682626204,0 89.1135945134827,24.7119774815164,0 89.11349743941031,24.71206103433274,0 89.11341786140059,24.71211984462972,0 89.1133282853804,24.71219271244828,0 89.11322849044259,24.71230957128811,0 89.11322773889812,24.71241066457922,0 89.1132467723514,24.71251188078502,0 89.11324547597073,24.71268639451154,0 89.11324461139137,24.71280273669772,0 89.11321374290955,24.71296294703821,0 89.11316298908547,24.71313658872931,0 89.11316201998034,24.7132670503631,0 89.11312093571448,24.71347068659294,0 89.11304049096725,24.71364583895127,0 89.11286048102711,24.71390678696526,0 89.11274089915105,24.71402352262523,0 89.112621530428,24.71411145502572,0 89.11243281052988,24.71421307671872,0 89.11229430802967,24.71421334684083,0 89.11209752312384,24.71406923259752,0 89.11195978183845,24.71396727961451,0 89.11175343621527,24.71377848650125,0 89.11168483274196,24.7136916464613,0 89.11157730285936,24.71351815142005,0 89.11149956858485,24.71332902734743,0 89.11153097328639,24.71309709223681,0 89.11159088203112,24.71302291169808,0 89.11172056268011,24.71287856428236,0 89.1118003522917,24.71279151677659,0 89.11195993548264,24.7126168564799,0 89.1121293061194,24.71245637657744,0 89.11222899765689,24.71235363785245,0 89.11230953888339,24.71216549677841,0 89.11231115999115,24.71194749602701,0 89.11224363304292,24.71171607680044,0 89.1120563190228,24.71162906542444,0 89.11187857413965,24.71158560184378,0 89.11169093363493,24.71154264209362,0 89.11146361554664,24.71151412041063,0 89.11134000909706,24.71150713927442,0 89.11121640266842,24.71150015893788,0 89.11108779119786,24.71150105406712,0 89.11070197495165,24.71150147987437,0 89.11030583200056,24.71156001422334,0 89.11011754363598,24.71160402643149,0 89.10998872225753,24.71163315867032,0 89.10983011430726,24.71167679084678,0 89.10971128911943,24.71169186553277,0 89.10940427658707,24.71173739715547,0 89.10911706595321,24.71178079182363,0 89.10858165890394,24.71194181155636,0 89.10850186642166,24.71202885748481,0 89.10844196481558,24.71210190743457,0 89.10841152857067,24.71220338034356,0 89.10833141207016,24.71233391410297,0 89.10828075222818,24.7124939993811,0 89.10822063919515,24.71259528734145,0 89.10821944084695,24.71275568200683,0 89.10816889443511,24.71290051922446,0 89.10816802081571,24.71301742596905,0 89.10811758029953,24.71314814367786,0 89.10807583812165,24.71343875310604,0 89.10804540564904,24.71353966078717,0 89.10800507190189,24.7136416374745,0 89.10797409043526,24.71381596577579,0 89.10791331827032,24.71400535804549,0 89.10783276063174,24.71419462668774,0 89.10774242814897,24.71436801982282,0 89.10764240628465,24.7145142429102,0 89.10743388721262,24.71461686353052,0 89.1073453965837,24.7145440180568,0 89.10730658638418,24.71444211287582,0 89.10721939626418,24.71419531829038,0 89.10718134362087,24.71399231947802,0 89.10715286197494,24.7138323048164,0 89.10715405294063,24.71367303954334,0 89.10715567953534,24.71345560435491,0 89.10711730649186,24.71329552734463,0 89.10642751452082,24.71293426971009,0 89.1063077112353,24.71307980296947,0 89.1062477102335,24.71316584220738,0 89.10615757997689,24.71331212584162,0 89.10607756133432,24.71342910245841,0 89.10599733964844,24.71357318859514,0 89.10592743358595,24.71366085996763,0 89.10588709801959,24.71376283529847,0 89.10583687842529,24.71386361967873,0 89.10577696572037,24.71393779816377,0 89.10567728036898,24.71403883838022,0 89.10557802150305,24.71408283625131,0 89.1054688665722,24.71412733771512,0 89.10537961089211,24.71415671318338,0 89.10528046586077,24.71418546281575,0 89.10515174677671,24.71420047162324,0 89.10494366683345,24.71424435373518,0 89.10470558804435,24.71433097097295,0 89.10461599637637,24.71440496346323,0 89.10458533700317,24.714535804277,0 89.10458414616957,24.71469450366325,0 89.10458316289436,24.71482553010391,0 89.10458196441407,24.71498535982888,0 89.10460043967223,24.71515999648715,0 89.10462892287252,24.71531944752838,0 89.10465751492413,24.7154642138876,0 89.104695996489,24.71560960695412,0 89.10470501260319,24.71572657631263,0 89.10473672628829,24.71578494859513,0 89.10479253273724,24.71592875515757,0 89.10479144437178,24.71607390106728,0 89.10484938082159,24.71626347031342,0 89.10484862273078,24.71636456396596,0 89.10491526205573,24.71671289402603,0 89.10491417291051,24.71685803992732,0 89.10491221171566,24.71711952751807,0 89.10489083821631,24.71733119252173,0 89.10482099681433,24.71740982701409,0 89.10474130473752,24.71748275087164,0 89.10463193044077,24.71755605521503,0 89.10452288626195,24.71758530633615,0 89.1043741561614,24.71762955918052,0 89.10420597574222,24.7176290703839,0 89.10404745996179,24.71765914180662,0 89.10384959294666,24.71765959638932,0 89.10365170087132,24.71766343996618,0 89.10345374897587,24.7176751894583,0 89.10342342184639,24.7177614135824,0 89.10339297608709,24.71786345004006,0 89.10333285138148,24.71796530160037,0 89.10326305103428,24.7180382872818,0 89.10320314694779,24.71811077031289,0 89.10312290621815,24.71825654897951,0 89.10302299357274,24.71838695534833,0 89.10296308584107,24.71846000346596,0 89.1028633893978,24.71856160553275,0 89.10277368811055,24.71864971666774,0 89.10264431758992,24.71875056841609,0 89.10251504479304,24.71883842999508,0 89.10243546042724,24.71889666897359,0 89.1022965109354,24.71895566537775,0 89.10211777334909,24.71904321724343,0 89.1019788322059,24.71910108301389,0 89.10179042221144,24.71915920429667,0 89.10163168592065,24.71921807576349,0 89.10153253252496,24.71924738658263,0 89.10141326159943,24.71932062614141,0 89.10123419912975,24.7194510989878,0 89.10099500549401,24.71968398578552,0 89.10074570517789,24.71994504861796,0 89.10071075247492,24.71998831856715,0 89.10050606688201,24.72023667087867,0 89.10024653087969,24.72054285297842,0 89.10004690422907,24.72077598760379,0 89.09986740046936,24.72096462907732,0 89.09972757747425,24.72113883581424,0 89.09959797154447,24.72127018231752,0 89.09943858057927,24.7214154617265,0 89.09934393976404,24.72150184461858,0 89.09927917952288,24.72156186955658,0 89.09910989451603,24.72170708587689,0 89.09893082183504,24.72183812059566,0 89.09879165756826,24.7219247870649,0 89.09853342754185,24.72205701702914,0 89.09840426749312,24.7221290612711,0 89.0981759419082,24.72223154456749,0 89.09801699094375,24.72231808555936,0 89.09785823993509,24.7223780828473,0 89.09749141030763,24.72247969114063,0 89.09728353538364,24.7224941942046,0 89.09709554994971,24.72249526664866,0 89.09673079961645,24.72232183121318,0 89.09666209558699,24.72224910353782,0 89.09653457136822,24.72210483960709,0 89.09645652183255,24.72195975914288,0 89.09639782216212,24.72187240955765,0 89.09617225380292,24.72161061356625,0 89.09606363980451,24.7215822520916,0 89.09588555230765,24.72158282165831,0 89.09579683572898,24.7215399012639,0 89.09570889413331,24.72139475730525,0 89.09563062785456,24.72127847880498,0 89.09529578535974,24.72107585906592,0 89.09499918074488,24.72104969692959,0 89.09481070360938,24.72111571513395,0 89.09470194535908,24.72110655519035,0 89.09458792819549,24.72113859151278,0 89.09449374272251,24.72116454061419,0 89.09443179134439,24.72117996288533,0 89.09433762870208,24.72120308867983,0 89.09425585227605,24.72122346766417,0 89.09415182596736,24.72124257758311,0 89.09401807792308,24.72126714621339,0 89.09392174965078,24.72124959167154,0 89.09386000018148,24.72123847009619,0 89.09378596127057,24.72121710331229,0 89.09355396456921,24.72115124673018,0 89.09336752134523,24.72094956265422,0 89.09332893614446,24.72081941502851,0 89.09330036409368,24.7206735163546,0 89.09330146741412,24.72052837059906,0 89.09330234666668,24.72041259347388,0 89.09327410554982,24.72022320747541,0 89.09326575661392,24.72001982828093,0 89.09322773019089,24.71981626037979,0 89.09317112349301,24.7194538676914,0 89.09314554060293,24.71924021203418,0 89.09311440950481,24.71910559363057,0 89.0930763837364,24.71890202653571,0 89.09301834435669,24.71872826590337,0 89.09281267736692,24.71845303593614,0 89.09270495645063,24.71830776512022,0 89.09260558229153,24.7183658735803,0 89.09252599416277,24.71842410757103,0 89.09233691070585,24.71857031948949,0 89.09218774593216,24.71867103623326,0 89.09207890740852,24.71867260455298,0 89.09197008743463,24.71867191385656,0 89.09150697082258,24.7184266755444,0 89.09137901907792,24.71834001433686,0 89.0912412901515,24.71823804062392,0 89.0911135614315,24.71812201051853,0 89.09105508223821,24.71800642104062,0 89.09103617867244,24.71789051795155,0 89.0909876058694,24.71777329623222,0 89.09091978493973,24.71758535338187,0 89.09083252313589,24.71735210264545,0 89.09073490899956,24.71717921952111,0 89.0905584930707,24.71696121692365,0 89.0904302116388,24.71691804122587,0 89.09021289230782,24.71687486443021,0 89.09005459782941,24.71687555252136,0 89.08965886274767,24.71687698763543,0 89.08946155704761,24.7168040027587,0 89.08934283681261,24.71680437695437,0 89.0892241209676,24.71680418587301,0 89.08909550874651,24.71680449638606,0 89.08895688657,24.71681999238385,0 89.08882827774077,24.71681973840186,0 89.08869966547583,24.71682004857627,0 89.08858094517554,24.71682042216946,0 89.08848179528171,24.71684915924086,0 89.08835318197404,24.71684946913371,0 89.08816454518592,24.71693694036499,0 89.08805560058738,24.71695262437734,0 89.08789686919052,24.71701035117193,0 89.08771845657395,24.71705439711031,0 89.0875895067543,24.71709875897027,0 89.08740098075785,24.71717154449656,0 89.08724269446742,24.717171099276,0 89.08710417990245,24.71717247396775,0 89.0869065340373,24.71714410256562,0 89.08679782697646,24.71712872412022,0 89.08656072411736,24.7170854155812,0 89.08645200829459,24.71707116634355,0 89.08627414862252,24.71704291958922,0 89.08616577060739,24.71698461838929,0 89.08598802304515,24.71694168737378,0 89.08570200645036,24.71682633583942,0 89.0854652370045,24.7167395380315,0 89.08525815016922,24.71665236496312,0 89.08504093228352,24.71659619123692,0 89.08489298878474,24.7165370706503,0 89.08459708202906,24.71642165309876,0 89.08443945895834,24.71633479593874,0 89.08426215549984,24.71623425650897,0 89.08410464504088,24.71613271413784,0 89.08397658820969,24.71606073001579,0 89.08382871568183,24.71599257258146,0 89.08367113351756,24.71590063148695,0 89.08351339402367,24.71582902148554,0 89.08338545893081,24.71574122251424,0 89.08321794558933,24.71565430007171,0 89.08303964164766,24.71568422166723,0 89.08293069817914,24.71569990191277,0 89.08282188031937,24.71569920439849,0 89.0826934944629,24.715670141461,0 89.08254532386691,24.71564095145991,0 89.08238702580856,24.71564219473105,0 89.08227809114686,24.71565674594037,0 89.0821691554506,24.71567129618331,0 89.08206010730349,24.71570053028714,0 89.0818814734817,24.71577337289224,0 89.08185112257786,24.71586072128564,0 89.08185034484076,24.71596181426438,0 89.08183187697145,24.71611193130928,0 89.08184868484726,24.71617755560604,0 89.08184832878236,24.71622386637176,0 89.08189623172524,24.71642693552817,0 89.08193501605795,24.71652941290387,0 89.08199325948735,24.71667437446543,0 89.08207884705388,24.71680143748416,0 89.08219900655321,24.71693550057953,0 89.08226770296956,24.71700767051159,0 89.08237541109644,24.71715294882544,0 89.08247322547915,24.71729816404337,0 89.08255159848193,24.71739863614441,0 89.08262973706579,24.71752960463544,0 89.08270743342311,24.71771818025744,0 89.08277489803251,24.71795074374263,0 89.08277378668201,24.71809532418457,0 89.08277300195431,24.71819754744734,0 89.08277143940732,24.71840086452998,0 89.08277055370236,24.71851607709372,0 89.08271873290238,24.71882242923125,0 89.08271740036821,24.71899581234705,0 89.08268615043821,24.71920006900047,0 89.08268526470702,24.71931528155779,0 89.08269314853482,24.71957683216077,0 89.08269236283934,24.71967905542296,0 89.08269113381024,24.71983888496547,0 89.08271970123572,24.71998365615148,0 89.08271813880883,24.72018697319555,0 89.08278426399666,24.72059404996135,0 89.08281238950667,24.72079642735542,0 89.08284995193553,24.72105816952469,0 89.08287641469782,24.72115491907939,0 89.08292687368483,24.72134783765864,0 89.08299444459708,24.7215668472314,0 89.08307158914648,24.72182771344864,0 89.08311983462519,24.72198673002695,0 89.08314839436497,24.72213263049356,0 89.08319652787222,24.72230633184827,0 89.08326310713642,24.72265467332368,0 89.08329200143963,24.7227570862321,0 89.08332001534362,24.72297414822326,0 89.08335802619425,24.72317771867112,0 89.08335658180145,24.7233657864754,0 89.08335490319089,24.72358435248841,0 89.08335300707434,24.72383115598514,0 89.08332221281286,24.72397611178824,0 89.08332131469919,24.72409301889422,0 89.08329029938798,24.72426677735177,0 89.08323971338596,24.7244121706749,0 89.08320880570298,24.72457181039074,0 89.0831584414766,24.72468840011965,0 89.08300846766294,24.72489246036356,0 89.08293865901024,24.72496430719846,0 89.08279925020692,24.72508089095288,0 89.08262048865774,24.72516841826437,0 89.08248141372648,24.72524151425285,0 89.08234245094653,24.72529992710534,0 89.08221371617802,24.72531491531937,0 89.08209487946417,24.72532940213985,0 89.08182740716953,24.72537343468266,0 89.08163919537998,24.72540328978777,0 89.08165786971217,24.72554799804666,0 89.08170667123088,24.72563472574192,0 89.08175524707524,24.72575082037266,0 89.08178425789248,24.72583798536241,0 89.08184306224341,24.72591065725937,0 89.0819114247803,24.72602687875413,0 89.08199957935594,24.72614266372947,0 89.08209807466545,24.72620034020855,0 89.08230495386219,24.72631632112908,0 89.08245269504152,24.72640311763141,0 89.08257086500168,24.72647560543773,0 89.08276818657419,24.72654803519497,0 89.08287702718732,24.72654703837866,0 89.08303533112854,24.72654692313465,0 89.08314416287824,24.72654705649241,0 89.08332248307856,24.72651713468334,0 89.08341174917287,24.72648833756039,0 89.08353081303234,24.7264444817892,0 89.08367022250518,24.72632789641604,0 89.08373036835911,24.72622605331912,0 89.08380062766165,24.72609547045141,0 89.08384120770656,24.72596469799769,0 89.0839214681281,24.72582005833834,0 89.08394215735893,24.72570271365768,0 89.08398295693023,24.725543136741,0 89.08402397376624,24.72535532234188,0 89.08401553755674,24.72516549620695,0 89.08403632890615,24.72503459708745,0 89.0840372262729,24.72491768913193,0 89.08406935090147,24.72459934943803,0 89.08410014881473,24.72445382925823,0 89.08413150572063,24.72423545377037,0 89.08416218696856,24.72410518177206,0 89.08424256351111,24.72394529470928,0 89.08445200641371,24.72372692933359,0 89.08467055725055,24.72361084967487,0 89.08477984185173,24.72355168026355,0 89.08490868291564,24.72352257034374,0 89.08509699935907,24.72347859172594,0 89.08522561530086,24.72347884936181,0 89.08546306359182,24.72347867266383,0 89.08576474054661,24.72348907325314,0 89.08582892162265,24.72350586247759,0 89.08609549586903,24.72357816492566,0 89.08621366489977,24.72365064901827,0 89.08638086355668,24.72378049121843,0 89.08653815675783,24.72391196332529,0 89.08670524770982,24.72405592383556,0 89.08684319920293,24.72412909796618,0 89.08695159279519,24.72418626963384,0 89.0870702084521,24.72420058166112,0 89.08731721967401,24.72424395290263,0 89.08741581947911,24.72428807139997,0 89.08754432782895,24.72430244660809,0 89.08771209443952,24.72435830161967,0 89.08773109926848,24.72446065075378,0 89.08772009181801,24.72460629847878,0 89.0876795172468,24.72473707259756,0 89.08760915552,24.72488177659215,0 89.08750932397054,24.7249986177033,0 89.08739993572887,24.72507134352823,0 89.08730055368163,24.72512944803605,0 89.08711156579817,24.72526096952225,0 89.08695270646649,24.72533394416314,0 89.08681385877215,24.72537767712985,0 89.08662553930657,24.72542165805788,0 89.08636830017953,24.72542171051287,0 89.08621966590981,24.72545125972042,0 89.08600144235437,24.72552441858328,0 89.08590228399846,24.72555315442472,0 89.08591139396327,24.72565544111658,0 89.08595008095048,24.7257714722755,0 89.08606691067224,24.72601903458829,0 89.08617463946587,24.72616318156064,0 89.08624322727781,24.72625059817539,0 89.08637096414347,24.72636606779901,0 89.08652848982221,24.72646760758964,0 89.08665677925921,24.72651078693541,0 89.08687400745973,24.72656808832072,0 89.08714070255739,24.72662570540263,0 89.08737782490667,24.72666901265447,0 89.08752621823822,24.72667108892634,0 89.08761517273179,24.72668295263466,0 89.08794909785684,24.72668225768033,0 89.08805050986835,24.7266823391492,0 89.08825850983472,24.7266526011201,0 89.08852587450392,24.72662267666465,0 89.08866438620602,24.72662299461514,0 89.08884270566048,24.7265930663015,0 89.08897187628355,24.72652102967367,0 89.08908116103616,24.72646185711248,0 89.08921055535804,24.72636045344561,0 89.08927058404828,24.72627329140186,0 89.08940065077324,24.72608378342265,0 89.08948068948325,24.72596737949454,0 89.08952137046545,24.72582248540367,0 89.08959140381373,24.72572070279486,0 89.08963164467457,24.72563341563675,0 89.08971146443729,24.72554581506721,0 89.08989054731126,24.72541535743919,0 89.08998003559198,24.72535718788832,0 89.09013889291543,24.72528420924958,0 89.09025795726856,24.72523978317436,0 89.09033755162579,24.72518155006745,0 89.09050574682253,24.72518149039866,0 89.09061458133608,24.7251810523226,0 89.09076298587951,24.72518143085814,0 89.0909015055898,24.72518061646755,0 89.09098022192285,24.72523759686551,0 89.09109805932152,24.72535412840158,0 89.09117632442397,24.72547040932087,0 89.09122527965145,24.72553793086466,0 89.09131339909641,24.72565935711187,0 89.09147972488442,24.72590497111448,0 89.09156766535432,24.7260501175892,0 89.09158667366897,24.72615246598718,0 89.09166494854779,24.72626761711571,0 89.09169330053891,24.7264423194941,0 89.09178090955261,24.72663095310785,0 89.09180948176567,24.72677685199065,0 89.09182849922999,24.72687807177014,0 89.09185619384569,24.72713918349358,0 89.09185487484702,24.72731256748579,0 89.09185310385486,24.7275452529958,0 89.09188189877366,24.72766178413191,0 89.09194894480537,24.727952515564,0 89.09194772838984,24.72811234514479,0 89.092005324178,24.72834484212924,0 89.09210449175315,24.72831497274406,0 89.09223311758049,24.72831465883878,0 89.09236174242541,24.72831434573944,0 89.09247046847845,24.72832859088099,0 89.09261854582181,24.72837245460562,0 89.09291471833016,24.72845792267454,0 89.09303299896924,24.72851684638529,0 89.09314117601274,24.728603381697,0 89.09319998903209,24.72867604857536,0 89.09326848419991,24.72877645164289,0 89.09334674486148,24.72889386056317,0 89.09339545348681,24.72899413907139,0 89.09347383074336,24.72909629887564,0 89.0935226427266,24.72918302203692,0 89.09363081193099,24.72927068638669,0 89.09370952871828,24.72932822933353,0 89.09393676918351,24.72937089919873,0 89.09405506088657,24.72942869253378,0 89.09447006741047,24.72950079026089,0 89.09473655066803,24.72958776078923,0 89.09490442143026,24.72963118301025,0 89.09499315247486,24.72967297497399,0 89.0952789773682,24.72981880587078,0 89.09548565854303,24.72996357156744,0 89.09567266730392,24.73009296289685,0 89.09589847713073,24.73032482741364,0 89.09597718682888,24.73038349850615,0 89.09603589844117,24.73046971847436,0 89.09610438139343,24.73057237979755,0 89.09615297691933,24.73068790530297,0 89.09618211935314,24.73075925433006,0 89.09621124531783,24.7308328613479,0 89.09621926099021,24.73108085821613,0 89.09619837819777,24.73122531433832,0 89.09618738508657,24.73137039857489,0 89.09610680147196,24.73155909638395,0 89.09600686622066,24.73169006243732,0 89.09581754842493,24.73186508295728,0 89.09572794706801,24.73193794080721,0 89.09552939712658,24.73202535848777,0 89.09542022185457,24.73206985201649,0 89.09525202121866,24.73206935355237,0 89.09507391428778,24.73207048561575,0 89.09488614449904,24.73204105824048,0 89.09459964153984,24.73198389510715,0 89.09429346238701,24.73191192235708,0 89.09394715943263,24.73191198904437,0 89.09372947707757,24.73191286895534,0 89.0934524319254,24.73191337345981,0 89.0932024521947,24.7319326864475,0 89.09299672963435,24.73198729679379,0 89.09270967366658,24.73200298582136,0 89.09258082537504,24.73203210289106,0 89.09244186414672,24.73208996008276,0 89.0922631040291,24.73217693477631,0 89.09218350643731,24.73223516818823,0 89.09194471225153,24.73240987001599,0 89.09188478085254,24.73248404303501,0 89.09180496303941,24.73257107969789,0 89.09172514611978,24.73265811721338,0 89.09166500435423,24.73275996321334,0 89.09155561574356,24.73283212802668,0 89.09145578671151,24.73294840664681,0 89.09134595112127,24.73307930762558,0 89.09121643459545,24.73319596244965,0 89.09107691237449,24.73332723865919,0 89.09096729509885,24.73342933597785,0 89.09083788569718,24.73353187183889,0 89.0905695165111,24.73369169803726,0 89.09047023645715,24.73373568627473,0 89.09033115656595,24.73380878981314,0 89.09014250251126,24.73389513462706,0 89.08990425308282,24.73399754192125,0 89.0897058076355,24.73407026757576,0 89.08948768128371,24.7341287484709,0 89.08921996822058,24.7342021620861,0 89.08890289315369,24.73426114132672,0 89.08858569986863,24.73433536898473,0 89.08808952424965,24.73452480346873,0 89.08796045228718,24.7345827193565,0 89.08785127172004,24.73462720767923,0 89.0877224246948,24.73465575561709,0 89.08761324836706,24.73469967859348,0 89.08750429617049,24.73471423284539,0 89.08739512411972,24.73475759139112,0 89.08729594576407,24.73478802232576,0 89.08720656133852,24.73483150596155,0 89.08710740050753,24.73485967785363,0 89.08696820454794,24.7349474632576,0 89.08680933224854,24.73502043758694,0 89.08662066480726,24.73510790679252,0 89.08652149378683,24.73513720779506,0 89.08628335139397,24.73522492577681,0 89.08599562565833,24.73532701022823,0 89.0858666591828,24.73537080572981,0 89.08572813658036,24.73537048494237,0 89.08556452861474,24.73541575262899,0 89.08549032177984,24.73541527862028,0 89.08528231082255,24.7354444476921,0 89.08496545492876,24.73547405023469,0 89.0847279739221,24.7354753553168,0 89.08466804550874,24.73554839543312,0 89.0845976731066,24.73569309847672,0 89.08455719907266,24.73580975333302,0 89.08451661742296,24.73594052688414,0 89.08448615069173,24.73604256060884,0 89.08439597996488,24.73618826567428,0 89.08423744237749,24.73621718577833,0 89.08405912107848,24.7362454140017,0 89.08385099523835,24.73628926509885,0 89.08379893819298,24.73630361598124,0 89.08374192011811,24.73631963008496,0 89.0836326331094,24.73637766904605,0 89.08349343185753,24.73646545148963,0 89.08339392163435,24.73653880222616,0 89.08322460367441,24.73668287075037,0 89.08310484912128,24.73681539547254,0 89.08306427354225,24.73694503928497,0 89.08304325641321,24.73710474273704,0 89.0830421371236,24.73725045320736,0 89.0830410222793,24.73739559939445,0 89.08304024036416,24.73749725816714,0 89.08304630727052,24.73767351441018,0 89.08304801749014,24.73777293040949,0 89.08307546549896,24.73806397747428,0 89.08323345905758,24.73810621991824,0 89.08334208014942,24.73813515598217,0 89.08346059596282,24.73816415570608,0 89.0836186939368,24.73819284328839,0 89.08375721981827,24.73819316582131,0 89.08391565588812,24.73817780139902,0 89.08402449427969,24.73817849771686,0 89.08417292264642,24.73817775412088,0 89.08428176986691,24.73817732078845,0 89.08441040543912,24.73817701475001,0 89.08454893124728,24.73817733655162,0 89.08477629450661,24.73820590070323,0 89.08490482602549,24.73821914866776,0 89.08504061834522,24.73825334039345,0 89.08515175746595,24.73827664303029,0 89.08534943795453,24.7383050171908,0 89.08553699480943,24.7383632613279,0 89.08562537796088,24.73845080489973,0 89.0856343845202,24.73856664583531,0 89.08563338118621,24.73869767311644,0 89.08555322113834,24.73882819430984,0 89.08547272447258,24.73900276710317,0 89.08539222662445,24.73917734078053,0 89.08539144771541,24.73927899940401,0 89.08542024811781,24.73939440238268,0 89.08543914056831,24.73951143639183,0 89.08556745328647,24.73955348716956,0 89.08569630690272,24.73952494072423,0 89.08585462806876,24.73952482320955,0 89.08604252860655,24.73953844885143,0 89.08615137249404,24.73953857926477,0 89.0864275493792,24.73965386802589,0 89.08637707301661,24.73978457844808,0 89.08635161481251,24.73987873757133,0 89.08627622931024,24.74003188144723,0 89.08621596273541,24.74014897475461,0 89.0861552594056,24.74032310980829,0 89.08608511441039,24.74043788061316,0 89.08609388499521,24.74058478473409,0 89.08609266027813,24.74074461544825,0 89.08612145735826,24.7408605833883,0 89.08614036500535,24.74097592257195,0 89.0861689411951,24.74112069397048,0 89.08624664947554,24.74131039808212,0 89.08629546108284,24.74139712349705,0 89.08639375080789,24.74148360138364,0 89.08650181409756,24.74158595515354,0 89.08664712436664,24.74166990847922,0 89.08670862071797,24.74171548492864,0 89.08689629592516,24.74175904218479,0 89.08699502695551,24.74178791271344,0 89.08708375047948,24.7418314035618,0 89.08718517144,24.74183205087656,0 89.08732124082451,24.74183065910483,0 89.08748945872136,24.74183060224765,0 89.08759830893767,24.74183016719831,0 89.08772684091629,24.74184397763716,0 89.08776563847414,24.74194645326061,0 89.08780455643264,24.74203311555603,0 89.08785314539723,24.74214920898406,0 89.08786170555794,24.74232378682827,0 89.08785811443951,24.74247004687081,0 89.08790941436654,24.74255509398987,0 89.08797779268987,24.74267131330845,0 89.08816447274651,24.74284533253986,0 89.08823307539699,24.74293218400372,0 89.08836160413793,24.74294655809536,0 89.0884704508653,24.74294668662705,0 89.08857930298264,24.74294625078696,0 89.08871773019065,24.74296012277976,0 89.08884614319936,24.74298974547377,0 89.08894465522729,24.74304741714857,0 89.08905317474118,24.74309046824397,0 89.0891511316166,24.74322099563652,0 89.08920972875495,24.74332246799295,0 89.0892768883391,24.74359851701582,0 89.08937384147912,24.74386063637307,0 89.08937273797545,24.7440052186448,0 89.08937130293161,24.74419328727129,0 89.08936952759808,24.74442597351441,0 89.08933839835119,24.74461498344064,0 89.08930727440918,24.74480342816731,0 89.0892563556398,24.74499231232817,0 89.0892553556006,24.74512333929554,0 89.08921444757938,24.74529703684984,0 89.08915340524597,24.74551579053022,0 89.08913261466637,24.74564669174408,0 89.08904112835174,24.74596465665808,0 89.08912885109018,24.74613973816912,0 89.08924682049046,24.7462415885314,0 89.08940481399681,24.74628551822822,0 89.08951333654545,24.74632856877675,0 89.08967134245252,24.74637080535719,0 89.08978019307953,24.746370932726,0 89.08992862827105,24.74637074703667,0 89.09008696215827,24.74637006019697,0 89.09024529163139,24.74636993746812,0 89.0905320467363,24.74639830609097,0 89.09076965305673,24.7463834369371,0 89.09097746231708,24.74638306253113,0 89.09113579271965,24.74638293884571,0 89.09138319087192,24.74638168629019,0 89.09156152609543,24.74635344850774,0 89.09169039020833,24.74632433226436,0 89.09195779731309,24.74629440080798,0 89.09230448177573,24.74624972302364,0 89.09241355501298,24.74622047994462,0 89.09259167901797,24.7462199157812,0 89.09270053273302,24.74621947586899,0 89.09290801225418,24.74626258686545,0 89.09308569422734,24.74632019310235,0 89.0931939898126,24.74639317371673,0 89.09350922509928,24.74658042542607,0 89.09360773425327,24.74663922402359,0 89.0938253325255,24.74665302818732,0 89.09406271603775,24.74666752141412,0 89.09431990328881,24.74668044558455,0 89.09447812209801,24.74669500215004,0 89.09473518900853,24.74672373976775,0 89.09486362008144,24.74675166230121,0 89.09497224314276,24.74678171956823,0 89.09504884458104,24.74679349982831,0 89.09516004513806,24.74681001764972,0 89.09526856543482,24.74685362813931,0 89.0955155153147,24.74691166996099,0 89.09563404703123,24.74694009408854,0 89.0958315259909,24.74699725751595,0 89.09604879136974,24.74705510977191,0 89.09646353104586,24.74717068944695,0 89.09660174239863,24.74721392223977,0 89.0968781697182,24.74729982224403,0 89.09709510725004,24.74740116089684,0 89.0973807592479,24.74757579241232,0 89.0974295820981,24.74766251434596,0 89.09742859522228,24.74779297738546,0 89.0973783454005,24.74789488935996,0 89.09725849672813,24.748040415923,0 89.09718867858554,24.7481128347128,0 89.09709884782009,24.74821449636813,0 89.09690939409957,24.74840420329708,0 89.09679987472664,24.74849218576656,0 89.0965909668687,24.74863715019121,0 89.09651136060597,24.74869538635851,0 89.09632257196762,24.74879698810054,0 89.09622328066322,24.74884097985461,0 89.09612399464486,24.74888440725695,0 89.09598512668438,24.74892758407591,0 89.09576696787398,24.7489872041112,0 89.09550901356178,24.74907481222762,0 89.0952216993667,24.74911930924483,0 89.09492438120439,24.74917786233789,0 89.09465674920939,24.7492366027898,0 89.09434953591366,24.74929509272133,0 89.09417866640055,24.74931716770253,0 89.09389399557702,24.74933908642776,0 89.09360667897165,24.74938358043589,0 89.0933193631074,24.74942807389203,0 89.09306184439268,24.74945807034992,0 89.09282412435022,24.74948706305793,0 89.0925071212467,24.74953136579586,0 89.09236857365154,24.74953218166051,0 89.09208137652607,24.74956085862289,0 89.0919428332395,24.74956110891583,0 89.09182408540025,24.74956092016037,0 89.09165584673094,24.74956211205974,0 89.09139855115163,24.74956273714368,0 89.09121052233805,24.74956380221305,0 89.0910620878322,24.74956342424329,0 89.09073585189563,24.74952068566886,0 89.09022203938905,24.74941970967953,0 89.08987623194317,24.74934804023151,0 89.08921420308999,24.74921844132392,0 89.08911435349698,24.74933528436219,0 89.08905431288912,24.74942244595637,0 89.08898448457134,24.74949542555088,0 89.08892455710532,24.74956790324421,0 89.08881469907882,24.74969936663801,0 89.08876456246487,24.7497854620049,0 89.08868461013043,24.74988831191098,0 89.08863436101049,24.74998909108877,0 89.08859376950997,24.7501209950232,0 89.08856308334433,24.75025183372125,0 89.08852262165266,24.75036679487838,0 89.08853151588825,24.75049788516302,0 89.08851062068767,24.75064234159553,0 89.0885093955935,24.75080273711293,0 89.08855743095921,24.75099168667992,0 89.0886060247491,24.7511077794583,0 89.08870409509886,24.75122418888363,0 89.08881228933184,24.75131072689451,0 89.08891058462802,24.75139776757382,0 89.08911718261774,24.75155722727884,0 89.08919590262661,24.75161590292664,0 89.08933368123903,24.75171618476323,0 89.08941207352767,24.75181778323739,0 89.08953939229247,24.75199198682674,0 89.08957775945571,24.7521515049545,0 89.08957688030455,24.75226671850918,0 89.08957588017384,24.75239774625803,0 89.08957388091198,24.75265980083337,0 89.08957222610381,24.75287667355201,0 89.08956055110943,24.7531098623661,0 89.0895091804975,24.75335748286632,0 89.08949806547047,24.75351725071488,0 89.08947628324,24.75377805018518,0 89.08944437623339,24.75406871923277,0 89.08943270446056,24.75430134285875,0 89.08938144990931,24.75453371521724,0 89.08932118383161,24.75465024556844,0 89.08921243378232,24.75463599788383,0 89.08901528595013,24.75453420788597,0 89.08890676497728,24.75449002802061,0 89.08872884800093,24.75446178429323,0 89.08859007099355,24.7544919646848,0 89.08845097351761,24.7545639375647,0 89.08833143432723,24.75466653503419,0 89.08833054978571,24.75478231290055,0 89.08830019422248,24.75486966433654,0 89.08829965889669,24.75493969605878,0 89.08829864003462,24.75507298276275,0 89.08826761912511,24.75524730867247,0 89.08815731522242,24.75543637866699,0 89.08804823723659,24.75546505312447,0 89.08790967829609,24.75546642957565,0 89.08779092358778,24.75546623710185,0 89.08759299385976,24.75546666966795,0 89.08736504407969,24.75551039994007,0 89.08728542899458,24.75556863172396,0 89.08717578390807,24.75567129087876,0 89.08706592689146,24.75580162391859,0 89.08698597742637,24.75590334283808,0 89.08692492981626,24.75612153076619,0 89.08687466830962,24.75622343899319,0 89.08684431044483,24.75631079022213,0 89.08681384001918,24.7564128243912,0 89.08671399063419,24.7565285359023,0 89.08660412361522,24.75665999813014,0 89.08646468149904,24.7567765869955,0 89.0863054468234,24.75689304883578,0 89.08614676592447,24.75693721982858,0 89.08602801412353,24.75693646176934,0 89.08583041530078,24.7568934039752,0 89.08530556243632,24.75693805763097,0 89.08520604484823,24.75701028095548,0 89.08520459413749,24.75719948005074,0 89.0852433944855,24.75730195777298,0 89.08528198177956,24.75743210856377,0 89.08533069168902,24.7575329542276,0 89.08544856051412,24.75764892742585,0 89.08563558404961,24.75778059135505,0 89.08573410799197,24.75783826615702,0 89.08587232754296,24.75788150918202,0 89.08600031859558,24.75796817676239,0 89.08607904937497,24.75802572438712,0 89.08618758150929,24.75806877758991,0 89.08628610052959,24.75812701718942,0 89.08644377984697,24.75821387290919,0 89.08655219974726,24.75827161057547,0 89.0866805247427,24.75831478935521,0 89.08680895692724,24.75834384936991,0 89.08694751574595,24.75834303889422,0 89.08707606046453,24.75835741483204,0 89.08719459307551,24.75838697537363,0 89.0872935624835,24.75838647709525,0 89.08736283872128,24.75838635470302,0 89.08752096426225,24.75841503813917,0 89.08767908547154,24.75844428658396,0 89.08782742284646,24.7584587876738,0 89.08801502144834,24.75851589882345,0 89.08822229942434,24.75858781931279,0 89.08840011439089,24.75863018280208,0 89.08848873410889,24.75868892181994,0 89.08858714330529,24.75876184361386,0 89.08868522021689,24.75887825254565,0 89.08881222147865,24.75909481576047,0 89.08887026564489,24.75926970851907,0 89.08886905400408,24.75942841012047,0 89.08878877166501,24.75957361812102,0 89.08870904161569,24.75964653460151,0 89.08857015006083,24.75969083399763,0 89.08843125839844,24.7597351332711,0 89.08828259135881,24.75976355582331,0 89.08817361224277,24.75977867624427,0 89.0879951358264,24.75982272274349,0 89.08782677936139,24.75983746382173,0 89.0876779908573,24.75988169998594,0 89.08751942361407,24.75991062271679,0 89.08725198389665,24.75994054640799,0 89.08704392572646,24.75997028301555,0 89.08685567342003,24.75999845150866,0 89.08671710933447,24.75999982628455,0 89.08655842376338,24.76004399796079,0 89.08642976920613,24.76004374125668,0 89.08611262708017,24.7601021500849,0 89.08580515681565,24.76018998941334,0 89.08566648423368,24.76020548280105,0 89.08536935491813,24.76023521273853,0 89.08508179362438,24.76030792860042,0 89.08476453726483,24.76038101850997,0 89.08437789121707,24.76046891273201,0 89.08401126647632,24.76052700028238,0 89.08365430768153,24.76061508347367,0 89.083297235435,24.76071784970955,0 89.08292036958753,24.76082048781322,0 89.08266260215035,24.76087926969997,0 89.08244442821484,24.76093717467221,0 89.08215663616535,24.76103925288185,0 89.08191843473787,24.76112752870013,0 89.08182902904632,24.76117100945685,0 89.08159049571995,24.76130220696048,0 89.08149085499397,24.76138967720241,0 89.08144047745567,24.76150570267556,0 89.08139999637778,24.76162179189237,0 89.08136962914318,24.76170970656958,0 89.08129889371848,24.76189902566183,0 89.08125842027296,24.76201398540381,0 89.08123784075181,24.76211608251888,0 89.08122682189507,24.76226173075754,0 89.08118589239395,24.76243599206017,0 89.08115552927198,24.76252334152586,0 89.08115452891278,24.7626532392872,0 89.08115362840816,24.76277014781501,0 89.08117196891025,24.762958909504,0 89.08117118154347,24.76306113324945,0 89.08119019538843,24.76316235507062,0 89.08118940905193,24.76326457970151,0 89.0812576880294,24.7633943577002,0 89.08137566695395,24.76349621432756,0 89.08142448423492,24.76358294256234,0 89.08154213414342,24.76372772297774,0 89.08163043330953,24.76382825958405,0 89.08169903009465,24.7639168089156,0 89.08175774893078,24.76400303555307,0 89.08188506935069,24.76417724710736,0 89.0820325226408,24.76430753252307,0 89.0821211571765,24.76436458146229,0 89.08223936026408,24.76443763472869,0 89.08234789164231,24.76448125559784,0 89.08248600928583,24.76453862089213,0 89.0826341279317,24.76458249621057,0 89.08274266054389,24.76462611676151,0 89.08289067528884,24.7646835453095,0 89.08304858694741,24.76474103733251,0 89.08312731218713,24.76479971663302,0 89.08320593789811,24.76487138600503,0 89.08323462143383,24.7650026039167,0 89.08328254669424,24.76520567459929,0 89.08328098453693,24.76540899327131,0 89.08327986936381,24.76555414079572,0 89.08324905920652,24.76569966266525,0 89.0832472846143,24.76593065529971,0 89.08324605218907,24.76609105185329,0 89.08321501621069,24.76626594142671,0 89.08317286843835,24.76659890501203,0 89.08317173997924,24.76674574626169,0 89.08315060961328,24.76691957087827,0 89.0831200213469,24.76703628838305,0 89.08310901356545,24.76718080799797,0 89.08304806498066,24.76738431103351,0 89.08302716010833,24.76752876702732,0 89.08297610485,24.76773289792555,0 89.0829457410394,24.76782024861549,0 89.08290492561966,24.7679798254734,0 89.08286421760137,24.7681252845676,0 89.08279415348949,24.76822706457073,0 89.08272431504616,24.76829947683843,0 89.08264223156762,24.76835543080541,0 89.08259497431051,24.76838732143089,0 89.08251534706339,24.76844555039472,0 89.0822965944233,24.76857687617183,0 89.0821673694772,24.76864947230736,0 89.0820580426969,24.76870864039173,0 89.08194839456571,24.76880960105893,0 89.08196729731827,24.76892550737114,0 89.08196651979408,24.76902660154422,0 89.08197551662758,24.76914357362977,0 89.08204401718976,24.76924511355769,0 89.08210284316397,24.76931778542551,0 89.08214959263873,24.76935197318522,0 89.08230957664333,24.76946257075808,0 89.08242800973557,24.76950625581007,0 89.08253632975783,24.76957811535706,0 89.08264452819255,24.76966578903174,0 89.08274283742439,24.76975226864446,0 89.08282123613556,24.76985387086707,0 89.08291931652778,24.76997028411406,0 89.08302696905866,24.77012911869671,0 89.08317387035868,24.77033226003225,0 89.08325182300568,24.77049203398655,0 89.0833005318762,24.77059344601726,0 89.08338804277179,24.77079733500601,0 89.0834367607173,24.77089761751418,0 89.08345577366632,24.77099940393042,0 89.08351415026509,24.77113081229996,0 89.08353553787337,24.77124560402076,0 89.08361078323196,24.77143586053149,0 89.08360978952244,24.77156519373738,0 89.08360833159172,24.77175495875506,0 89.08361655875993,24.77197246036791,0 89.08358497100377,24.77221907724146,0 89.08358352193258,24.77240771278748,0 89.08358161746419,24.77265564887328,0 89.08358061940862,24.77278554724265,0 89.08357961794451,24.77291601077701,0 89.08362821886345,24.77303154216611,0 89.08372663645837,24.77310446648332,0 89.08388466330402,24.77314840336198,0 89.08415190805937,24.77314785509308,0 89.08426078239106,24.77314798674496,0 89.08428981543211,24.77323402317231,0 89.08430849601056,24.7733792966068,0 89.08433740767484,24.77348114630913,0 89.08434619089697,24.77362635713175,0 89.08435508238769,24.77375744839438,0 89.08437410111368,24.77385867030193,0 89.08440257122872,24.77401812674961,0 89.08445127280238,24.77412066768123,0 89.08445027577669,24.77425056687652,0 89.08451855713076,24.77438147293891,0 89.08457738615537,24.77445414444983,0 89.08462576446252,24.77459904394146,0 89.08472362875278,24.77474425897521,0 89.08478223829655,24.77484573374867,0 89.08488044511574,24.77494633198789,0 89.08495917896508,24.77500501065906,0 89.08503780373682,24.7750778079434,0 89.08514601767456,24.77516434986236,0 89.08524443787508,24.77523727389535,0 89.08542160029953,24.77536774680731,0 89.08554961879227,24.77545328487085,0 89.08568751650377,24.77554114604324,0 89.08579573128287,24.77562768743116,0 89.08594331531283,24.77574328563574,0 89.08610057680491,24.77588774950092,0 89.08619877770947,24.7759894770836,0 89.08633623567354,24.77613494428992,0 89.08641486636351,24.77620717646341,0 89.0864835960551,24.77627991041227,0 89.08659170307392,24.77638057068769,0 89.08666032060822,24.77646798835319,0 89.08689631865776,24.77667112886103,0 89.08708294212603,24.77685926952833,0 89.08720094447185,24.77696055775635,0 89.0873265037978,24.77704438432317,0 89.08751579739622,24.77720712543325,0 89.08770264705851,24.77736589759367,0 89.08792896731173,24.7775407348094,0 89.08813539799684,24.77772787007484,0 89.08831955512454,24.77791542953819,0 89.08842022486846,24.77801829999793,0 89.08849852257549,24.77813458318048,0 89.08854258749426,24.7781969924855,0 89.0885964591258,24.77827132468683,0 89.0886051788664,24.77842557225917,0 89.08860463149659,24.77849729840679,0 89.08860374683898,24.77861307775816,0 89.08861208207128,24.77881759006394,0 89.08856148917833,24.77896185766338,0 89.08853057449872,24.7791215006248,0 89.08849977185768,24.77926645888466,0 89.08841131052662,24.77950876206375,0 89.08835830679099,24.77964454224812,0 89.08830770795186,24.77978937407847,0 89.08827734130909,24.77987729084579,0 89.08822707530655,24.77997863463113,0 89.08814676910625,24.78012497233181,0 89.08811640666704,24.78021232389663,0 89.08803622212071,24.78034284738427,0 89.08792578595791,24.78054603859183,0 89.08782591373213,24.78066231600407,0 89.08773582520496,24.7807933413244,0 89.08762605019336,24.78091012146974,0 89.08751627835986,24.78102633547847,0 89.08738670680445,24.7811429889722,0 89.08725713401769,24.78125964238169,0 89.08711766388821,24.78137623240543,0 89.08695828843295,24.78150681528605,0 89.08676921490871,24.78163777329708,0 89.0866871416922,24.78169147004727,0 89.08659015140782,24.78175410969436,0 89.08650545626861,24.78182699373195,0 89.086420756625,24.78190044200422,0 89.08622178817902,24.78203077179887,0 89.08605262173478,24.78214717094677,0 89.08582372439379,24.78230780821102,0 89.0856546695979,24.78240952224221,0 89.08541620698843,24.78252660840896,0 89.08517797323599,24.78261375961458,0 89.08506886912414,24.78264243253529,0 89.0848904609163,24.78267292039055,0 89.08484806068576,24.78271613961217,0 89.08470216763709,24.78270165178002,0 89.08443445564122,24.78276037337969,0 89.08430554153431,24.78279061260661,0 89.08417652798909,24.78283384181047,0 89.08400802184595,24.78286382782816,0 89.0838296306017,24.78289205554011,0 89.08373030704054,24.78293604000482,0 89.08364087720543,24.78298065127934,0 89.08351186319307,24.78302387993681,0 89.08335282073513,24.78311040694652,0 89.08322345512661,24.78319938148177,0 89.0831438182954,24.78325761128764,0 89.08297453881413,24.78338812678233,0 89.08290457453234,24.78347578766527,0 89.08278478492852,24.78360661978865,0 89.08268468232316,24.78375169760366,0 89.08262461154186,24.78383998711327,0 89.08255466002282,24.78392595412472,0 89.08249470626335,24.78399899458327,0 89.08239482077673,24.7841158340266,0 89.0822553417531,24.78423241909362,0 89.08214646103222,24.78423172054781,0 89.08190888281017,24.78423302098267,0 89.08178020196824,24.78423276012685,0 89.08165151571882,24.78423306435447,0 89.08133475167475,24.78423385487227,0 89.08115679269396,24.78420560221114,0 89.08095893297566,24.78419077637908,0 89.08083024327111,24.78419164416167,0 89.08072102356452,24.78423499790116,0 89.08060190099657,24.78427885215351,0 89.08052214475003,24.78435232970309,0 89.08041326482351,24.78435162988787,0 89.0802845837611,24.78435136775294,0 89.0801756851499,24.78435292759917,0 89.08001730998419,24.78435247406224,0 89.07984902662093,24.78435308699336,0 89.0795423910026,24.78432400459724,0 89.07943350219371,24.78432443352626,0 89.07916622834752,24.78432553831121,0 89.07898805642937,24.7843249570121,0 89.0787306808629,24.78432612391333,0 89.07841391609297,24.78432690916358,0 89.07827510902742,24.78435595009246,0 89.07798736279729,24.78444446576647,0 89.07784844657142,24.78448762499234,0 89.07772910033711,24.784560280479,0 89.07760974953051,24.78463350106034,0 89.07750997652771,24.78473508761901,0 89.07738061364608,24.78482292890732,0 89.07726093452253,24.78493850710112,0 89.07716081980334,24.7850841459644,0 89.07707083111794,24.78520048095179,0 89.07700086154983,24.78528813939126,0 89.07686092556864,24.7854628910205,0 89.07681075708199,24.78555011206794,0 89.07676058755499,24.78563733401846,0 89.0766701521822,24.78581127482277,0 89.07656981266065,24.78598571773466,0 89.07652942783254,24.78608768653686,0 89.07641941388133,24.78623326193747,0 89.07634956566699,24.78630510589837,0 89.07619095083959,24.78633514658395,0 89.07606248116478,24.78630720695173,0 89.07561793013157,24.78619137479122,0 89.07543007943598,24.78616192104496,0 89.07529159892715,24.78614860146672,0 89.07516302483631,24.78613421454681,0 89.07497539024014,24.786077087079,0 89.07474828428739,24.7860038879471,0 89.07430407203576,24.78584456526167,0 89.07412678277484,24.78572989199321,0 89.07403893832668,24.78556948411709,0 89.07402060202118,24.78538128491939,0 89.07402240400751,24.78514916139827,0 89.07403320914534,24.78503231689995,0 89.07408395026198,24.78487167540744,0 89.07413479166348,24.78469804376014,0 89.07417528299719,24.78458252106568,0 89.0742556042206,24.78443675577163,0 89.07433569779212,24.78432035911539,0 89.07438586764835,24.78423313880409,0 89.07447630978818,24.7840586340311,0 89.07452648488308,24.78397084848701,0 89.07452737882944,24.78385563450873,0 89.07452850910721,24.78370992149341,0 89.07438047969254,24.78365191903239,0 89.07426169282843,24.78365228005237,0 89.07398452231004,24.78365331135769,0 89.07377664797775,24.78365366083504,0 89.07357833391166,24.78369756158867,0 89.07342974254735,24.78371184908334,0 89.07330083396154,24.78374094958291,0 89.07316190862653,24.78378523486581,0 89.07306269392672,24.78381452683423,0 89.07294368792756,24.78384312604711,0 89.07282466848422,24.78387341891214,0 89.07271555625086,24.7839026464381,0 89.07252747708806,24.78390312264846,0 89.07234952073368,24.78387485842817,0 89.07227112138577,24.78377324999693,0 89.07219272663777,24.78367107723452,0 89.07216427620359,24.78351105255341,0 89.07212647974627,24.7832798021198,0 89.07212727532087,24.78317757725659,0 89.07214820505736,24.78303199348203,0 89.07220884532967,24.78287141675137,0 89.07232370536964,24.78273943218165,0 89.0724491180449,24.78252336011465,0 89.07249928864596,24.78243614037773,0 89.07258927556758,24.78232037313576,0 89.07265914187253,24.78224627197288,0 89.07271943487072,24.78213031287116,0 89.07277950334769,24.78204315728251,0 89.07290975718625,24.7818406710228,0 89.07300054720037,24.78162155017708,0 89.07305094144874,24.78150552676444,0 89.07318007118255,24.78144762310467,0 89.07308154375019,24.78138880975039,0 89.07300280280477,24.78133125422136,0 89.07286490292685,24.78124394642121,0 89.07274690007067,24.78114377587611,0 89.07263847495344,24.78108489887359,0 89.07252992702881,24.78104183515169,0 89.07240180645051,24.7809698393191,0 89.07227346344128,24.78092664688152,0 89.07218461036732,24.78089670068119,0 89.07208607042841,24.7808395812552,0 89.07189855916135,24.78076776536945,0 89.07175054329623,24.78070863051211,0 89.07164188088495,24.78068025002557,0 89.07154323171416,24.78063724984248,0 89.07129599549266,24.78060853473083,0 89.07116709387674,24.7806370680422,0 89.07103783979535,24.78071078336788,0 89.07093840400681,24.78076887824772,0 89.07082906899774,24.78082690782285,0 89.07069970924223,24.78091417733147,0 89.07059037498985,24.78097220763547,0 89.0704216438448,24.78103098103902,0 89.07022333234924,24.7810748771632,0 89.07011411196628,24.78111822231962,0 89.07000754614715,24.78113842748473,0 89.06995550260955,24.78114825606502,0 89.06963841136664,24.78119194449435,0 89.06952941035738,24.78120704995934,0 89.06934133592402,24.78120752188504,0 89.0692126583737,24.78120724999628,0 89.06857913631711,24.78120990608677,0 89.06835147011844,24.78121011873859,0 89.06824269882951,24.78119585539908,0 89.06813392657079,24.7811815919925,0 89.06790694499956,24.78109426280573,0 89.06781831824259,24.78103551125158,0 89.06766106345241,24.7808921558199,0 89.067542968171,24.78080440587544,0 89.0674648003519,24.78067399179875,0 89.0674062077281,24.78057194526244,0 89.06733759800295,24.78048508232883,0 89.06725920042062,24.78038403690942,0 89.06716112685334,24.78026761219601,0 89.06712232636494,24.78016625899939,0 89.06703426134492,24.78003578002708,0 89.06694641782089,24.77987706165272,0 89.06690774029113,24.77975989497923,0 89.06684971491123,24.77958555697009,0 89.06675220778433,24.77939684073415,0 89.06672604448904,24.77926168175621,0 89.06667528732746,24.77910715889819,0 89.06662658967785,24.77900574177117,0 89.06654831382832,24.77888944581353,0 89.06645023321036,24.7787741508623,0 89.066391411957,24.77870147170442,0 89.06632269380965,24.7786287287421,0 89.06615567063763,24.77846949327617,0 89.0659785239167,24.77833899744255,0 89.0657714506461,24.77823824034375,0 89.06559408397328,24.77813598244763,0 89.06546586070178,24.7780780998529,0 89.06535720717925,24.77804914934996,0 89.06507049745571,24.77800604667703,0 89.06496160977504,24.77800702898264,0 89.06478344662143,24.77800643015451,0 89.06467432807783,24.77803678109213,0 89.06448603800159,24.77806548504819,0 89.06435701298355,24.77810982586275,0 89.0641389093885,24.77815358414761,0 89.06402980403304,24.77818224088147,0 89.06377198533306,24.77824155368996,0 89.06367266268238,24.77828495807561,0 89.06346468206549,24.77829997659664,0 89.06321722662976,24.77830005134717,0 89.06310834211077,24.7783004689542,0 89.06286134367603,24.77824237058506,0 89.06275291277679,24.77818518056849,0 89.06272390286455,24.77809801053964,0 89.06264585698256,24.77795290948602,0 89.06259751404994,24.77780687275722,0 89.06256860602547,24.77770671335938,0 89.06251992124727,24.77760416425296,0 89.06244153035493,24.77750311588691,0 89.06231261672923,24.77753333524089,0 89.06216391724942,24.77756229601577,0 89.06204479866611,24.77760556943194,0 89.06192568099738,24.77764884364731,0 89.06186570820077,24.77772300505179,0 89.06176357767507,24.77780875082974,0 89.06164624022077,24.77794014614275,0 89.0615363307293,24.77807102470146,0 89.0614664695657,24.77814399150149,0 89.06143609186826,24.77823077188214,0 89.06140559882979,24.77833223714522,0 89.06140456805015,24.77846326536483,0 89.06140307954699,24.77865246524733,0 89.06140228390694,24.77875355940628,0 89.06140125315483,24.77888458761941,0 89.06148942241437,24.77900095066417,0 89.06151843527145,24.77908755669502,0 89.06151729839101,24.7792321394079,0 89.0615163785728,24.77934904790833,0 89.06151557405701,24.77945127242567,0 89.06148497458732,24.77956629221648,0 89.06148130929765,24.77971763526728,0 89.06147325490241,24.77979778529033,0 89.06145195692314,24.77998854983154,0 89.06145058845502,24.78016250050824,0 89.06144921549837,24.78033701636748,0 89.06144818943059,24.78046748026916,0 89.0614568289399,24.78062737623096,0 89.06141632203042,24.78074346050566,0 89.06138559792156,24.7808742937336,0 89.06134508637804,24.78099094318103,0 89.06127500100594,24.78109214848315,0 89.06118499930894,24.78120847294192,0 89.061115139828,24.78128087450424,0 89.06102536499523,24.78136839518963,0 89.06089622434031,24.78142685209859,0 89.06065773911338,24.78154389655908,0 89.0604491834243,24.78163120172692,0 89.0602308401036,24.78170432276942,0 89.06013150886278,24.78174829023022,0 89.05997267811402,24.78180598691442,0 89.05965477611598,24.78195187725424,0 89.05959469807547,24.78203902726357,0 89.05962347048573,24.78215613111843,0 89.05964224626304,24.78228559493627,0 89.05966078307677,24.78244555708429,0 89.05965906844708,24.78266299646682,0 89.05963845789482,24.78276622031668,0 89.05962764724607,24.78288193431329,0 89.05951876399608,24.78288178346473,0 89.05935048267831,24.78288237227725,0 89.05923169656134,24.78288272130075,0 89.0589743331268,24.78288272360593,0 89.05886544532537,24.78288313746834,0 89.05871696965781,24.78288272546824,0 89.05855858207561,24.7828839428209,0 89.05849917592259,24.7828858116808,0 89.05824182595067,24.78288411806812,0 89.05794509684974,24.78285505505589,0 89.05771776287573,24.78281289252374,0 89.05747029219947,24.78281352174266,0 89.05735151153678,24.78281330406831,0 89.0571931329762,24.78281339049855,0 89.0571042733753,24.7827845646561,0 89.05689731998226,24.78266854613244,0 89.05681859150698,24.78261041734715,0 89.0567402015249,24.78250936505803,0 89.05662255986795,24.78236512897217,0 89.05646567841367,24.78217601434574,0 89.05636715839537,24.78211718949727,0 89.05624825692054,24.78213222011754,0 89.05606973481645,24.78217622761716,0 89.05589155682394,24.78217674713724,0 89.05572339305306,24.78216264687544,0 89.0556147340677,24.78213425456791,0 89.05549663719458,24.78204762411039,0 89.055369681077,24.78182990141916,0 89.05529210678833,24.78162605918152,0 89.05521441321123,24.78143746607734,0 89.05514638862273,24.78127774209135,0 89.05506972823513,24.7809586854969,0 89.05507053342036,24.78085702587817,0 89.05504245025298,24.78065351042085,0 89.05500434390282,24.78046574303946,0 89.05495623710472,24.78029090049408,0 89.05479981811965,24.78004417707846,0 89.0546907084522,24.78007282633699,0 89.05451218953523,24.78011683182002,0 89.05439306090005,24.78016066374423,0 89.05432107839862,24.78018842846551,0 89.05428610869819,24.78022942869445,0 89.05411509758365,24.78026275126265,0 89.05402565858518,24.78030734449174,0 89.05380697352949,24.7804233788871,0 89.05365780216589,24.78051106679206,0 89.05348883877333,24.7805980592665,0 89.05340918934309,24.78065627223437,0 89.05312097145602,24.78080290982524,0 89.05302141357406,24.78087511129887,0 89.05290205557876,24.78094774590239,0 89.05280237203992,24.78103576075718,0 89.05274240667653,24.78110822335054,0 89.05264261468317,24.78120979269138,0 89.05255227720163,24.78136734047628,0 89.05247191414254,24.78151535281792,0 89.0524014754826,24.78166004138624,0 89.05234081760811,24.78181947955824,0 89.05228981963387,24.78200891657249,0 89.05228854582784,24.78216931338468,0 89.05229752852566,24.78228459327367,0 89.05229637109696,24.782430305138,0 89.05232525323213,24.78253272678993,0 89.05242286550796,24.78270563832368,0 89.0526089723332,24.78295312610324,0 89.05271716988725,24.78303969245965,0 89.05283526143565,24.78312688945093,0 89.05299307009545,24.7831985340578,0 89.05310172503741,24.78322749343299,0 89.05323996253838,24.78327076901183,0 89.05333872471742,24.78329909749728,0 89.05354601578843,24.78337219846858,0 89.05368402475369,24.78344427649755,0 89.05393046148259,24.78357411689678,0 89.05401885453165,24.78366168166487,0 89.05397856849193,24.78374895971152,0 89.05385932466865,24.78380691207096,0 89.05372027474064,24.78386586196823,0 89.0535813509471,24.78390899822947,0 89.05329428218009,24.7839099238949,0 89.05309631005929,24.78390974313845,0 89.05297751801939,24.78391065244698,0 89.05284883757766,24.7839103648389,0 89.05272015260067,24.78391064321075,0 89.05258156916376,24.78391085592416,0 89.05245265961196,24.78393937177463,0 89.05230405678086,24.7839547679012,0 89.0521154037117,24.78402750825072,0 89.05192662491365,24.78411606188888,0 89.05182682999538,24.78421763084572,0 89.05178654123688,24.78430490842018,0 89.05173600928686,24.7844356091211,0 89.05171494152449,24.78459530955022,0 89.05172402776948,24.78469759916878,0 89.05172287799994,24.78484218247149,0 89.05172172367961,24.78498733005751,0 89.05175038141002,24.78511798949365,0 89.05174911076004,24.78527782201364,0 89.05177799328003,24.7853802428187,0 89.05181667528241,24.78549515521017,0 89.05181505914494,24.78569847465405,0 89.05181332664188,24.7859164781296,0 89.05178224842187,24.78609023271105,0 89.05173194411421,24.78619212964096,0 89.05162189864708,24.78633768508503,0 89.05151231601386,24.7864250685702,0 89.05135311635732,24.78652793830012,0 89.05125379047038,24.78657020473758,0 89.05106512373277,24.78664407350783,0 89.05085678142356,24.78670256151574,0 89.05066812234479,24.78677530035116,0 89.05053920118719,24.7868049442225,0 89.05038035893079,24.78686263048388,0 89.05019215841075,24.78687776111206,0 89.04997426271645,24.78689269437945,0 89.04978595000009,24.78692194336249,0 89.04953847109789,24.78692255997179,0 89.04929099769208,24.78692261006676,0 89.04900392130112,24.78692352704362,0 89.04873664586468,24.7869240107725,0 89.04844980749334,24.78689499338117,0 89.0482126826337,24.7868386301937,0 89.04806478394585,24.78676535096039,0 89.04800597071032,24.78669266506985,0 89.04793759662468,24.78657755397088,0 89.04785933414092,24.78646124839663,0 89.04781099594881,24.78631633650182,0 89.0477819994795,24.78622859790723,0 89.04775299850625,24.78614142539524,0 89.04768439582287,24.78605511798029,0 89.04751634944429,24.78602575950611,0 89.04736798251398,24.78601121668462,0 89.04718024315309,24.78596873573883,0 89.04705167358183,24.78595432438576,0 89.04675504778346,24.78591168305864,0 89.04659678337295,24.78589707351978,0 89.04627011536216,24.78589772134213,0 89.04616122972868,24.78589756092393,0 89.04605233950282,24.78589796471363,0 89.04589406955887,24.78588391872539,0 89.04573580521438,24.7858693082665,0 89.04550847293069,24.78582656208908,0 89.04519229234111,24.78575385219811,0 89.04508363654458,24.78572488710903,0 89.04479760279291,24.78559589706912,0 89.0445905485448,24.78549341389463,0 89.04441330214898,24.7853770106758,0 89.04425573040344,24.78527598780056,0 89.04419691544832,24.78520386449787,0 89.04404947368363,24.7850741035669,0 89.04396108611893,24.78498653343745,0 89.04384358341358,24.78482647295651,0 89.04378488265,24.78474022963981,0 89.04368705917801,24.78459498626485,0 89.04353030898804,24.78439173809163,0 89.04340301810745,24.784218056403,0 89.04324615047919,24.78402949197393,0 89.04309907357992,24.78385454814281,0 89.04291238582165,24.78368159923057,0 89.0427357246854,24.783492901753,0 89.04257875070545,24.78331789110825,0 89.04242199482157,24.78311577190323,0 89.04222565136131,24.78291282234115,0 89.04205888520674,24.78272475535316,0 89.04188222675253,24.78253605667463,0 89.04173514800677,24.7823616764378,0 89.04146997542395,24.78210178421034,0 89.04129332238385,24.78191252043223,0 89.04111654760987,24.7817385057146,0 89.04098891905868,24.78160774529966,0 89.04082204246622,24.78143379651379,0 89.04061592113987,24.78121665916069,0 89.04046861024287,24.78107164568066,0 89.0402919556128,24.78088294569559,0 89.04013486142972,24.78072374650572,0 89.03999733210408,24.78059348299472,0 89.0397714217881,24.78037564718403,0 89.03967337088096,24.78025976884249,0 89.03954573979037,24.78012957218272,0 89.03938853884679,24.77998392672228,0 89.03925124235165,24.77982485933695,0 89.03901578316687,24.77956403278738,0 89.03892728515699,24.7794911432802,0 89.03877007189836,24.77934719083125,0 89.03863255477583,24.7792157972747,0 89.03856385251945,24.77914304052344,0 89.03847581987309,24.7790125436061,0 89.03837788469244,24.77888254530124,0 89.03827984091529,24.77876610157632,0 89.03812275201436,24.77860689989484,0 89.0379951288915,24.77847613738269,0 89.03767058243717,24.77821640314378,0 89.03755216134137,24.77817211699242,0 89.03745340708511,24.77814377755901,0 89.03731529991083,24.77808580337006,0 89.03716694488882,24.77807124970397,0 89.03702848234359,24.77805732770276,0 89.03688990523776,24.77805752454406,0 89.03676122619464,24.77805778878545,0 89.03661263837395,24.77807203769173,0 89.03647382472087,24.77810160336076,0 89.03631510118799,24.77814515365726,0 89.03618641738159,24.77814598170034,0 89.03600825445288,24.77814534675614,0 89.03589912912437,24.77817567623127,0 89.03577045449774,24.77817537353275,0 89.03555245419862,24.77820496907252,0 89.03536403327,24.77824888434027,0 89.03510644696952,24.77827764715117,0 89.03475976216922,24.77830806766885,0 89.03454188075931,24.77832297758464,0 89.03433366299932,24.77836675714236,0 89.0342048649252,24.77838170247242,0 89.03404637352263,24.77839644817492,0 89.03385807018192,24.7784256765227,0 89.03365998356124,24.77844071791495,0 89.03346189688746,24.77845575995046,0 89.03325403166146,24.77845605068218,0 89.03302613751001,24.77848501054572,0 89.03280813570167,24.77851460125856,0 89.03261983177464,24.77854382807713,0 89.03230308169056,24.77854451101874,0 89.03199623896047,24.77854413074343,0 89.03169647552215,24.77858615773415,0 89.03150072136033,24.77861872070465,0 89.03114402272955,24.77866318587154,0 89.03099042411878,24.77868473833526,0 89.0308368264317,24.77870629063117,0 89.03053987090854,24.77870710300452,0 89.03022312569473,24.77870721636108,0 89.02986701859464,24.77867882180059,0 89.02972856130233,24.7786643278262,0 89.0295212833493,24.77859232184935,0 89.02939294850088,24.7785502200326,0 89.02934358823153,24.77853407075468,0 89.02925520799613,24.77844762126646,0 89.02913713818377,24.77836040513922,0 89.0290789243913,24.77821598438743,0 89.02907999119961,24.77808495688338,0 89.02909106957551,24.77793987661239,0 89.02909225552072,24.77779416489976,0 89.02911347118888,24.77761978333579,0 89.0291147632837,24.77746108208182,0 89.02914576613161,24.77730032237901,0 89.02914658902449,24.77719922758144,0 89.02913812086649,24.77702351600682,0 89.02913929751287,24.77687893376815,0 89.02901061081317,24.77688031983643,0 89.02890173308656,24.77688014543071,0 89.0287631576867,24.77688033464699,0 89.02866393761063,24.77690959657733,0 89.02845619462528,24.77689519535086,0 89.02831773939339,24.77688069993034,0 89.0279813180474,24.77686655482849,0 89.02769427011786,24.77686686418072,0 89.02758538300014,24.77686781830381,0 89.02736762276338,24.77686803343455,0 89.0272189105428,24.77689752240433,0 89.02705004406954,24.77697092844162,0 89.0269404561907,24.77705772849078,0 89.02684076618861,24.77714459575579,0 89.026760986856,24.77721747761834,0 89.02667107889957,24.77731853111596,0 89.02660083715233,24.77743553289573,0 89.02651092425204,24.77753715150804,0 89.02644104157527,24.77761010144679,0 89.02636102648582,24.77771178639081,0 89.02630103703154,24.77778536788243,0 89.02619132844589,24.77788685167731,0 89.02606170865876,24.77800231976413,0 89.02590226742261,24.77813339941027,0 89.0258422765111,24.77820698075761,0 89.02568259940482,24.77836686346951,0 89.02557277393029,24.77848246501084,0 89.02549275293917,24.77858471565833,0 89.02541273647289,24.77868640017191,0 89.02533271890522,24.77878808556566,0 89.02520332449389,24.77887587830263,0 89.02512355148531,24.778947630835,0 89.02498425856648,24.77903535600926,0 89.02482528967757,24.77910826290379,0 89.0246769339379,24.77909369683632,0 89.02461836951154,24.77899276157054,0 89.02456982771903,24.77887664607919,0 89.02452117003176,24.77877464871358,0 89.02447274809509,24.77864384894186,0 89.02447393568615,24.77849870121377,0 89.02444613586313,24.77826694130379,0 89.02444720753887,24.77813591352297,0 89.0244485139016,24.77797608246438,0 89.02440020839741,24.77783116267501,0 89.0243917290656,24.77765770938677,0 89.02436322730323,24.77751179499818,0 89.02436406343882,24.77740957139527,0 89.02431574893987,24.7772657810375,0 89.0241877920719,24.77717792802183,0 89.02409906909998,24.77713383324357,0 89.02398051926775,24.77710591399189,0 89.02387187221061,24.77707749783342,0 89.02376323454864,24.7770479512005,0 89.02355783747537,24.77704937397207,0 89.02345632688051,24.77705602385309,0 89.02337714184347,24.77705604888303,0 89.02326825897966,24.77705643558255,0 89.02310076339924,24.77696209881119,0 89.02295228574907,24.77696277939535,0 89.0227939194406,24.77696226368913,0 89.02266043633877,24.77694497215143,0 89.02245773564216,24.77691930098767,0 89.02209150174951,24.7769196231905,0 89.02160648888503,24.77692026232571,0 89.0214109878316,24.77692174979867,0 89.02129927892383,24.77696504031341,0 89.02113109423408,24.77695485316336,0 89.02102248535077,24.77692191601792,0 89.02095319735115,24.77692200744567,0 89.02084432013953,24.7769218271636,0 89.02065648872777,24.77689343135155,0 89.02044875053477,24.7768784537469,0 89.02040009333325,24.77677702083719,0 89.02037572062764,24.77673166967761,0 89.02034893845395,24.77667839402408,0 89.0203026626959,24.77658827313111,0 89.02030396512647,24.77642957213468,0 89.02031542197908,24.77623987561048,0 89.02031660892295,24.77609529277548,0 89.02031779589147,24.77595071084061,0 89.02031983279008,24.7757027746832,0 89.02032090801394,24.77557174753111,0 89.02032174286738,24.77547008801036,0 89.02035227049467,24.77536863168126,0 89.0203532161305,24.77525341828565,0 89.02036443158775,24.77509309029143,0 89.0203854180542,24.77494807861057,0 89.02043645864266,24.77475921819606,0 89.02046758790614,24.77458434139837,0 89.02049859321374,24.77442471314581,0 89.02049955286205,24.77430780505578,0 89.02053078433454,24.77412050294917,0 89.02057205251111,24.77391632620618,0 89.02062451963219,24.77355351525374,0 89.02063549342688,24.7734225548868,0 89.02068725142639,24.77314615487052,0 89.02071908522605,24.77288543226077,0 89.02077107949368,24.77258022796418,0 89.02077642219058,24.7725322566842,0 89.02081484419229,24.77207163778145,0 89.02084584769686,24.77191201039069,0 89.02087804717964,24.77160667062691,0 89.02090034896769,24.77130126314508,0 89.02093230230226,24.77102585711896,0 89.02095579531965,24.77057530334032,0 89.02095686084681,24.77044540563697,0 89.02095888683604,24.77019859889204,0 89.02096092127621,24.76995066356377,0 89.02094291209578,24.76973309082629,0 89.02094433444702,24.76955970456769,0 89.02094613337812,24.76934057257058,0 89.02094780178845,24.76913725434845,0 89.02090975301178,24.76894947898322,0 89.0209111848948,24.76877496411583,0 89.02088304680284,24.76858556177082,0 89.02086492166447,24.76838210805836,0 89.02083712751178,24.76815091271358,0 89.02075950507633,24.767961171625,0 89.02071144425355,24.76778744748498,0 89.02067375330249,24.7675561843245,0 89.02061544798077,24.76742475054643,0 89.02058730140872,24.76723647846105,0 89.02051921189003,24.76709142205734,0 89.02047079855001,24.76696062115878,0 89.02037326008622,24.76678599278683,0 89.02017482904938,24.76684506901262,0 89.01999668286719,24.76684441393733,0 89.01989747005594,24.76687366878354,0 89.01967960706061,24.76688855588778,0 89.01957072914438,24.766889504517,0 89.01941225600082,24.76690366869148,0 89.01917435383793,24.7669483522688,0 89.01902577679765,24.76696258299791,0 89.01883736710064,24.76700647587131,0 89.01862916370993,24.76705023274038,0 89.01844111140349,24.76705063742977,0 89.01828497728199,24.76708119571988,0 89.0180647751115,24.76707968429912,0 89.01780743632681,24.76708074218797,0 89.01759934820656,24.76711037855185,0 89.0173813683829,24.76713938145732,0 89.01710423580748,24.76714030220285,0 89.01636156988224,24.76718490247433,0 89.01620308628743,24.76720019188891,0 89.01594551863552,24.76722892053593,0 89.01570774542375,24.76725778489616,0 89.01551968778456,24.76725875023086,0 89.01534177009432,24.76723041568551,0 89.01504568775989,24.76712897225584,0 89.01489782859269,24.76705622427537,0 89.01481912568676,24.76699863746489,0 89.01479014905489,24.76691202268399,0 89.01473185011024,24.76678058618959,0 89.01471408599339,24.766534773639,0 89.0147152991369,24.76638793307965,0 89.01471613336231,24.76628683839943,0 89.01471721615195,24.76615581165358,0 89.01470816362674,24.76605351931564,0 89.01472962652304,24.76585146714054,0 89.01473118453866,24.7656628325806,0 89.01473215016867,24.76554592496272,0 89.01473358158211,24.76537253993179,0 89.01458488561234,24.76540145047819,0 89.01431753640023,24.76541655311627,0 89.01416907850545,24.7654166606935,0 89.01417956739958,24.76534500192615,0 89.01419488812235,24.76528749773836,0 89.0142178975551,24.76519785251466,0 89.01427141310457,24.76500957612058,0 89.01430182660843,24.76492224078645,0 89.01431303854046,24.76476304302878,0 89.01433379308438,24.76464683604348,0 89.01437688002973,24.76452287623507,0 89.01439461885235,24.76447216627017,0 89.01439557540058,24.76435638721128,0 89.01439654142835,24.76423947955712,0 89.01441753305851,24.76409446910741,0 89.01440906899788,24.76392101583162,0 89.01441039422265,24.76376062037365,0 89.01441231116326,24.76352849975757,0 89.01444404477094,24.76328133323987,0 89.01444596169488,24.76304921171129,0 89.01449785103077,24.76275813036822,0 89.01450858730499,24.76265653951354,0 89.01453995575118,24.76245342599035,0 89.01456167015206,24.76222087651665,0 89.01456334977689,24.76201755843179,0 89.01455198054379,24.76159670039042,0 89.01453810183806,24.7614796908802,0 89.01450936519559,24.76136427241397,0 89.01446096070264,24.76123346983817,0 89.01433289799424,24.7611614223533,0 89.01424406414772,24.76113257023076,0 89.01409609172953,24.76107450525787,0 89.01398758837813,24.7610308321744,0 89.01388885887194,24.76100191159664,0 89.01378023358967,24.76097292270459,0 89.01349406435472,24.76087154514072,0 89.01341549201389,24.76079870862123,0 89.01332700502429,24.76072806277121,0 89.01322876241784,24.76064040524133,0 89.01315019037709,24.76056756856137,0 89.01302225021436,24.76048083551418,0 89.01291374199322,24.76043772680569,0 89.01271581378532,24.76043692675384,0 89.01259692879538,24.76045192078191,0 89.01241853539371,24.7604823185795,0 89.01233888867117,24.76053937890345,0 89.01222953454203,24.76059849314833,0 89.01214976164455,24.76067080202751,0 89.01203980940883,24.76080220750555,0 89.01190982546574,24.76096227879932,0 89.01180965101305,24.76110787166841,0 89.01171926034458,24.76126708681428,0 89.01153943399837,24.76147030381708,0 89.01143008815089,24.76152828804854,0 89.01129092748435,24.76160131655142,0 89.01119159014804,24.76164581416115,0 89.0110823701047,24.76168854950528,0 89.01092365432336,24.76173263734968,0 89.01079498855519,24.76173344154595,0 89.01063664263324,24.76173291171344,0 89.01047828345226,24.76173407639924,0 89.01036965812375,24.76170508502457,0 89.01013238133817,24.76167520339402,0 89.01000407161301,24.76163308511351,0 89.00966782271101,24.76160364822269,0 89.00921255512526,24.76160501497489,0 89.00900495879735,24.76157646663369,0 89.00860944498157,24.7615330611264,0 89.00848102740787,24.7615039311818,0 89.00826377413584,24.76144650965051,0 89.00808647749906,24.76134474572095,0 89.00800777651605,24.76128772006075,0 89.00790953691039,24.76120005883647,0 89.00777194331236,24.76108444981994,0 89.00753604898327,24.76088852135648,0 89.00736895032928,24.76075067937919,0 89.00715182064994,24.76067857263344,0 89.00700372968444,24.76063518478484,0 89.00686554513305,24.76059073507271,0 89.00675679956167,24.76057642534033,0 89.00663802673442,24.76057785979033,0 89.00651925768216,24.76057872986037,0 89.00640050291368,24.76057790513372,0 89.00624214957793,24.7605785000453,0 89.00613292468512,24.76062179611725,0 89.006043237867,24.76069572791465,0 89.00596346583775,24.76076746852461,0 89.00583383597264,24.76088404705058,0 89.00573426624767,24.76095621522116,0 89.00567415977835,24.76104334192923,0 89.00561417050839,24.76111635033061,0 89.00551446887484,24.76120433136322,0 89.00541465360271,24.76130586724167,0 89.00529456090698,24.76146543694614,0 89.0051643268464,24.7616543056551,0 89.0050741674486,24.76178471373944,0 89.00494393373177,24.76197358227795,0 89.00481369865979,24.7621624516394,0 89.00468369313519,24.76232364591819,0 89.00446402305609,24.76255594686112,0 89.00440403236668,24.76262895395173,0 89.00424470916138,24.76274532473827,0 89.00409541061929,24.76284651552597,0 89.00392643624845,24.76293344921925,0 89.00357881711805,24.7630801373529,0 89.00339016267881,24.76315337775826,0 89.0032714005184,24.76315311590477,0 89.00306380709611,24.76312399420229,0 89.00268795609402,24.76309595890023,0 89.00240142683366,24.76303804611084,0 89.00224355687934,24.76298046452422,0 89.00200700189509,24.76286416004361,0 89.00192831298368,24.76280600066362,0 89.00178069935801,24.76270556561574,0 89.00164310924566,24.7625899507324,0 89.00148585849631,24.76245838369536,0 89.00135756085429,24.76241512745331,0 89.00119992862413,24.76232930713934,0 89.00102227190423,24.76227102173477,0 89.00083459577709,24.7622273505437,0 89.00059718311988,24.7622138319295,0 89.0004190438484,24.76221315219328,0 89.00023063483539,24.76225702069729,0 88.99999262107933,24.7623152267709,0 88.99984416675882,24.76231531898891,0 88.99968581064793,24.76231590620176,0 88.99956728212611,24.76228796718035,0 88.99936995687509,24.7622148569692,0 88.99924191044819,24.76214166658834,0 88.99905446816076,24.76207031983043,0 88.998945968355,24.76202663556912,0 88.99875840736232,24.76196940766276,0 88.99861007620659,24.76195481419447,0 88.99851134593058,24.76192644847375,0 88.99834310384361,24.76192583547827,0 88.99807624966827,24.76188273613926,0 88.99769026453897,24.76188342238851,0 88.99750233908559,24.76186968009523,0 88.99745358858759,24.76178235812585,0 88.99737600370088,24.76159317012915,0 88.99737709925456,24.76146270750117,0 88.99737831980453,24.76131756130203,0 88.99736977128319,24.76115709703567,0 88.99737086306232,24.76102719959123,0 88.99739260582031,24.76079521755733,0 88.99739346501256,24.76069299340262,0 88.99739517381141,24.76048967549754,0 88.99738710882374,24.76027160472211,0 88.99741850612362,24.7600684947961,0 88.99745991834979,24.7598513358428,0 88.99745185817493,24.75963269985388,0 88.99745356699455,24.75942938192803,0 88.99745552185703,24.75919669600262,0 88.99745685589754,24.75903799572802,0 88.9974583311988,24.75886235200316,0 88.99741091619924,24.75861632962465,0 88.9973922157382,24.75848629347099,0 88.99733418248672,24.75832604763755,0 88.99731524472753,24.75822424996931,0 88.99724718819108,24.7580791825835,0 88.99718890345368,24.75794886988217,0 88.9971207231907,24.75781848688171,0 88.99704290419976,24.75765753694444,0 88.99701405677403,24.7575573645474,0 88.9969159467468,24.75745557612942,0 88.9968080653878,24.75733903558447,0 88.9966996897768,24.75728123009437,0 88.99657164140284,24.75720916736205,0 88.99647292876668,24.75717910531658,0 88.99636454381083,24.75712242907057,0 88.99621683259807,24.75703497841033,0 88.99585310343434,24.75674494077045,0 88.99579433175001,24.75667279823352,0 88.99566702110377,24.7565131948417,0 88.99556976912596,24.75630974722149,0 88.99552138354903,24.75617950223879,0 88.99541435507396,24.75596186663757,0 88.99531723309047,24.75574317000189,0 88.99523975983817,24.75554155576177,0 88.99508423794569,24.75520666445594,0 88.99499748868834,24.75493156083802,0 88.99495875690747,24.75483018885334,0 88.99491148574211,24.75456778778444,0 88.99484368194857,24.7543933517812,0 88.99477586291586,24.75422061045738,0 88.99469816800543,24.75404553962624,0 88.994522359632,24.75376980969799,0 88.99443438822736,24.75363985118958,0 88.9942776339186,24.75345179991063,0 88.99413005682418,24.75334909800188,0 88.9940319439261,24.75324843768142,0 88.99389438219545,24.75313168581085,0 88.99376633969767,24.75305962027163,0 88.99358844745377,24.75303125820011,0 88.99347959161486,24.75303105756425,0 88.99335069713818,24.75306008565902,0 88.99318172422814,24.75314757033972,0 88.9930723719884,24.75320610558839,0 88.99294310929639,24.75327862073404,0 88.99281371800002,24.75336638366691,0 88.99267505128779,24.75338065704796,0 88.99254652328035,24.75336619710448,0 88.99244780584691,24.75333726163384,0 88.99234932612325,24.75328008842377,0 88.99221152229705,24.7531921378032,0 88.99215275059954,24.7531205587596,0 88.9920643007908,24.75304764013764,0 88.99192697974334,24.75290264773272,0 88.99181910702693,24.75278610298544,0 88.9917017008156,24.75262656621794,0 88.99162350560617,24.75251136003877,0 88.99149669688825,24.75229358139914,0 88.99141863555067,24.75216256197526,0 88.99132102185978,24.75200316345185,0 88.99123355321811,24.75181446740345,0 88.99114584008476,24.75165457420754,0 88.99103869965599,24.75145161913589,0 88.99099056963436,24.75129200497549,0 88.99096161369229,24.75120538594314,0 88.99091324488482,24.75107401035375,0 88.9908851493025,24.75088573283266,0 88.99083677588995,24.75075492240677,0 88.99080802633583,24.75064401752969,0 88.99079903316263,24.75053720692065,0 88.99080014123061,24.7504061803329,0 88.99080100640923,24.75030395665066,0 88.99080210481071,24.7501740595695,0 88.99082275527722,24.75007254073135,0 88.99082361562242,24.74997088225241,0 88.99083461874079,24.74983992547741,0 88.99083572682034,24.74970889888067,0 88.99083658717475,24.74960724039783,0 88.99088692256886,24.74950593011026,0 88.99088778289261,24.74940427162726,0 88.99089890594816,24.74925919552945,0 88.99093019636905,24.74906964302531,0 88.9909316624523,24.74889625849861,0 88.99091395897341,24.74864931447183,0 88.9909162990149,24.74837257763954,0 88.99091862071865,24.74809809980594,0 88.99092108954268,24.74780611413998,0 88.99088419869801,24.74748786955164,0 88.99085660958548,24.74723972612868,0 88.99083865412869,24.74702271534936,0 88.99081056388972,24.74683387336348,0 88.99079273734638,24.74660161283744,0 88.99074448508647,24.74645668289237,0 88.99071627611551,24.74628196016778,0 88.99066851105306,24.74607942341555,0 88.99063040758698,24.74590463080358,0 88.99057287207813,24.74568734052365,0 88.99055443435535,24.74552737120002,0 88.99049628819073,24.74538237125097,0 88.99044840484477,24.74519395457713,0 88.99040993304105,24.74506264842814,0 88.99038233707812,24.74481563515009,0 88.99038331619421,24.74469985728554,0 88.99038442512251,24.74456883148347,0 88.99038528997275,24.74446660772315,0 88.99041742600686,24.74417709140146,0 88.99045774620274,24.74408983074337,0 88.99050930799511,24.7438433764153,0 88.99058970401417,24.74369765980726,0 88.99062037730593,24.74358096201243,0 88.99067095969126,24.74345028461219,0 88.99070187202859,24.74330534816372,0 88.99076271666853,24.74313125313486,0 88.99083297252804,24.74301427043263,0 88.99086364546899,24.7428975726028,0 88.99094452747069,24.74269424907157,0 88.99100524763628,24.74253483849147,0 88.99106584760285,24.74238954631757,0 88.99114660996779,24.74220034292168,0 88.99116927895679,24.74215249386854,0 88.99120708575758,24.74206973522523,0 88.99128747411223,24.74192458265042,0 88.9913679871506,24.74176474641136,0 88.99144813227493,24.74164839760072,0 88.99150811595739,24.74157596088785,0 88.99154868237402,24.74145933277542,0 88.99157910667476,24.74137200297776,0 88.99161942428917,24.74128474209724,0 88.99164031600171,24.74115442023889,0 88.99167135067471,24.74099480003855,0 88.99167245752263,24.74086377426624,0 88.99164350408056,24.74077715513037,0 88.99164449195619,24.74066024776342,0 88.99160612617246,24.74051651813224,0 88.99154786643224,24.74038507345363,0 88.99149924753731,24.74028363102443,0 88.99145063456234,24.74018162425575,0 88.99140202165748,24.74007961656241,0 88.99129438982236,24.73993596320643,0 88.99106667773539,24.73995073696192,0 88.99097799543203,24.73990662169877,0 88.99087928917379,24.73987768535633,0 88.99074112508875,24.73983435012708,0 88.99054309678299,24.73984933269097,0 88.99040444554907,24.73986360395599,0 88.99019640271344,24.7398926355052,0 88.99010685537682,24.73995074263198,0 88.98995768748287,24.74003836355514,0 88.98984834169292,24.74009746019751,0 88.98974914306227,24.74012669423791,0 88.98959058260394,24.74015494423257,0 88.98945167680623,24.74019914712878,0 88.98932279515508,24.740228171919,0 88.98915420532012,24.74027216465727,0 88.98905501605925,24.74030026874378,0 88.9889258800122,24.74035922569648,0 88.98879699802805,24.74038824914906,0 88.98870769317199,24.74041755252983,0 88.98852933371991,24.7404467909343,0 88.98842035464594,24.74046239908195,0 88.98828145774243,24.74050547232832,0 88.98815269966488,24.74051981070168,0 88.98804359620109,24.74055010312571,0 88.98792411968138,24.74063680277462,0 88.98781452759239,24.74072470101344,0 88.9877345037723,24.74082636442565,0 88.98759425029382,24.74102926607899,0 88.98748355513311,24.74124706062149,0 88.98742307566991,24.74137766704709,0 88.98732251915919,24.7415667285895,0 88.98729196841514,24.74166874134096,0 88.98723160806769,24.74178522836876,0 88.98710198080926,24.74190178987043,0 88.98696258324995,24.74200359661062,0 88.98683332969657,24.74207610605183,0 88.98665496631018,24.742105342407,0 88.98654624018576,24.74209101677559,0 88.98638791644794,24.74209102487349,0 88.98608116238925,24.74209111075339,0 88.98596241637487,24.74209139818502,0 88.98572492046728,24.74209253886362,0 88.98559617005564,24.7421057465457,0 88.98536819966874,24.74215044352709,0 88.98522965978992,24.74215115514896,0 88.98496198961448,24.74220969088679,0 88.9848329789495,24.74225339477075,0 88.98462456117602,24.74232590467438,0 88.98442112935932,24.74239393183662,0 88.98424766911978,24.74242828332982,0 88.98403949622745,24.74247198942216,0 88.98385098250967,24.74253108384264,0 88.98365258386882,24.74258897909372,0 88.98335753811749,24.7426665197047,0 88.98321619623457,24.74270561695019,0 88.98300789269948,24.7427645705375,0 88.98274022962102,24.74282197112655,0 88.98262122806052,24.74285218940924,0 88.98237347465314,24.74289561168051,0 88.98221477376839,24.74293966737094,0 88.98197666948377,24.74301196247523,0 88.98170862442487,24.74311397844059,0 88.98145047443934,24.7432160644129,0 88.98116263934489,24.7433179394081,0 88.98102397277819,24.74333333090353,0 88.98083583235089,24.74334836972701,0 88.98059834317422,24.74334837291102,0 88.98028168664214,24.74334893996603,0 88.97995514038594,24.74334887147339,0 88.97976712103416,24.74334979046993,0 88.97955931641664,24.74335000283974,0 88.97924304144777,24.7433059513947,0 88.97899602470889,24.74326295802572,0 88.97873923497707,24.74320577418332,0 88.97848269719343,24.74311922247472,0 88.97821627399534,24.74303147011131,0 88.97794996776973,24.74293016305144,0 88.97767376151091,24.74282934908566,0 88.97743727106534,24.74271300339818,0 88.97715142318503,24.74258275023796,0 88.97699881633415,24.74249298544875,0 88.97682897571275,24.74239349461303,0 88.97645258152387,24.74214850205162,0 88.97608895547842,24.74185728609778,0 88.97572531245697,24.74156832816934,0 88.97541140555174,24.74124922668554,0 88.97520597113858,24.740973825996,0 88.97505991574855,24.74069772087505,0 88.97493402227191,24.74037826962483,0 88.97486675037966,24.74014621842496,0 88.97480211161673,24.73989554854781,0 88.97479145134187,24.7396966608994,0 88.97479332515807,24.73947866121594,0 88.97479507608678,24.73927478007148,0 88.97479557158438,24.73921717374369,0 88.97479719669428,24.73902797632307,0 88.97479831746898,24.7388975147353,0 88.97482912685031,24.73876670162636,0 88.97491955412534,24.7386069457161,0 88.97499958662813,24.73850528947589,0 88.97507975072918,24.7383883851488,0 88.97521939675892,24.73825835113236,0 88.97534903139065,24.73814180122427,0 88.97545887743114,24.73802510852569,0 88.97563823094924,24.73788010969287,0 88.97580744235223,24.737763842049,0 88.97596663850068,24.73766162278531,0 88.97607107589414,24.73759854725016,0 88.97625508939268,24.7374869039457,0 88.97639448577101,24.73738567210794,0 88.97657372141157,24.73725422556817,0 88.97671312708006,24.73715186394421,0 88.97681294539089,24.73705034940116,0 88.97687330891206,24.7369344312497,0 88.97687430597212,24.73681808917397,0 88.9767965176499,24.7366582589659,0 88.97671823091875,24.73655659929481,0 88.97663969303933,24.73648430792149,0 88.97644291378809,24.73635412543384,0 88.97624613984109,24.73622337744896,0 88.97614756103259,24.73618031245987,0 88.97601942693848,24.73612235015893,0 88.97588140778285,24.73606318735735,0 88.97568424185459,24.73597818540057,0 88.97546730783894,24.73589078231792,0 88.97527016207817,24.73580351983724,0 88.9751025678089,24.73573171972021,0 88.97498433842428,24.73567269788155,0 88.97481673955224,24.73560146173114,0 88.97460957971387,24.73552824679945,0 88.97440140491473,24.73557306853235,0 88.97421341245521,24.73557228598722,0 88.97405483915975,24.73560221232227,0 88.97392621050523,24.73560185450485,0 88.97381711785251,24.73563100699719,0 88.97366832319011,24.73567455906083,0 88.97352929540077,24.73573286577452,0 88.97342996950097,24.73577677278878,0 88.97323119339096,24.7358792694492,0 88.97313187316486,24.73592261105395,0 88.97303242581741,24.73598063725945,0 88.97289302303078,24.73608243036727,0 88.97280347044266,24.73614052659261,0 88.97265429442973,24.73622812897928,0 88.97256461451934,24.73630090973927,0 88.97244525727506,24.73637291193477,0 88.97227603437554,24.73649030449666,0 88.97206724474525,24.73660628376635,0 88.97187848639662,24.73669416614497,0 88.9717790378032,24.73675219068453,0 88.97154056496183,24.7368679558368,0 88.97131684894595,24.73699342742905,0 88.97124220910027,24.73704315816037,0 88.97106334849879,24.73713054554987,0 88.97076511863087,24.73729106412804,0 88.97060592811992,24.73739214767868,0 88.97038723622836,24.73750861787445,0 88.97027776077852,24.7375818192361,0 88.97011869192919,24.73766878284663,0 88.96995948656559,24.73777156048962,0 88.96981019487012,24.73787215020327,0 88.96970085013157,24.73793010220311,0 88.96957144817411,24.73801897384073,0 88.96943229906122,24.73809083125973,0 88.96927347303958,24.73814955601847,0 88.96908484166852,24.73822218614526,0 88.96898563957973,24.73825140573403,0 88.96887679235292,24.73825175068871,0 88.96866962098372,24.73817965714524,0 88.96840321219854,24.73809245135835,0 88.96817638449649,24.73800496538546,0 88.96795956903246,24.73790399617405,0 88.96780137778322,24.73788930048807,0 88.96769253080447,24.73788964456271,0 88.96751429184143,24.73790473763268,0 88.96733530433761,24.73800623937963,0 88.96717585147429,24.73813725227994,0 88.96708591332708,24.7382393975886,0 88.96695627530261,24.73835537561564,0 88.96681648230238,24.73850121488428,0 88.96668672190229,24.73863131127674,0 88.96641779353935,24.73883495709221,0 88.96633812409964,24.73889368555334,0 88.96622877769099,24.73895163515344,0 88.966069948846,24.73901035667007,0 88.9659110068267,24.73908206709005,0 88.96580189896186,24.73911234265823,0 88.96565322375915,24.73914120247976,0 88.96556391925093,24.7391699271204,0 88.96543414690589,24.73930115206509,0 88.96532353514702,24.73950481130226,0 88.96524210716592,24.73976629081544,0 88.9651911267398,24.73993988130758,0 88.96518009565413,24.74007083528764,0 88.96515917018488,24.74020171860382,0 88.96515777953857,24.7403621126285,0 88.96515677077561,24.7404784543652,0 88.96516528349918,24.74063779043641,0 88.96516440271141,24.74073944836655,0 88.96516352095422,24.74084110721106,0 88.9651625122259,24.74095744894071,0 88.96511102546131,24.74118921030056,0 88.96504988510232,24.7413932272156,0 88.96498950837911,24.74150913954769,0 88.96493914906686,24.74161100484508,0 88.96485898313338,24.74172677398834,0 88.96474873565894,24.74188807538252,0 88.96467859587686,24.74198866702662,0 88.96456874587496,24.74210422217563,0 88.96450860854991,24.74219246059282,0 88.96432923528539,24.74233744630338,0 88.96426922970917,24.74241043653622,0 88.96411002224072,24.74251207815943,0 88.96400053363249,24.74258583969803,0 88.96382153652175,24.74268733687651,0 88.96373210192002,24.74273074439042,0 88.96360282367613,24.74280436146438,0 88.96349347157283,24.7428623093428,0 88.96333439002426,24.74294926641315,0 88.9632348050889,24.74302196868418,0 88.96306582453366,24.74310941811094,0 88.96287692130478,24.74321197298569,0 88.96263867674554,24.74329892005034,0 88.96243024403095,24.74337139813337,0 88.96228105170134,24.74345899019294,0 88.96203240529969,24.74360403553882,0 88.96188321736193,24.74369106201991,0 88.96174392390701,24.7437781610407,0 88.96152507769729,24.74390986574737,0 88.96136586694638,24.7440115046777,0 88.96125897638314,24.74407059784334,0 88.96138007510081,24.74408446757751,0 88.96162808850173,24.74401227797639,0 88.96179668838138,24.74396888237535,0 88.96196541145424,24.74391136708569,0 88.96207438634168,24.74389690825797,0 88.96220365769842,24.7438244209975,0 88.962292966391,24.74379569902594,0 88.9624120813771,24.7437530736068,0 88.96252143479003,24.74369512644515,0 88.96265058738733,24.74363619401674,0 88.96280928668828,24.74359328992345,0 88.96293791929185,24.74359422199339,0 88.96306681123981,24.74356522204602,0 88.96327498454662,24.74352267588838,0 88.96338383668413,24.74352233471951,0 88.96350258348457,24.74352206603293,0 88.96366127233904,24.74348028968523,0 88.963760480012,24.74345107421022,0 88.96384979297426,24.74342178613399,0 88.96394912266291,24.74337845105799,0 88.96412811563717,24.74327751799174,0 88.96425713493588,24.74323383234989,0 88.96436636886789,24.74318943909968,0 88.96447572079393,24.74313149059357,0 88.96460486185856,24.74307368609294,0 88.96473386586615,24.74303169389753,0 88.96483320581274,24.74298722873418,0 88.96492263520734,24.74294438578972,0 88.96509148713682,24.74287161814631,0 88.96522049571139,24.74282906124305,0 88.96540939624029,24.74272650356225,0 88.96564788728864,24.74261074900242,0 88.96580671090621,24.74255315718723,0 88.96595577261061,24.74248024560668,0 88.96603543449787,24.74242264674583,0 88.96616470581203,24.74234959199218,0 88.96626403374401,24.74230625457496,0 88.96637325218839,24.74226355377113,0 88.96650226953685,24.74221986630307,0 88.96659171261898,24.74217532859364,0 88.96676029305004,24.74213362058583,0 88.96686914476761,24.74213327694615,0 88.96702784041558,24.74209036858241,0 88.96715672961183,24.74206136436187,0 88.9673053988718,24.74203363237413,0 88.96743428794244,24.74200462882474,0 88.96755315574381,24.74199023663917,0 88.9676820446828,24.74196123198013,0 88.96780078081667,24.74196208858502,0 88.96791000726455,24.74191825720012,0 88.96801885379024,24.74191847794923,0 88.96813783812193,24.74189053106333,0 88.96829654280694,24.74184649097489,0 88.96847489992435,24.7418184075938,0 88.9685643429126,24.74177386784989,0 88.96868344854589,24.74173180109125,0 88.96885191584165,24.74170308164124,0 88.96902063207656,24.74164555787504,0 88.9692383235281,24.74164599681933,0 88.96938573304836,24.74176397276199,0 88.96938472832581,24.74188031516541,0 88.9694424663287,24.7420693754221,0 88.96946124182004,24.74218698896818,0 88.96945997345,24.74233382931684,0 88.96945896881741,24.74245017080582,0 88.96945782689457,24.74258232648903,0 88.96945632542258,24.7427562753033,0 88.96944490863687,24.7429324119025,0 88.9694425082742,24.74321027748858,0 88.96944137725347,24.74334130362582,0 88.96943948467217,24.74356043414594,0 88.96939914453503,24.7436482525606,0 88.96940715150399,24.7438668891312,0 88.96938597136594,24.74402770547775,0 88.96937537436405,24.74410896055909,0 88.96936479710899,24.7441879565963,0 88.96933372221118,24.74434870257124,0 88.96932281695941,24.74446553799472,0 88.96928235992277,24.74456691062551,0 88.96922172219027,24.74471332332134,0 88.96917135940313,24.74481575418947,0 88.96911084887839,24.74494748217942,0 88.9689605325034,24.74516554344574,0 88.96885029674011,24.74532571814077,0 88.96872027210114,24.74548574924707,0 88.96864022425024,24.74558796696125,0 88.96853011029322,24.74573402199862,0 88.96840033792232,24.74586468535198,0 88.96828020701493,24.74602478836058,0 88.96823987032315,24.74611204222618,0 88.96810997069252,24.74625738912557,0 88.96802991691847,24.74636017087509,0 88.96794999949672,24.74644713930537,0 88.96788009947488,24.74652005958878,0 88.96777023804219,24.74663674571673,0 88.96770776392796,24.74670915491586,0 88.9675807077937,24.74681159770912,0 88.96749102149778,24.7468838098883,0 88.96732166226519,24.74701475212662,0 88.96722220345433,24.74707277330463,0 88.96709293705186,24.74714469968352,0 88.96699347803857,24.74720272162428,0 88.96672503474083,24.74734819722374,0 88.96662557438077,24.74740621804967,0 88.96649643006401,24.74746402538413,0 88.96636703505122,24.74755063496639,0 88.96620806787135,24.7476240410242,0 88.96607879036647,24.74769709611708,0 88.96590994169857,24.74776873568882,0 88.96573119287632,24.7478408679022,0 88.9656020377291,24.74789980313606,0 88.96542329348264,24.74797137069307,0 88.96531393796231,24.74802931918892,0 88.96521447736043,24.74808734003649,0 88.96508494393264,24.74818976189918,0 88.96495554713545,24.74827637036109,0 88.96481612322515,24.74837815616491,0 88.9647364521805,24.74843631981751,0 88.9646168130372,24.74853881286934,0 88.96455668292022,24.74862592280368,0 88.96447626162318,24.74877049521587,0 88.96442537857251,24.74893222603851,0 88.96441459659592,24.74903437755476,0 88.96441307677492,24.74920945526512,0 88.96441105203385,24.74944270470494,0 88.96440991021966,24.74957429625874,0 88.96443883177149,24.74966261455952,0 88.96448717071009,24.74979399961848,0 88.96448628887113,24.749895657479,0 88.9645349999192,24.74998411978718,0 88.96462253893654,24.75015984233702,0 88.96473989568952,24.7503205313636,0 88.96479799854679,24.75046723590273,0 88.9648666392897,24.75054002782148,0 88.96496496574682,24.75061303428669,0 88.96509258638146,24.75073143608862,0 88.96518101789347,24.75080437087484,0 88.96535812007522,24.75092256656233,0 88.9655056795317,24.75102416813401,0 88.9657117051992,24.75123068135496,0 88.96580000566837,24.75131886470552,0 88.96594844651139,24.75131880800868,0 88.966047782435,24.75127547122607,0 88.96617642278846,24.75127640092341,0 88.9663149682811,24.75127627151988,0 88.96644323241065,24.75132068888009,0 88.96657137384913,24.75137922378385,0 88.96674872848889,24.75146861444966,0 88.96687687022235,24.75152714997515,0 88.96700513377777,24.75157156593455,0 88.96711374437328,24.75160002482498,0 88.96722234019421,24.75163017926996,0 88.96732091315096,24.75167494513357,0 88.96742963567485,24.75169041476303,0 88.96755790550439,24.75173426590285,0 88.96772562406711,24.75179365036198,0 88.96791301277034,24.75186729760778,0 88.96804153697597,24.75188177989325,0 88.96816966977295,24.75194144286382,0 88.96831760319702,24.75200011969608,0 88.96840615995356,24.75205893384367,0 88.96856360851635,24.75216173296191,0 88.96866143147862,24.75229347267137,0 88.96870977598422,24.75242485598461,0 88.96875837052882,24.75252743606665,0 88.96875735996119,24.75264434357513,0 88.96878603054812,24.75276202918481,0 88.96883451270375,24.75287759915291,0 88.9688631844207,24.75299528472354,0 88.96888196476468,24.75311233473235,0 88.96895035055655,24.75321505722649,0 88.96894947255123,24.75331671574826,0 88.96895797739961,24.75347774662715,0 88.96895696706338,24.75359465320931,0 88.96899490942923,24.75378470100475,0 88.96899389422988,24.75390217369484,0 88.96902181983513,24.75410626875229,0 88.96906940915643,24.75432519092488,0 88.96906801882426,24.75448615052662,0 88.96906637867917,24.75467591332112,0 88.96908389568758,24.75493923820236,0 88.96912234730165,24.75507055000167,0 88.96914024072545,24.7552903879222,0 88.96913860077071,24.75548015069216,0 88.96913582443406,24.75580150463932,0 88.96913456562071,24.75594721525952,0 88.96913166200258,24.75628325384071,0 88.96912951467347,24.75653175245987,0 88.96912711858273,24.7568090542464,0 88.96909591408092,24.7569844838796,0 88.96909489818646,24.7571019565319,0 88.96909325933251,24.75729171925099,0 88.96906105360436,24.75758292589019,0 88.96903009670565,24.75772955235081,0 88.96899712861322,24.75810886413889,0 88.96897544338501,24.75832785279231,0 88.96889361991144,24.75863451655161,0 88.96888220651516,24.75881008950335,0 88.96880152503589,24.75898459775738,0 88.96876067666336,24.75913058773423,0 88.96871919819557,24.75934943300274,0 88.96871742568813,24.75955444467166,0 88.96871552680194,24.75977414006818,0 88.96871263161941,24.76010904904854,0 88.96871124032933,24.76027000857565,0 88.96875957874096,24.7604025219686,0 88.96893722251254,24.76046028252251,0 88.9690950576866,24.76051959430055,0 88.96922370840328,24.76052052167498,0 88.96938204703308,24.76052166159672,0 88.96952060358022,24.76052153038186,0 88.96968858957807,24.76055154521221,0 88.96979745324829,24.7605517636454,0 88.96995529480986,24.76061051016175,0 88.97010310344537,24.76068499861889,0 88.97026081910583,24.76075842941592,0 88.97038897212458,24.76081696117217,0 88.97048755851317,24.76086116097229,0 88.97059553532644,24.76096416759575,0 88.97072344035676,24.76105150308318,0 88.97083141752847,24.76115450951167,0 88.97090957868545,24.76127198635091,0 88.97098787202086,24.7613742141999,0 88.97108531919703,24.76155056976223,0 88.97113405569928,24.76163733538151,0 88.97120243862501,24.76174118675246,0 88.97128061037601,24.76185753382644,0 88.97132933729507,24.7619454288812,0 88.9713681672086,24.76203325288115,0 88.97143656041169,24.76213597459617,0 88.97149505761224,24.76223862433172,0 88.9715635770834,24.76232666226306,0 88.97161205528384,24.76244336033318,0 88.97167056264745,24.7625448813628,0 88.97173894555233,24.76264873152853,0 88.97179757913628,24.7627355687862,0 88.97191470085794,24.76292618505397,0 88.97194100088045,24.76303255733579,0 88.9719625477547,24.76311630332617,0 88.97199656625902,24.76318827792451,0 88.9720403363265,24.76327726713875,0 88.97209883953946,24.76337935225192,0 88.97214743090811,24.76348306108776,0 88.97221596139288,24.76356996821535,0 88.97225453962785,24.76368716021818,0 88.97225365897584,24.7637893836861,0 88.97230200862167,24.76392133123744,0 88.97239959659302,24.76408187151453,0 88.97249629457929,24.76434576557921,0 88.97254452175936,24.76449183152905,0 88.97259287104484,24.76462377895176,0 88.97266952946774,24.76491633403112,0 88.97274707731671,24.76510553610582,0 88.9727950475099,24.7652815354426,0 88.9728237256526,24.76539922057771,0 88.97289441128538,24.76552342015028,0 88.97292853432886,24.76558353496363,0 88.97296916531199,24.76574987990576,0 88.97307601999877,24.76598391169735,0 88.97312474996727,24.7660718059432,0 88.97327119194112,24.76630612207383,0 88.97335901356227,24.76645190688059,0 88.9734369232316,24.76659931547232,0 88.97350544663095,24.76668735223225,0 88.97360328613908,24.76681908925781,0 88.97371127087982,24.76692209307574,0 88.97380948508101,24.76701034315872,0 88.97388816772045,24.76706795276472,0 88.97398663063082,24.76712739782,0 88.97407520500526,24.76718564337452,0 88.97419347090877,24.76724410135101,0 88.97432149693928,24.76731844416715,0 88.97450904056319,24.76737739851532,0 88.97466701457236,24.76742202085295,0 88.97484479249712,24.76746565506934,0 88.97497294568657,24.76752531269401,0 88.97513079443442,24.76758461819621,0 88.97530831471992,24.76765818442303,0 88.97543647812974,24.76771671301032,0 88.97559395857847,24.76781894042778,0 88.97567262879477,24.76787824371783,0 88.97584989781983,24.7679811775124,0 88.97594836233621,24.76804062206958,0 88.976036812749,24.76811355002915,0 88.97613515591546,24.76818711382665,0 88.97625291402474,24.76830487087341,0 88.97636040833282,24.76846548043323,0 88.9764259668341,24.76861110473007,0 88.97645724500157,24.76871468738087,0 88.97650585211009,24.76881726576507,0 88.97651487674077,24.76891899534434,0 88.97654369073096,24.76902143145789,0 88.97654256602046,24.76915245861922,0 88.97655095587551,24.76932817266325,0 88.97657865126494,24.76956107159052,0 88.97657776467794,24.76966442430522,0 88.97657688691942,24.76976664841971,0 88.97657587986868,24.76988412139214,0 88.97657489141686,24.76999933444426,0 88.97657388339017,24.77011680742655,0 88.97657288026149,24.77023371519864,0 88.97657087501159,24.77046753072495,0 88.976550077423,24.77058429718281,0 88.97654907038363,24.7707017692424,0 88.97655771228034,24.77084811590777,0 88.97655646722971,24.77099326239515,0 88.97655534266958,24.77112428952442,0 88.97655433469453,24.77124176249168,0 88.97655333260579,24.77135867023579,0 88.97655195141982,24.77151962990279,0 88.9765508268915,24.77165065702396,0 88.97654945162137,24.77181105236649,0 88.97654794411393,24.77198669660066,0 88.97654581268117,24.77223519665515,0 88.9765737549406,24.77243929154389,0 88.97660143582179,24.77267388506598,0 88.97660983127199,24.77284903470335,0 88.97664754445368,24.77306788476602,0 88.97664578160681,24.77327346239108,0 88.97666394786455,24.77346336721924,0 88.97669239509591,24.77360872645875,0 88.97674012718036,24.77381352772709,0 88.9767392507684,24.77391575176975,0 88.97675817328479,24.77401755186647,0 88.9767572871051,24.77412090541973,0 88.97680502445712,24.77432514232972,0 88.97683308927334,24.77451511769979,0 88.97683208667465,24.77463202629876,0 88.97683033799562,24.77483590915914,0 88.97682882626228,24.77501211761266,0 88.97682694641877,24.77523124933767,0 88.97682494129064,24.7754650656117,0 88.97678109861691,24.77596065349384,0 88.97677908760137,24.77619503407053,0 88.9767773390046,24.77639891689705,0 88.97677507252664,24.77666323087291,0 88.97679299217182,24.77688193948437,0 88.97683183226393,24.77696976226269,0 88.97689961338203,24.7771453371961,0 88.97699733907739,24.7772917556588,0 88.97712400724369,24.77752592703684,0 88.9771825171504,24.77762857541537,0 88.97726070043723,24.77774548427688,0 88.97733900423174,24.77784827465009,0 88.9774367369225,24.77799412842809,0 88.97751491580756,24.77811160233006,0 88.97759322102847,24.77821439162243,0 88.97771073927021,24.77836151670117,0 88.97779907714714,24.77844856325529,0 88.97796608961156,24.77859547645859,0 88.97809413079665,24.77866981506189,0 88.97825150652537,24.7787861596945,0 88.97847803145672,24.77891881253578,0 88.97861572931363,24.77902146071619,0 88.9787734743103,24.77909488150603,0 88.97895063724307,24.77921249576569,0 88.97914784737122,24.77930088340115,0 88.9793939239176,24.77946247857165,0 88.97949227836367,24.77953604027917,0 88.97962019544961,24.77962506289521,0 88.97971843398123,24.77971217856325,0 88.97972745779639,24.77981447280431,0 88.97969700593902,24.77990293131761,0 88.97963688011767,24.77998891778095,0 88.97953701781552,24.78009156613939,0 88.97939295832921,24.78015379721847,0 88.9792790413796,24.78016371586902,0 88.9791206667178,24.78016371571368,0 88.97896230181345,24.78016258587868,0 88.97875456370228,24.78014754853265,0 88.97854683539354,24.78013138138276,0 88.97843795018213,24.78013173378253,0 88.97826968678629,24.78013053273439,0 88.97811131696847,24.78012996630022,0 88.97802248387369,24.78010052691291,0 88.97784431321388,24.78010038437832,0 88.97774508882235,24.7801284802722,0 88.97756692299669,24.78012777310461,0 88.97742809674128,24.78015671613821,0 88.97729917869032,24.78018460008611,0 88.97715044498409,24.78021460091497,0 88.97702140055935,24.78025716918888,0 88.9769123937903,24.78027163983615,0 88.97672395721624,24.78031434774038,0 88.97659477152499,24.78037329313764,0 88.97651508514045,24.78043146378189,0 88.97639580655961,24.78048935102436,0 88.97628630594836,24.78056142813665,0 88.97605714229482,24.78073600835933,0 88.97596730512227,24.78082347541733,0 88.97588724981502,24.78092456812083,0 88.97581732412988,24.78099862226113,0 88.97575718526011,24.7810857377687,0 88.97572661367215,24.78118774890031,0 88.97563678085793,24.78127465148405,0 88.97557626350876,24.78140581880975,0 88.97549619282206,24.78150860515859,0 88.9754459609243,24.78159466172798,0 88.97538506004238,24.78177044517824,0 88.97485165976335,24.7827917529041,0 88.97485078031129,24.78289397694682,0 88.97482997499431,24.7830113084207,0 88.97482884945326,24.78314233545892,0 88.97482797491141,24.78324399519279,0 88.97479701879736,24.78339062327731,0 88.97476386467288,24.78350504190198,0 88.97474564543968,24.7836094014261,0 88.97474426688512,24.78376979668998,0 88.97474325700124,24.78388726958412,0 88.97471281054439,24.78397459690327,0 88.97468210617694,24.78409185765595,0 88.97461219280103,24.78416421663665,0 88.9745226042813,24.78422231478735,0 88.97439392839827,24.78422139260411,0 88.9741959656498,24.78421997419771,0 88.97397832296934,24.78420485895727,0 88.9738500160195,24.78416101301958,0 88.97369213636399,24.78410283526519,0 88.97356421438704,24.78401437284728,0 88.97346560714163,24.78397017551834,0 88.97333768446546,24.78388171289979,0 88.97322956347621,24.7837928265721,0 88.97310137502849,24.78373542577395,0 88.97289364083966,24.78371925020376,0 88.97277485337881,24.78371952785036,0 88.97264617890458,24.78371860411734,0 88.97253729904679,24.783717822013,0 88.97242791415125,24.78377577722648,0 88.9723482235861,24.78383394497935,0 88.97234734704311,24.78393560391328,0 88.9723464567592,24.7840389575564,0 88.97234532770318,24.78416998563739,0 88.97234406795393,24.78431626168778,0 88.97234318751555,24.78441848581159,0 88.97234205356153,24.78455007819277,0 88.97237098962171,24.78463839644161,0 88.9723701131405,24.78474005536461,0 88.97239904927429,24.78482837360194,0 88.97239792031395,24.78495940076474,0 88.97243675936157,24.78504722554689,0 88.97244565512845,24.78516363988959,0 88.97251406231345,24.78526636088617,0 88.9725922457542,24.78538327296581,0 88.97269046982872,24.78547208793298,0 88.9728184026511,24.78555942241591,0 88.97298591963396,24.78564816956408,0 88.97311435356936,24.78567733159815,0 88.97321296211734,24.78572152997564,0 88.97349926801596,24.78580999931352,0 88.97361804760904,24.78581085048187,0 88.97372692924419,24.78581163168526,0 88.97403378010921,24.78581326724273,0 88.97414267152251,24.78581291772694,0 88.97427135396104,24.78581327481611,0 88.97442972639035,24.78581441007576,0 88.97453860700095,24.78581519070076,0 88.97471653808849,24.78584414058315,0 88.97489433398684,24.78588890431049,0 88.97500296765106,24.78591848759139,0 88.97516109321089,24.78594842506383,0 88.97533901968772,24.78597793939214,0 88.97545754170349,24.78600872341204,0 88.97556618537469,24.78603717675571,0 88.97591200565412,24.78611194672779,0 88.9761198751314,24.7861128689702,0 88.97626834884393,24.78611393165731,0 88.97644652825203,24.78611407643692,0 88.97662470274372,24.78611478530907,0 88.97696100822458,24.78614486519026,0 88.97706988900229,24.78614564395345,0 88.97719844152709,24.78616124733998,0 88.9773369018515,24.78617579253752,0 88.97745543420001,24.78620544451645,0 88.97758361919786,24.78626397076796,0 88.97777118837094,24.78632348602894,0 88.97791916961013,24.78638215297953,0 88.97800800827537,24.7864115930173,0 88.97817566065409,24.78648508519826,0 88.97839254830006,24.78658886374691,0 88.97849115920518,24.7866330584779,0 88.97867860915734,24.78670669094944,0 88.97877709914556,24.7867650048071,0 88.9789839647262,24.78688339561629,0 88.97908232903393,24.78695639288398,0 88.97918019169434,24.78708812637498,0 88.97926765382469,24.78727852659551,0 88.97933519805733,24.78748290439108,0 88.97935323543676,24.78768862312569,0 88.97935236582063,24.7877902825872,0 88.97935149132118,24.78789250635159,0 88.97935049092658,24.78800941464376,0 88.97934923874018,24.78815569199185,0 88.97934786162581,24.78831665204764,0 88.97931729660219,24.78841810034659,0 88.97931591946899,24.78857906039955,0 88.9793147883112,24.78871121841843,0 88.97931379280662,24.78882756149427,0 88.97931291834615,24.78892978615012,0 88.97927095094026,24.78920680773735,0 88.97927984877332,24.78932378640375,0 88.9792788435267,24.78944125988589,0 88.97927709850474,24.78964514399085,0 88.97927622404426,24.78974736773564,0 88.97927522858198,24.78986371170144,0 88.97925367237464,24.79006914793664,0 88.97925242023453,24.79021542525445,0 88.97925117785125,24.79036057215671,0 88.97924967490644,24.79053621670161,0 88.97924792995529,24.79074010078211,0 88.97924580344247,24.79098860181918,0 88.9791844057293,24.79122255945269,0 88.97913278519763,24.79147070767668,0 88.97911950696769,24.79186541472533,0 88.97911739010854,24.79211278623232,0 88.97911500684128,24.79239122059169,0 88.97911369225245,24.79254483922938,0 88.97911250746503,24.79268320905138,0 88.97912892688248,24.79307812806881,0 88.97912730302092,24.79326789278264,0 88.97917367018404,24.79363365565137,0 88.97917092426098,24.79395444789236,0 88.97916616830575,24.79451018695449,0 88.97913372552989,24.79483076716365,0 88.97913059232405,24.79519674152399,0 88.97912784755934,24.79551753459979,0 88.97915442146245,24.79588259140578,0 88.97915278816359,24.79607348556263,0 88.97918111757336,24.79623352885823,0 88.97919903509153,24.79645336754684,0 88.9792660868145,24.7967159176855,0 88.97929416001566,24.79690589425911,0 88.97932236014493,24.79708118629151,0 88.97932136419014,24.79719753016452,0 88.97935983006262,24.79732996941061,0 88.97940142539785,24.79854291420158,0 88.97940737107032,24.7987157886789,0 88.97952602323232,24.79873301359561,0 88.97963491588122,24.79873378979095,0 88.97981311405849,24.79873393122719,0 88.97997125789055,24.79876386337016,0 88.98011962268544,24.79877960576954,0 88.98022852509379,24.79877925202094,0 88.98035721667524,24.79878016823024,0 88.98054530894372,24.79878094336234,0 88.98065395611452,24.79881052259619,0 88.98077262795094,24.79882548748989,0 88.98090106828397,24.79885577222684,0 88.98103941351167,24.79888556275818,0 88.98115796958072,24.79891408232794,0 88.98134580693525,24.79894478972251,0 88.98147425334555,24.79897450873174,0 88.98158315584665,24.79897415398597,0 88.98175119926793,24.79900415528972,0 88.98188953993431,24.79903450931351,0 88.98201824141587,24.79903429456789,0 88.98217638599007,24.79906422432029,0 88.98237400310248,24.79910911981152,0 88.98248264991139,24.79913869768333,0 88.98262124659608,24.7991391186337,0 88.9827891698387,24.79918323711957,0 88.98312525381952,24.79924380103803,0 88.98326335886722,24.7993018280067,0 88.98341148450673,24.79934580561395,0 88.98359870212525,24.79944936548226,0 88.98371686969733,24.7995236301868,0 88.98380547335822,24.79958186981588,0 88.98384420027372,24.79968437516807,0 88.98393217874418,24.79981603618503,0 88.9840103836048,24.79993294173445,0 88.98404923121895,24.80002132773936,0 88.98409773717042,24.80013802319212,0 88.98410676632035,24.80024031750575,0 88.9841056449407,24.80037191076815,0 88.98410464881093,24.80048881955268,0 88.98410341289102,24.8006339668645,0 88.98410191192765,24.80081017693305,0 88.9841005459425,24.80097057391898,0 88.9840692261899,24.80116069232704,0 88.98398890375958,24.80129228799774,0 88.98392826980195,24.80143701432938,0 88.98380859405616,24.80153952521145,0 88.98371825149927,24.80168516910451,0 88.98366336984355,24.80173561305507,0 88.98353843122446,24.80187479856298,0 88.98345848859248,24.80196177626614,0 88.98322954056454,24.80210756604025,0 88.983100098447,24.80219419238614,0 88.98301050094027,24.80225229606494,0 88.98289144953016,24.802281384811,0 88.98276237830153,24.80232452355177,0 88.98264332773971,24.80235361209476,0 88.98247465734283,24.80239646840965,0 88.98238531510671,24.80242463846991,0 88.98223631856848,24.80248232013469,0 88.98202791457335,24.80254070765215,0 88.98174056813315,24.80256859860518,0 88.98143341811466,24.80259691295787,0 88.98111624693374,24.80263927578696,0 88.98098754652999,24.80263892478287,0 88.98079907062507,24.80268220316157,0 88.98057112694947,24.80270994978051,0 88.98034304773489,24.80275351006261,0 88.98017449763195,24.80278224455784,0 88.97991622120605,24.80288376441434,0 88.97970769436448,24.80295626900087,0 88.97950895153338,24.80304239769346,0 88.97939955197417,24.80310035784341,0 88.97922059857413,24.80318775719903,0 88.97911119874233,24.80324571715317,0 88.97901169815324,24.80330374827293,0 88.97890217715303,24.80337582738457,0 88.97877259586259,24.80347826333734,0 88.97866257210077,24.80360907939759,0 88.97861231808969,24.80369683195095,0 88.97850229396043,24.80382764700954,0 88.97838236436746,24.80395895774587,0 88.97824300756385,24.80404663842662,0 88.97806380494731,24.80416283943104,0 88.97795466045753,24.80419086529648,0 88.97775665939048,24.80419001701036,0 88.97762808215124,24.80417497781197,0 88.97746014853541,24.80413141726203,0 88.97729185261016,24.80413021532822,0 88.97707430873834,24.80409929101363,0 88.97692580186673,24.80409935909575,0 88.97673795242359,24.80406921088655,0 88.97658945045849,24.80406871432863,0 88.9764508537607,24.80406772290683,0 88.97630196945212,24.80411184301196,0 88.97627151336582,24.80419973589839,0 88.97624094088107,24.80430118379041,0 88.97624006374824,24.8044034084063,0 88.97613942637633,24.80459359480729,0 88.97602990247813,24.80466567197658,0 88.97590057462807,24.80473817230612,0 88.97571222052724,24.8047667591283,0 88.97559341705795,24.80476647416359,0 88.97546433540482,24.80481017030788,0 88.97532548042395,24.80483911124787,0 88.97516696148168,24.80485209687275,0 88.97503787956497,24.8048957926631,0 88.97498737085313,24.80501291141044,0 88.97495679715252,24.80511435910682,0 88.97495579271055,24.80523126739477,0 88.97495466199155,24.80536286020775,0 88.97495303104026,24.8055526259174,0 88.97495176816815,24.80569946756843,0 88.97495064238018,24.8058304960702,0 88.97497871116236,24.80602047353124,0 88.975085858349,24.80622513764525,0 88.97513460659118,24.80631303244692,0 88.97517308044468,24.80644434412583,0 88.97522145399986,24.80657572635975,0 88.97525979300949,24.8067228520206,0 88.97532783592455,24.80686962505235,0 88.97542533729469,24.80704485011927,0 88.97548386447927,24.80714693553464,0 88.97548298588987,24.80724916016242,0 88.97545177720343,24.80742459302498,0 88.97539161981106,24.80751227323488,0 88.97529186156228,24.80759966940273,0 88.97518220837462,24.80768643063939,0 88.97509260304483,24.80774452910476,0 88.97500299664057,24.80780262753426,0 88.97487390678634,24.80784688856668,0 88.97474457991153,24.80791882290749,0 88.97464519489547,24.80796273122468,0 88.97450596605061,24.80803459479664,0 88.9744065818381,24.80807850295243,0 88.97419842178107,24.80810694606255,0 88.97408914056169,24.80815021820453,0 88.97396031252873,24.80816397992155,0 88.97375215708942,24.80819185812092,0 88.97359323962768,24.80825058885002,0 88.97331502487145,24.80836607444492,0 88.97317604277605,24.8084091329912,0 88.97305710528171,24.80842409505064,0 88.97292803358411,24.80846609455693,0 88.97279894217432,24.8085103529793,0 88.97279806145329,24.80861257771116,0 88.97284592852488,24.8088026980022,0 88.9728846480876,24.80890520648376,0 88.97293289492843,24.8090512740283,0 88.97293201925748,24.8091529344432,0 88.97296972807206,24.80937291642513,0 88.97296846806718,24.80951919383223,0 88.97301684079983,24.80965057770174,0 88.97301596130828,24.80975280239659,0 88.97301444841916,24.80992844795345,0 88.97301357284768,24.81003010745128,0 88.97303210885228,24.81017709143709,0 88.9730608085916,24.81029364933326,0 88.97305980660995,24.81040999335438,0 88.9731277228865,24.81057145188474,0 88.97315641693413,24.8106885740627,0 88.97322471775543,24.81080541463813,0 88.97323361593818,24.81092183022862,0 88.9733307338477,24.81114167354042,0 88.97339890379214,24.81127376373667,0 88.97348536773494,24.81158107728856,0 88.97352396733629,24.81169770480052,0 88.97361131182507,24.8119027935731,0 88.97364940709754,24.81207815821115,0 88.97367835485738,24.81216591207195,0 88.97372559213659,24.81242945264601,0 88.97382397494081,24.81250245388243,0 88.97388187197733,24.81267796147741,0 88.97390066723089,24.81279501187455,0 88.97395868989292,24.81295583491177,0 88.97397711115447,24.81311637363922,0 88.97397610040778,24.81323384708345,0 88.97394552434801,24.81333529464455,0 88.97389513221455,24.813438293875,0 88.97382520117445,24.81351065329808,0 88.97373546380922,24.81358343573959,0 88.97363570467461,24.81367026680548,0 88.97353631475806,24.81371417376001,0 88.97340710170049,24.81377198801413,0 88.97328791512733,24.81381518830568,0 88.97313400325839,24.81386661249168,0 88.97303963661706,24.81390208314487,0 88.97291092796532,24.81390115981198,0 88.97278196243964,24.81393016970981,0 88.97262291571097,24.81400301826458,0 88.97253292914996,24.814104603892,0 88.97251225196094,24.81420612194687,0 88.97246198972614,24.81429387194732,0 88.97241122625445,24.81443979393278,0 88.97238075947848,24.81452825055641,0 88.97233025380214,24.81464424006643,0 88.97229979772688,24.81473156715433,0 88.97223950244123,24.81483449521588,0 88.97216919492811,24.81495034143325,0 88.97210865223801,24.81508207328831,0 88.97199836155907,24.81524168829604,0 88.97190824214702,24.81535852154857,0 88.97187778073237,24.81544641377842,0 88.9718172414336,24.81557758034765,0 88.97173677372436,24.8157232890235,0 88.97168651039044,24.81581103881819,0 88.97163613019679,24.81591234271533,0 88.97160541429891,24.81602960397547,0 88.97157470422614,24.81614629910884,0 88.97149436251195,24.81627732315454,0 88.9714536291967,24.81640806773748,0 88.97144271486367,24.81652547050554,0 88.97141149807953,24.81670090283004,0 88.97134055473596,24.81689017050151,0 88.97127950773238,24.81708007322073,0 88.97124804129106,24.8172843093868,0 88.9711968905919,24.81747484896081,0 88.97116605716603,24.81760566427308,0 88.97111516835353,24.81776570527099,0 88.97108457434452,24.81786884621716,0 88.97108293675355,24.81805861108562,0 88.97106188292287,24.8182036173834,0 88.97106118586487,24.81828438049317,0 88.9710594844648,24.81848148762472,0 88.97105810119432,24.81864188521712,0 88.97105595707187,24.81889038727834,0 88.97110255734106,24.81922735130485,0 88.97130083718964,24.81919884056861,0 88.97142931197088,24.8192274401973,0 88.97153822394658,24.81922822207011,0 88.97167646305857,24.81927270626704,0 88.97179502751527,24.81930236343426,0 88.97195307004651,24.81934698880831,0 88.97208165688436,24.81936259715042,0 88.97219057876943,24.81936224993273,0 88.97231929212327,24.81936317354889,0 88.97242833555798,24.8193487059436,0 88.97260656390385,24.81934885594589,0 88.9727649811413,24.81934999300094,0 88.97294320554079,24.81935070689197,0 88.97307230295233,24.81930701291763,0 88.97322081945691,24.81930807793814,0 88.97339929158436,24.81927998747133,0 88.9735681244739,24.81922132765983,0 88.97369721757963,24.81917819745701,0 88.97379685938755,24.8191054863454,0 88.97393622789809,24.8190189391213,0 88.97408550562517,24.81893133377119,0 88.97421497213413,24.81884471483345,0 88.97432464609075,24.81875682515702,0 88.97442479315529,24.81862537653096,0 88.97452493022628,24.81849505735769,0 88.97461492286578,24.8183929052849,0 88.97471518968172,24.81824733720907,0 88.974765705062,24.81813021747069,0 88.97485556617001,24.8180433149872,0 88.97495533355863,24.81795591867382,0 88.97510473054329,24.81785419221714,0 88.97521339372722,24.81788377618623,0 88.97532180365536,24.81794272728449,0 88.97554853611662,24.81805957198879,0 88.97568651894021,24.81813398485892,0 88.97581498454424,24.81816371022126,0 88.97596299912315,24.81822294449266,0 88.97617042495344,24.81828203878928,0 88.97632846738604,24.81832665952395,0 88.97648638879706,24.81838539937235,0 88.97665470997219,24.81838603850379,0 88.97676362096038,24.81838681661131,0 88.97697129437876,24.81841710597937,0 88.97706981085636,24.81847542101195,0 88.97720755678326,24.81857750666547,0 88.97736409399396,24.81879777309103,0 88.97740282678886,24.81889971553364,0 88.97745132950146,24.81901697891749,0 88.97748992582179,24.81913473533211,0 88.97752853297128,24.81925136221001,0 88.97752765574286,24.81935358751102,0 88.97757591190879,24.81949965369068,0 88.97763610400411,24.81969720369147,0 88.97764539488136,24.81976843653862,0 88.97765236573143,24.81982157856701,0 88.97768119261509,24.81992401576288,0 88.97771014539613,24.82001176846632,0 88.97770902251777,24.82014279659398,0 88.97775665396901,24.82036171988539,0 88.97782420022062,24.82056779401128,0 88.9778529162664,24.82068322091359,0 88.97789966264571,24.82100549887323,0 88.97796985932901,24.82119125867318,0 88.97802437612877,24.82147348933181,0 88.97810183313402,24.82167850495822,0 88.97812039251045,24.8218237947107,0 88.97828869274073,24.8221164388911,0 88.97846430994416,24.82213294212954,0 88.97863288845996,24.82210420975795,0 88.9788210220283,24.82210442235669,0 88.97910841146633,24.82207710212521,0 88.9792868915179,24.82204843925354,0 88.97939580560066,24.82204921614433,0 88.97955423552808,24.82204921537428,0 88.97968295710966,24.82204956815552,0 88.97980177298564,24.82205041493619,0 88.97991082235006,24.82203537748081,0 88.98009956982328,24.82196386085549,0 88.98019896444447,24.82191994839956,0 88.98027879770999,24.8218476561547,0 88.9803095063303,24.82173039361555,0 88.98036001162598,24.82161383749343,0 88.98036138363776,24.82145344060403,0 88.98036288505259,24.82127779405747,0 88.98033405560335,24.82117535755317,0 88.98023666638268,24.82098488653347,0 88.9802079578039,24.8208683307297,0 88.98013977969715,24.82073567846776,0 88.9800913944235,24.82060429691926,0 88.9800135524471,24.82044390017444,0 88.97995501947599,24.82034125211899,0 88.97988695294733,24.82019560994033,0 88.97983819627217,24.82010771647305,0 88.97977979409576,24.81998981955475,0 88.97970183220461,24.81984354185193,0 88.97970307861573,24.8196978293647,0 88.97973378740808,24.81958056691145,0 88.97979419900307,24.81946351596093,0 88.97987403105058,24.81939122399342,0 88.98000361920454,24.81928991669892,0 88.9801829680947,24.81915902785315,0 88.98041181763365,24.81902905662231,0 88.98050142894739,24.81897095378345,0 88.98059117156457,24.8188976030176,0 88.98079056748871,24.81873805098357,0 88.9809601445143,24.81859184148532,0 88.98111980989393,24.81844669121374,0 88.98119951993611,24.81838851877851,0 88.98129878590549,24.81835928933258,0 88.98135335262428,24.81834668739598,0 88.981417843166,24.81833133134127,0 88.98151648198994,24.81837552406047,0 88.98169445347799,24.81840559561262,0 88.98188170943934,24.81850802888954,0 88.98192056624441,24.81859585068631,0 88.9819195682215,24.81871276024135,0 88.98199790885542,24.81881498330592,0 88.98205594514575,24.81897580315492,0 88.98210470381891,24.81906369582797,0 88.98222289397124,24.81913739704068,0 88.98234171178252,24.81913767676986,0 88.98248998175387,24.81916753628644,0 88.98261844961699,24.81919725472521,0 88.98276671970625,24.81922711395838,0 88.98293504249855,24.819227745026,0 88.98311289119958,24.81927249832108,0 88.98329074390013,24.81931668801104,0 88.98339990672814,24.81928809232102,0 88.98355833282311,24.81928808752371,0 88.98370684861678,24.81928914211665,0 88.98383519268253,24.81933354391364,0 88.98394361338823,24.81939192409882,0 88.98401204964215,24.81949464125488,0 88.98406068379309,24.81959721764032,0 88.98416810997664,24.81977250704933,0 88.984316005807,24.81984641709403,0 88.98445376075789,24.81994849555876,0 88.98455227095441,24.82000793486954,0 88.98473977770044,24.82008156146636,0 88.98485909044041,24.82002366660935,0 88.9850182585577,24.81993668398848,0 88.98506851459541,24.8198489302223,0 88.98510898422771,24.81974755077103,0 88.98514971342713,24.8196156729383,0 88.98518028618204,24.81951365843379,0 88.98521074460808,24.81942519884312,0 88.98521185961967,24.81929417023683,0 88.98526236420496,24.81917704666375,0 88.98534243774967,24.81907594831497,0 88.98542214601625,24.81901777282686,0 88.98553131184273,24.8189886113381,0 88.98566027003116,24.81896071980373,0 88.98576943672872,24.81893155813423,0 88.98591820655282,24.81890267648943,0 88.986066731413,24.81890259926094,0 88.9861944514933,24.81902042024891,0 88.98630274320963,24.81909404740093,0 88.98644049394181,24.81919668919655,0 88.9865878968576,24.81932876944433,0 88.98669606427937,24.81941708070226,0 88.98673540452816,24.81944842411867,0 88.98684359249557,24.819534476237,0 88.98697106828864,24.81968110012167,0 88.98707911253561,24.81978409547112,0 88.98728543336321,24.81997420319901,0 88.9873536290237,24.82010572224858,0 88.98743147125012,24.82026724408852,0 88.98746030617278,24.8203696788839,0 88.98755832995046,24.82048672425432,0 88.98758716602904,24.82058915899954,0 88.98763543920148,24.82073465774477,0 88.98768369898052,24.82088185025335,0 88.98773246233837,24.82096974077428,0 88.98775139700108,24.82107210580789,0 88.98777948936919,24.82126208179032,0 88.98780845049549,24.82134983204583,0 88.98782664229802,24.82153973833986,0 88.9878556122116,24.82162635908832,0 88.98785473493902,24.82172971428322,0 88.98790188730038,24.82200737078431,0 88.98793060432097,24.82212392551674,0 88.98794941477375,24.82224097490127,0 88.98796785141214,24.82240207661176,0 88.98800659404479,24.82250401655062,0 88.98802540465259,24.82262106591192,0 88.98810263523981,24.82285487975952,0 88.98813109868196,24.82300136753543,0 88.98817949338491,24.82313274675585,0 88.98817812776548,24.82329370824499,0 88.98821673667598,24.823411462902,0 88.98821574969413,24.82352780685985,0 88.98821525621278,24.82358597928947,0 88.98821476273302,24.8236441517187,0 88.98821351596591,24.82379099400296,0 88.98821252901905,24.8239073388582,0 88.98814173314366,24.82408193039914,0 88.98810113065345,24.82419912445944,0 88.98803094297099,24.82430198952869,0 88.98797080106094,24.82438798078538,0 88.98784108450019,24.82450454537887,0 88.98772176818227,24.8245624418769,0 88.98763240019191,24.82459174544222,0 88.98751345280984,24.82460615375456,0 88.98729536480235,24.82463454697074,0 88.98714683319309,24.82463462584748,0 88.98695882897758,24.82461861008327,0 88.98685003193556,24.82460372055272,0 88.98673120914792,24.8246034438327,0 88.98651374571442,24.82455841381873,0 88.98634565490582,24.82452954791293,0 88.98617733005624,24.82452835683672,0 88.98602880716564,24.8245273042021,0 88.98589983273877,24.82455632590531,0 88.98571132053722,24.82460017573334,0 88.98546316291318,24.82467127891356,0 88.98535386627303,24.82471512417863,0 88.98524495015745,24.82471435268208,0 88.98488798036873,24.8247722570531,0 88.98474910431844,24.82480120705071,0 88.98462001877127,24.82484321740757,0 88.9843130526135,24.82484329895673,0 88.98412492314387,24.82484196495833,0 88.98397627082426,24.82485615992852,0 88.98384755045616,24.82485524583834,0 88.98366906788453,24.82488391433385,0 88.98354034361556,24.82488356517057,0 88.98338190940618,24.82488357040569,0 88.98325318996478,24.82488265579173,0 88.98308497886856,24.82486790543422,0 88.98291665330296,24.82486670980791,0 88.98277802698304,24.82486629002822,0 88.98237192958848,24.82487921915161,0 88.98215409090948,24.82487823515768,0 88.98189664120008,24.82487753412109,0 88.98169860555743,24.82487669042801,0 88.98151047679383,24.82487535222273,0 88.98140155061684,24.82487570653327,0 88.98130227957837,24.82490493544293,0 88.98107454457156,24.82490331549763,0 88.98094556827176,24.82493233211568,0 88.98072773034464,24.82493134603373,0 88.9805791968997,24.82493141841567,0 88.98044045557458,24.82494455050612,0 88.98032162723629,24.82494483391103,0 88.98018274961669,24.82497377974095,0 88.98005377398295,24.82500279649572,0 88.97995413457309,24.82507494751761,0 88.97983387629154,24.8252424053215,0 88.97986264912333,24.82535161975859,0 88.97991128260462,24.82545419748978,0 88.97994938637196,24.82563012553334,0 88.97999814460341,24.8257180196796,0 88.98003651038415,24.82586345015268,0 88.98003550517927,24.82598092401648,0 88.98007360935117,24.82615685289836,0 88.98008226891801,24.8263020711115,0 88.98008138542806,24.82640542570159,0 88.98008051068614,24.82650765079845,0 88.98007951629839,24.8266239960352,0 88.98007789235146,24.8268137617673,0 88.98007651557207,24.82697472377624,0 88.98008504103397,24.82713575681954,0 88.98012340648653,24.827281187224,0 88.98012240632495,24.82739809676188,0 88.98017066444071,24.82754472677623,0 88.98017906849472,24.82771987905486,0 88.98019799746817,24.82782224529517,0 88.98022433163753,24.82821667329974,0 88.98022308066423,24.82836295172202,0 88.98022183941607,24.82850809973444,0 88.98021945812624,24.82878653641681,0 88.98026784637,24.82891791759556,0 88.98026647001643,24.82907887954986,0 88.9802648476057,24.82926864609918,0 88.98033204497399,24.82951651356726,0 88.98035022655554,24.82970642032374,0 88.98037867630197,24.82985347424875,0 88.98040763379412,24.82994122696057,0 88.98040625772339,24.83010218978748,0 88.98040476007159,24.8302772709652,0 88.98040388580579,24.83037949599938,0 88.98043146747241,24.83062821150664,0 88.98043022565317,24.83077335947886,0 88.98043850519245,24.8309631960809,0 88.9804369989435,24.83113940763158,0 88.98039639109909,24.83125603489867,0 88.98036581020438,24.83135804872351,0 88.98033509993894,24.8314753112768,0 88.98028433844237,24.83162123731566,0 88.98020362398977,24.83179575490314,0 88.98015311413305,24.83191231110242,0 88.98009244965694,24.83205816608389,0 88.9800421808384,24.8321464837701,0 88.97998214454049,24.83221891737667,0 88.9799119555459,24.83232064881984,0 88.97978234769359,24.83242252194699,0 88.97970250291907,24.83249537857112,0 88.97960297827434,24.83255341043195,0 88.97951323065453,24.83262619682585,0 88.97933373896856,24.83277120427895,0 88.97920425184452,24.83285895679505,0 88.97910460594686,24.83293110760063,0 88.97899505335755,24.83300375245683,0 88.97883585863327,24.83309129323032,0 88.97870687818303,24.8331197432417,0 88.97854793925377,24.83317735052004,0 88.97843887996943,24.83319238667384,0 88.97824033191414,24.83324971094752,0 88.97805143497335,24.83333647412067,0 88.97763478089905,24.83342217535754,0 88.977455533433,24.83353837701647,0 88.97741511028161,24.83363297697619,0 88.9773745574165,24.83374282657892,0 88.97737355408184,24.83385973618018,0 88.97732291403754,24.83399097608212,0 88.97732203743897,24.83409320120941,0 88.9773210350657,24.83421011079533,0 88.97729045592511,24.8343115589503,0 88.9772691398869,24.83448762920348,0 88.97727779262782,24.83463341279842,0 88.97727653769654,24.8347796913103,0 88.97725585638869,24.83488177494793,0 88.97725497879415,24.83498400008028,0 88.97725385063262,24.83511559411568,0 88.97725284726948,24.83523250370369,0 88.97723166178119,24.83539332518458,0 88.97724018884183,24.83555379322187,0 88.97723868236837,24.83572943973257,0 88.97723785356725,24.83582601732903,0 88.97723743722835,24.83587458872228,0 88.97723580888557,24.83606435449262,0 88.97723492258993,24.8361677100059,0 88.97723329526187,24.83635747575661,0 88.97723228708755,24.83647495053189,0 88.97723128964626,24.83659129488477,0 88.97721036045824,24.83672218313789,0 88.97720947416313,24.83682553774145,0 88.97720847574737,24.83694188300621,0 88.97720722089917,24.83708816057896,0 88.9772058403057,24.83724912350693,0 88.97720459036125,24.83739483677315,0 88.97720346132544,24.83752643078602,0 88.97720232741469,24.83765858909805,0 88.97719142694325,24.83777486316229,0 88.97718979873569,24.83796462979528,0 88.97718854395916,24.83811090825364,0 88.97718754170933,24.83822781778938,0 88.97718616019853,24.83838878070956,0 88.97718428537577,24.83860735012831,0 88.97718277423928,24.83878356178191,0 88.97718177591928,24.83889990702037,0 88.97717914561308,24.83920658315053,0 88.97717801667673,24.83933817713591,0 88.97717650949301,24.83951382448636,0 88.97717488142325,24.83970359017792,0 88.97714391801692,24.83984965689369,0 88.97714292070106,24.8399660012034,0 88.97709165248894,24.84017009817194,0 88.97708023808656,24.84034623953121,0 88.97705806241265,24.84062227577838,0 88.97699713331988,24.8407980630464,0 88.97697620350469,24.84092895125665,0 88.97691527417568,24.84110473850099,0 88.97688480944565,24.84119263166511,0 88.97680421065864,24.84135246343641,0 88.97675369235185,24.84146901971327,0 88.97668311656106,24.84161480248457,0 88.97665252576518,24.84171738006438,0 88.97657217801139,24.8418478437399,0 88.97649156281845,24.84200936919946,0 88.97639178144328,24.84209620222675,0 88.97628146728391,24.84225638624185,0 88.97620148173499,24.84234449110554,0 88.97614131273441,24.84243160706968,0 88.97604140491431,24.84253312434774,0 88.97597144836249,24.84260661497883,0 88.97586177243768,24.84269224786192,0 88.97578178729196,24.84278035161608,0 88.97564200919757,24.84291151867813,0 88.97551226024997,24.84302807243168,0 88.97538251203362,24.84314462517017,0 88.97530278205846,24.84320279549977,0 88.97523270850735,24.84328984078096,0 88.97497396182096,24.84343540598948,0 88.97512176489413,24.84352288028109,0 88.97515059570263,24.84362531836433,0 88.97517955253738,24.8437130728836,0 88.97524811683347,24.84380167502324,0 88.97530628752794,24.84394724897992,0 88.97539441125464,24.84406479639189,0 88.97545320410475,24.84413807837915,0 88.97548190845419,24.84425520083161,0 88.97557969314829,24.84440105787406,0 88.97564775842854,24.84454783239959,0 88.97570630377611,24.84464991797199,0 88.97575468893474,24.84478186638327,0 88.97580320107012,24.84489913030666,0 88.97586098952929,24.84508932161874,0 88.97590950679049,24.84520602118841,0 88.9759580231606,24.84532272074802,0 88.97603574047749,24.84549893424695,0 88.97610406353273,24.84561577527806,0 88.9761522076428,24.84577596198153,0 88.9762008366809,24.8458796716745,0 88.97623957179854,24.84598217973977,0 88.97628833656485,24.84607007544243,0 88.9763566650727,24.84618635111196,0 88.97645468939103,24.84630453320816,0 88.97654244742472,24.84646500357467,0 88.97661102894413,24.84655191109865,0 88.97673876420403,24.84667030559012,0 88.97689559312283,24.84686064005544,0 88.97700340636086,24.8469924478019,0 88.97819637333997,24.84877957289383,0 88.97826507903953,24.84885236024387,0 88.97838317126198,24.84894074883344,0 88.9784716782536,24.84901424158026,0 88.9785805012277,24.84902857340868,0 88.97873845978286,24.84908787696285,0 88.97884702601111,24.84913214175051,0 88.97901538577914,24.84913334261629,0 88.97914413158381,24.84913426021158,0 88.97928303807576,24.84910531462074,0 88.97944199743696,24.84904770722439,0 88.97959093697993,24.84900358272015,0 88.97972996858722,24.84895995321332,0 88.9798491873035,24.84891674689693,0 88.97993856582896,24.84888857817139,0 88.98008762159569,24.84883089916932,0 88.98018692238347,24.84880054133774,0 88.98027667668634,24.8487283191754,0 88.98037595790635,24.84870022022943,0 88.9805245207767,24.8487001480775,0 88.98063345915952,24.84870092350165,0 88.9807424072649,24.84870057024707,0 88.9808513456376,24.8487013455121,0 88.9810292377655,24.84874610214516,0 88.98120750562704,24.84874680533215,0 88.98135569094508,24.84879078559844,0 88.98143430134436,24.84886364132974,0 88.98154235781639,24.84896777123641,0 88.98164040378055,24.84908425654601,0 88.98173857120273,24.84918662165983,0 88.98186594725425,24.84934793497542,0 88.98194430808067,24.8494501591977,0 88.98199307342816,24.84953861696282,0 88.98205150137247,24.84965538481744,0 88.98214940873584,24.84978824791989,0 88.98219806384947,24.84988969619718,0 88.98225648247187,24.85000759344497,0 88.98235415476799,24.85016813047125,0 88.98248152783961,24.85033000833107,0 88.98260915714974,24.85046195295326,0 88.98271710941633,24.85057850724878,0 88.98278581382775,24.85065185657434,0 88.98291356393379,24.85076968079532,0 88.98300182968349,24.85087197507936,0 88.98307994152913,24.85100356736606,0 88.98322712854636,24.85116502070942,0 88.98341605536675,24.85107768538553,0 88.98356499173542,24.851034122052,0 88.98369374025462,24.85103503648811,0 88.98380293128606,24.85100644068213,0 88.98392203021908,24.85097735027576,0 88.98408048997661,24.85097847457932,0 88.98418943986607,24.85097811778292,0 88.98431818827719,24.85097903078116,0 88.98442713332174,24.85097923901234,0 88.98455588172045,24.85098015180537,0 88.98471409574323,24.85101007991385,0 88.98483256962031,24.85105441071175,0 88.98496372614436,24.85106324729697,0 88.98504018629038,24.85109824368394,0 88.98527738588191,24.85115753585465,0 88.98545540747722,24.85118760250485,0 88.98563342431717,24.85121823413799,0 88.98572219213393,24.85126178913676,0 88.98594495396141,24.85127183897171,0 88.98604877467861,24.85129234259832,0 88.9861771533604,24.85133674280194,0 88.98634478257983,24.85142434673372,0 88.98639355183181,24.85151280279619,0 88.98649197512661,24.85158579654104,0 88.98656055669719,24.85167382832826,0 88.98661911066434,24.85177647485349,0 88.9866973513722,24.85189338059123,0 88.98677534318655,24.85203965501018,0 88.98684342716726,24.85218642409755,0 88.98692166836435,24.85230332968248,0 88.98700015585943,24.85239143166067,0 88.9870984547447,24.85247910930873,0 88.98720702753855,24.85252336761452,0 88.98733590184629,24.85250959444926,0 88.98751454503788,24.85246680185705,0 88.98762374103126,24.85243763803743,0 88.98773330636152,24.85236498624904,0 88.98786255939505,24.85230659435295,0 88.98796234082293,24.85221975284306,0 88.98809146922181,24.85217604512139,0 88.98820090967997,24.85211807737576,0 88.9882806385116,24.85205990024247,0 88.98840976079907,24.85201675657247,0 88.9885880289131,24.85201801583704,0 88.98884491463961,24.85209212627673,0 88.98892353235671,24.85216497761719,0 88.98899174697556,24.85229649692432,0 88.98906961263094,24.85245801950352,0 88.98909821370756,24.85258925924015,0 88.98912668480168,24.85273574762569,0 88.98915478710616,24.85292572476322,0 88.98919341589665,24.85304234952939,0 88.98924182480772,24.85317372892819,0 88.98927066989771,24.85327616419952,0 88.98931920222039,24.85339285922434,0 88.9893775157028,24.85352430794685,0 88.98949499794212,24.85368610957001,0 88.98960344838517,24.85374505125444,0 88.98978147440926,24.85377511334156,0 88.99004889031805,24.85377586996039,0 88.99017714868273,24.85383494989915,0 88.99025539504319,24.85395185434145,0 88.99038316118745,24.85406910715794,0 88.99043157081969,24.85420048606369,0 88.99049978925116,24.85433200446552,0 88.99052875495781,24.85442032025892,0 88.99057753424218,24.85450821125469,0 88.99063572941247,24.85465377940461,0 88.99067435060422,24.85477153313782,0 88.99071236034708,24.85496157995292,0 88.99075122978552,24.85504996498097,0 88.99075012116693,24.85518099452709,0 88.99077171643087,24.85526248062673,0 88.9906422321511,24.85534798481917,0 88.99050166708638,24.85557235653558,0 88.99048539524031,24.85573942733718,0 88.99050632592926,24.85589941834658,0 88.99056227476692,24.85601785923281,0 88.99065279856325,24.85614727551597,0 88.99069436929273,24.85620913448927,0 88.99072865666031,24.85625399655848,0 88.99080705226928,24.85635339203905,0 88.99098615862771,24.85654895132887,0 88.99110417274014,24.85664862548262,0 88.99125864309421,24.85682932555248,0 88.99160444130192,24.85722487380869,0 88.99193266932917,24.85764853850376,0 88.99215176254552,24.85809402667783,0 88.99225026374324,24.85845168497982,0 88.99231541373842,24.85865378302784,0 88.99235322219647,24.85886811547642,0 88.9923492038006,24.85905052249346,0 88.99235609317103,24.85911439549785,0 88.99237673535234,24.85930883781455,0 88.99241938188625,24.85953676006817,0 88.99244754810566,24.85971995906029,0 88.99253747411207,24.85992053737664,0 88.99261527398026,24.86009109420824,0 88.99271979919787,24.86032227557146,0 88.99282692550847,24.8605387891125,0 88.99296597031194,24.86078772202064,0 88.99316353192771,24.8611449463523,0 88.99337828952832,24.86151867091372,0 88.99353243603744,24.86173890379129,0 88.99365427444407,24.86197302908404,0 88.99376152280389,24.86217542261389,0 88.99388309577593,24.86244117704767,0 88.99400194413826,24.8627362815779,0 88.99413823635845,24.86301851872718,0 88.99428900031256,24.86334660727528,0 88.99441069922995,24.86359767589952,0 88.9944734412518,24.8637924137688,0 88.99449515576626,24.86386034417999,0 88.99459707418991,24.86410788520845,0 88.99464858839225,24.86416585894317,0 88.99475403649681,24.86428859986144,0 88.99484753148988,24.86436042261513,0 88.99500089964096,24.86467384333735,0 88.99496521379712,24.86479446434925,0 88.99486790323095,24.86488132821261,0 88.99475574004705,24.86496752290657,0 88.9945787043266,24.8651114388521,0 88.99448165080847,24.86516780349864,0 88.99433731459368,24.86525151266969,0 88.99420795143989,24.8653217717563,0 88.99412822616696,24.86537882283779,0 88.99399860886552,24.86547901557243,0 88.99382182923975,24.86559243170958,0 88.99359814869692,24.86568800870946,0 88.99346853061481,24.86578820012397,0 88.99337069871574,24.86593662450604,0 88.99330127875899,24.86623944394546,0 88.99324657795846,24.86655874640732,0 88.99321595139854,24.86666641159232,0 88.99317767222537,24.86680056961364,0 88.99314121146037,24.86701268460094,0 88.99309979264574,24.86722533070157,0 88.99304643610189,24.8673853638619,0 88.99296385132153,24.86748758022964,0 88.99292337168586,24.86758896272731,0 88.99284054791329,24.8677194181571,0 88.99278012881615,24.86783591104594,0 88.99270733385271,24.86795175120645,0 88.9926471687029,24.86803831022941,0 88.99254950488812,24.86816640154782,0 88.99246220963026,24.86823977927338,0 88.99241969257821,24.8682891838898,0 88.99226280384032,24.86839257127314,0 88.99220775734662,24.86845939769216,0 88.99211786559763,24.86854687684651,0 88.99201819780535,24.86861903730404,0 88.99187865656812,24.86872085221041,0 88.99179916224315,24.86875022739371,0 88.99110605722726,24.86900742236725,0 88.99070610136033,24.86915484631815,0 88.99059431381013,24.86919585491556,0 88.99059045023539,24.86935962565791,0 88.99058504828605,24.86941268038565,0 88.99058120392066,24.86957419123405,0 88.99055805674216,24.86967569594845,0 88.99055186014598,24.86982250494759,0 88.99054840297067,24.86993826815527,0 88.9905448218759,24.8700687165739,0 88.9905089238521,24.87021362227702,0 88.99047834705206,24.87031507348462,0 88.99047241467099,24.87043082004155,0 88.99044194733462,24.87051928162657,0 88.99043587556652,24.87065140629389,0 88.99040257840105,24.87078164519318,0 88.99039566386811,24.87101317249558,0 88.99038922306428,24.87118878581454,0 88.99038589072842,24.8712898646886,0 88.99038254878188,24.87139207305541,0 88.99037611279282,24.87156712207222,0 88.99037278045917,24.87166820094249,0 88.99039655843536,24.87178472130019,0 88.9904196043061,24.87198765374317,0 88.99043358235552,24.87209167952568,0 88.99048634571966,24.8722948214148,0 88.9905200345562,24.87241084665274,0 88.99052659757152,24.87251312513514,0 88.99056300672919,24.8726003635591,0 88.99055966978599,24.87270200761067,0 88.99058282570701,24.87289195036487,0 88.99057639586805,24.87306643413334,0 88.99057033294106,24.87319742928242,0 88.99056241630109,24.87325498533968,0 88.99063780076315,24.87371132593599,0 88.99064717548396,24.87377408695507,0 88.99076475093403,24.87421999292019,0 88.9908486662187,24.87454648517171,0 88.9909301010367,24.87458094817478,0 88.99097640656413,24.87466938600647,0 88.99100415909182,24.87490172273678,0 88.99122031088697,24.87511279280679,0 88.99139229860538,24.87527497822417,0 88.99160909750778,24.87540980195192,0 88.99187540106881,24.87554779781341,0 88.99211956453232,24.8756681280968,0 88.99222813199131,24.87571577241576,0 88.99254886113465,24.87586092798339,0 88.99272162028751,24.87593218084769,0 88.99300318144417,24.87602340242229,0 88.99307228334791,24.87605212926872,0 88.99334870083077,24.87616590591913,0 88.9935979400742,24.87627214946292,0 88.99373363464024,24.87633353873067,0 88.99378051064663,24.87635476583246,0 88.99386439113758,24.87639319823267,0 88.99410113876159,24.87651234402921,0 88.99430322647929,24.87663011544849,0 88.9945372422671,24.87677974106365,0 88.9946949403033,24.87687517302653,0 88.99475653763929,24.87691288348982,0 88.99505218447513,24.87709626499463,0 88.9953010655304,24.87724542969447,0 88.99547358043122,24.87734604768189,0 88.99557946011669,24.87741908680772,0 88.99572472946483,24.87752007872607,0 88.99580105338079,24.87757370709517,0 88.99595872467248,24.87767252605892,0 88.99608198777334,24.87774003847595,0 88.99619033011578,24.87781478924136,0 88.9963010629225,24.87789972366121,0 88.9965202436785,24.87804698319626,0 88.99675427899405,24.87819491028673,0 88.99684043262133,24.87825764457377,0 88.99693874173641,24.8783475745127,0 88.99699999779324,24.87842594826976,0 88.99715727698853,24.87857164367246,0 88.99729514382187,24.87866975746214,0 88.9974083029601,24.87876092099729,0 88.99754601378437,24.87887767334101,0 88.99767676987236,24.87893789439556,0 88.997792182691,24.87905561934128,0 88.99793001717283,24.87915768613556,0 88.99803526767876,24.87930584106438,0 88.99812854955003,24.87940477211458,0 88.99823641030954,24.87953712961996,0 88.99829749718947,24.87963583533206,0 88.99835860799764,24.87973171683905,0 88.99841230896381,24.87982528806115,0 88.99844893000842,24.87988823955821,0 88.9985427148135,24.87992730293157,0 88.99858433727513,24.87998464081121,0 88.99861858117855,24.88003571389811,0 88.99867019961489,24.8800823898107,0 88.9986994766016,24.88013512278202,0 88.99879962473784,24.88030131497111,0 88.99884359041121,24.88037448388453,0 88.99906375090283,24.88040595811822,0 88.99916744742835,24.88044452537548,0 88.99932056549599,24.88049642961291,0 88.99949012428839,24.88065519860165,0 88.99959096594246,24.88073893126565,0 88.9997687082726,24.88080795100162,0 88.99991470149868,24.88082365617618,0 88.99995657987402,24.88085049476034,0 89.00002307732541,24.88089501535282,0 89.00012403271789,24.88096519287936,0 89.00033845982614,24.88108981985835,0 89.00050565750493,24.88123501635493,0 89.00054251782146,24.88126972734429,0 89.00070940788889,24.88145163415544,0 89.00071343261985,24.88156236667383,0 89.00071970749757,24.88170022691499,0 89.00072810314721,24.88188046251463,0 89.00069414638459,24.88209033862498,0 89.00066051565516,24.88226124519456,0 89.00063714225722,24.88239042563414,0 89.00058100037538,24.88258772121916,0 89.00051287185133,24.88273748800314,0 89.00046160257791,24.88294441844063,0 89.00043097368794,24.88305265085733,0 89.00040286968138,24.88315525137125,0 89.00042165387664,24.88327794897423,0 89.00045762851771,24.8834182755127,0 89.00049597028394,24.88357160894028,0 89.00053434545593,24.88372098959604,0 89.00055823588367,24.88382564825517,0 89.00061427422717,24.8839361789795,0 89.00066278357561,24.88405851859057,0 89.00072117118735,24.88418431602144,0 89.00081629570562,24.88435950850969,0 89.00088186774323,24.88451472722993,0 89.00095498331599,24.88465644229714,0 89.00101097491455,24.88477262115066,0 89.001033156334,24.88508116771704,0 89.00107652839002,24.88522549877709,0 89.00116954750352,24.88535662092976,0 89.0012628128998,24.88545837457289,0 89.00138863908069,24.88551686332145,0 89.00151164791805,24.88561599972246,0 89.00160281532077,24.88567255275637,0 89.00169658272574,24.88571443793534,0 89.00182483930462,24.88577859103247,0 89.00197532339928,24.88585024294597,0 89.002096243857,24.88590304898052,0 89.00221964184536,24.88595587131626,0 89.00237526436379,24.88600553021258,0 89.00251343689573,24.88606862246487,0 89.0026491378521,24.8861311329738,0 89.00274047690631,24.88616735270809,0 89.00287878261101,24.88621463089911,0 89.00301709215971,24.88626134377429,0 89.00315527950426,24.88632274161486,0 89.0033674037541,24.88642814483076,0 89.00348804757084,24.88651427170002,0 89.0036082612033,24.8866517949789,0 89.00376034617295,24.88682851151304,0 89.003912734859,24.88696908163958,0 89.00397411350851,24.88703389808754,0 89.00405023837364,24.88711237295244,0 89.00411857106897,24.88723428419768,0 89.00420420712634,24.88736027004639,0 89.00430932190682,24.88752649303351,0 89.00437464540354,24.88771220855234,0 89.00448642224322,24.88797054291781,0 89.00459779810413,24.88827688519472,0 89.00467746368258,24.88852483029023,0 89.0047565114066,24.88884676236576,0 89.0048208405257,24.889151647577,0 89.00488931288157,24.8895537109659,0 89.00497453761221,24.89002592854806,0 89.00502686101196,24.89028554427821,0 89.00505787614037,24.8904275301696,0 89.0050919196661,24.89079998323004,0 89.00512455809776,24.89104421315711,0 89.00514857999377,24.89113362129747,0 89.00519177115258,24.89130054388618,0 89.00529155087224,24.8915130445971,0 89.0054065593323,24.89168159441962,0 89.00551944432048,24.89180776901618,0 89.00565003067591,24.89189057423111,0 89.00576339270519,24.89195970476124,0 89.00587710747934,24.89198647554478,0 89.0060869742303,24.89206700639317,0 89.00626711089978,24.89214846128367,0 89.00644713436414,24.89224346973437,0 89.00665938023451,24.89233587787599,0 89.00689344627619,24.89248491942076,0 89.00694019929703,24.89252195726899,0 89.00711242668427,24.89266096745293,0 89.00721792227446,24.89278257005505,0 89.00723940438435,24.89287986775841,0 89.00726526568555,24.89304610462394,0 89.0073107161972,24.89323958864228,0 89.00731250548519,24.89332206526588,0 89.00739950261338,24.8935830502737,0 89.00746489961401,24.89376085744563,0 89.00754989455807,24.8939647813226,0 89.00756649379687,24.89405357383863,0 89.00758545266568,24.89415650253518,0 89.00761864655193,24.89433465093138,0 89.00768549616323,24.89463559946486,0 89.00779391590223,24.89500122465055,0 89.00792935218516,24.89539471357246,0 89.00799644761393,24.895666292629,0 89.00796522969216,24.89584568894391,0 89.00789470213014,24.89598640659852,0 89.00781228826504,24.89606716934557,0 89.00767020885741,24.89617406665666,0 89.00750598830898,24.89626273537253,0 89.00731969174061,24.89632526905984,0 89.00718306805564,24.89637176727665,0 89.00702921052617,24.89640572048577,0 89.00678863346184,24.89644245987391,0 89.00661743807166,24.89647629205307,0 89.00648092729243,24.89650923496342,0 89.00641387762415,24.89652966817398,0 89.00627481917526,24.89657106523208,0 89.00604143716592,24.89663609491237,0 89.00585750713175,24.89671163449824,0 89.00571085377227,24.89677274659523,0 89.00564125050963,24.8968021990007,0 89.00544222349203,24.89690587436936,0 89.0051809063624,24.8970531724292,0 89.00494719260075,24.89715773598363,0 89.00476562515703,24.89724684625489,0 89.00461366228923,24.8973502824864,0 89.00441160024542,24.89752058420605,0 89.00422427569013,24.89770567349731,0 89.00410148211985,24.89787539532286,0 89.00404581968503,24.89801508472082,0 89.0040225976602,24.89812619279285,0 89.00399937561554,24.8982373017649,0 89.00398763192166,24.89845693557657,0 89.00401044202842,24.89869149539788,0 89.00397886374277,24.89891325088486,0 89.00397136151307,24.89921820193853,0 89.00397210087087,24.89942606208616,0 89.00395609198675,24.89956320187801,0 89.0039506471303,24.8996219058469,0 89.00394878291711,24.89984499716915,0 89.0039052627921,24.90001357698368,0 89.00389629775998,24.90019708098315,0 89.0038850870009,24.90035289402981,0 89.00388619940233,24.9005161355318,0 89.00387813197062,24.90059233054618,0 89.00386233026782,24.90070461990713,0 89.00383915985182,24.90080951624994,0 89.00377097394505,24.90096549718085,0 89.00369739972146,24.90117340515037,0 89.00365731498029,24.90122734931826,0 89.0035867692979,24.90136919393126,0 89.00343597780761,24.90162796353363,0 89.00326784255321,24.90188717632748,0 89.00314047686375,24.90201055155496,0 89.00310302000688,24.90204643935106,0 89.00293806435656,24.90222151588314,0 89.0028175284767,24.90241666986362,0 89.00279489521728,24.90245718016317,0 89.00271677162185,24.90261648090466,0 89.00268635245972,24.90269929809447,0 89.00262050354786,24.9028716747722,0 89.00259233455643,24.90298161953516,0 89.00259397539563,24.90308160463332,0 89.0025777610031,24.90324303048532,0 89.00256157977498,24.90340050359491,0 89.00253801548246,24.90355227650006,0 89.00251734408737,24.9036543658383,0 89.00247136218097,24.90382066820859,0 89.00251192127425,24.90400621180082,0 89.00257435308087,24.90424217793289,0 89.00263380597691,24.90453799383944,0 89.00267850719955,24.90482071644506,0 89.00266491187151,24.9049652164219,0 89.00265671466377,24.90505666077973,0 89.00260581205396,24.90521897496032,0 89.00252058972431,24.90533812402883,0 89.00235563865427,24.90551207068625,0 89.00226622342126,24.90554025400852,0 89.00219149955494,24.9055888726525,0 89.00199246896921,24.90569084879825,0 89.00173137418291,24.90580877191251,0 89.00150273242798,24.90589698600935,0 89.00132166028864,24.90592509454143,0 89.00117537993627,24.90593988962662,0 89.00101437502762,24.9059382018161,0 89.0008829624918,24.90595253620086,0 89.00071940098029,24.90596043270645,0 89.00053563797242,24.90601393862287,0 89.00044625987043,24.90603760206153,0 89.00031431145204,24.90611575675288,0 89.00025910033391,24.90620065927527,0 89.00025810594553,24.90631926588707,0 89.00020764421772,24.90642848921674,0 89.00029994495833,24.90664715509367,0 89.00032767507258,24.90688513869916,0 89.00027944987036,24.90702318345215,0 89.00029099192186,24.90712380223898,0 89.00030487318044,24.90724081812184,0 89.00028370187297,24.90740220920636,0 89.00029153913933,24.90764909187282,0 89.00031203262439,24.90786386770101,0 89.00030584140379,24.9080112428365,0 89.00030262570574,24.90809933333858,0 89.00027840759518,24.90832848242957,0 89.00030611930468,24.90856872583772,0 89.00034558620365,24.90888417234941,0 89.00036217363275,24.90897409428017,0 89.00040240805586,24.90919804538441,0 89.00047570296678,24.9096153958876,0 89.00056461962667,24.90994248433048,0 89.00067250102036,24.91037137279089,0 89.00075062474444,24.91050860507819,0 89.00076911075223,24.91066744901872,0 89.00081012394557,24.91079877416108,0 89.00096558960362,24.9111664284876,0 89.00113791416429,24.9115918127332,0 89.00119371031293,24.91173284259767,0 89.00127616443082,24.91194466127277,0 89.00142864024282,24.91237386023579,0 89.00144798392202,24.91243047816702,0 89.00150350682955,24.91260426554201,0 89.00158699378451,24.91269295956248,0 89.0016754253818,24.91278281850744,0 89.00173885859175,24.9128996138261,0 89.00183695866298,24.91301834496583,0 89.00188313176209,24.91312541902093,0 89.00193650843516,24.91325965340812,0 89.00196027392376,24.91338012649492,0 89.00197412945072,24.91350053043424,0 89.00200037106117,24.9136210208104,0 89.00198956829671,24.91372769716993,0 89.00198373851228,24.91383214914608,0 89.00190553944272,24.91399935705191,0 89.00183298524038,24.91408414010961,0 89.00173574780013,24.91415801879873,0 89.00164851988079,24.91422010657408,0 89.00136878015707,24.91419556436828,0 89.00119032535891,24.91450101987499,0 89.00115762874712,24.91455953345685,0 89.00102415251365,24.91481898602016,0 89.00098579017305,24.91496218426801,0 89.00094251260039,24.91510082905011,0 89.00090182958753,24.91522537125925,0 89.00087077203897,24.91538386984532,0 89.00083729807294,24.91553500994761,0 89.00081328353487,24.91573987282487,0 89.00077061544415,24.91610106274589,0 89.000787175084,24.91648977734725,0 89.00083055031919,24.91693064203348,0 89.00087419912184,24.91733874990178,0 89.00093474037531,24.91780063326413,0 89.00097512192924,24.91830304311978,0 89.0010162569702,24.91871565144207,0 89.00104277050039,24.91909935188546,0 89.00106505252865,24.91939660470834,0 89.00111886914317,24.91977428274302,0 89.00117032182592,24.92013838875436,0 89.00122893235884,24.92053530335488,0 89.00133852685691,24.92105683565701,0 89.00142413922724,24.92148387465869,0 89.00152476800588,24.92189294466725,0 89.00164534866785,24.9222863373775,0 89.00178168024142,24.92257421856256,0 89.00193472485958,24.92293733685478,0 89.00207055116731,24.92328564984916,0 89.00217508451486,24.92352473377189,0 89.00220909701338,24.92360517591892,0 89.00225033385742,24.92371052114488,0 89.00250158102958,24.92388567089342,0 89.00267866159955,24.9240416663114,0 89.00287291478482,24.92421811385064,0 89.00305980208719,24.92438660206895,0 89.00314541165245,24.92451880172363,0 89.00321808655315,24.92471643118874,0 89.0032646149654,24.92478170995618,0 89.00331606477656,24.92485097594382,0 89.00345050683754,24.92506936897396,0 89.00356779583711,24.92526504882123,0 89.00362853761673,24.92540837223757,0 89.00367705679355,24.92553184125473,0 89.00375025227632,24.92566734356658,0 89.00388763182353,24.9258309686044,0 89.00397581040239,24.92595245347579,0 89.00403951235201,24.92603818504065,0 89.00422099121495,24.92626142262001,0 89.00437025386347,24.92648556539422,0 89.0044093801381,24.92654740356667,0 89.00450468080489,24.92670621615871,0 89.0046243181999,24.92691772757815,0 89.00469723796732,24.92708655205804,0 89.00474062967913,24.92723088375206,0 89.00474976158149,24.92732414321724,0 89.00474364529816,24.92746304729362,0 89.00472020591255,24.92759957273064,0 89.00467229382652,24.92769977807084,0 89.00458966256976,24.92780369676582,0 89.00448976370861,24.92789845809523,0 89.004350196646,24.9279963330102,0 89.00421321904986,24.92808066950303,0 89.00410613821096,24.92814544544467,0 89.00397413949298,24.92822699204932,0 89.00386454228641,24.92829626852206,0 89.00373269450792,24.92835974236108,0 89.00360099786008,24.92840514261783,0 89.00344957050098,24.92843967339861,0 89.00327593041929,24.92846388258187,0 89.00313460227787,24.92847589064746,0 89.00312390794754,24.92856957655502,0 89.00315261237165,24.92869234335827,0 89.00319568717381,24.92887451715925,0 89.00322452416412,24.92898146941859,0 89.00326772115008,24.92914895815602,0 89.00329655455111,24.92925647556746,0 89.00332177589718,24.92949952586837,0 89.00336015097783,24.92965116643922,0 89.00339367923156,24.92978978124284,0 89.00343867437192,24.93003861773638,0 89.00346544586809,24.93009641625444,0 89.00353698127189,24.9304307247875,0 89.00355845690353,24.93052915455963,0 89.00357984846823,24.93063774962284,0 89.00362038498962,24.93082724800935,0 89.00370575727607,24.93128478563063,0 89.00378903097585,24.93169712223703,0 89.00384568335473,24.93203358689937,0 89.00386690323339,24.93245904807612,0 89.00388563652155,24.9328856214611,0 89.0039197079102,24.933255819771,0 89.00393581492936,24.93340391558292,0 89.00394030203664,24.93345986419608,0 89.00397150909903,24.9338763583385,0 89.00402778552851,24.93425800638886,0 89.00414313465463,24.9346869461102,0 89.00421490687073,24.93499358027811,0 89.00423864429825,24.93511800683937,0 89.00419977020464,24.93532220385448,0 89.00417250600685,24.9356196774818,0 89.00412822244273,24.93587806040009,0 89.00411935439838,24.93604970561502,0 89.00410571462841,24.93619929021176,0 89.00411150455442,24.93639588999464,0 89.0041036707332,24.93644384518582,0 89.00408036564819,24.93656399174796,0 89.00406947718264,24.93668083419366,0 89.00402643999871,24.93679011156064,0 89.00394154147592,24.93686803227514,0 89.00387404383785,24.93693929576463,0 89.00379665885264,24.93700766707089,0 89.00370689857415,24.93707425753494,0 89.0036272711521,24.93711437098138,0 89.00355010797706,24.93715619627901,0 89.00347783829484,24.93720539897497,0 89.00338823934014,24.93725278541505,0 89.00324866879916,24.93734952954163,0 89.00316159442133,24.93739128660798,0 89.00308430327715,24.93744836099423,0 89.00305850912497,24.93756961880102,0 89.00295689950022,24.9375717360585,0 89.00282084119597,24.93754480790014,0 89.00276140013639,24.93754156987283,0 89.00267967288428,24.93753648194747,0 89.00259028045835,24.93755901761987,0 89.00254280692332,24.93760613250669,0 89.00248055155411,24.93764297768116,0 89.00242823076802,24.93767706858814,0 89.00232641188047,24.93770403577022,0 89.00224672207808,24.93775149149364,0 89.00208616688721,24.93769106642706,0 89.00200205669546,24.93767466608676,0 89.0018855931759,24.93767498442471,0 89.00182813735404,24.93773050160795,0 89.00175017800876,24.93786721128649,0 89.00169532161661,24.93790806157567,0 89.0016407643822,24.93791333008727,0 89.00161519220013,24.93800804270596,0 89.00156387160469,24.93821836556456,0 89.00152728533841,24.93844460559893,0 89.00149018298481,24.9387324080944,0 89.00146807917785,24.93900450056903,0 89.00147842280602,24.9392485777986,0 89.00152034782107,24.9395679965545,0 89.00157987344507,24.93985703746855,0 89.00159547075106,24.94006556743746,0 89.00160420343893,24.94020627056634,0 89.00156659363718,24.94055450602603,0 89.00148230373206,24.94085497178008,0 89.00138092414578,24.94112481712728,0 89.00128240516374,24.94134893084191,0 89.00118678577854,24.94152279590022,0 89.00111898959206,24.94162907582017,0 89.00102596100501,24.94178940341966,0 89.00100801936587,24.94186044602099,0 89.00098249720133,24.94194894599397,0 89.00095930205097,24.94205553668814,0 89.00095123379508,24.94213116717904,0 89.00095817507423,24.94218995729242,0 89.00093536244289,24.9422508000474,0 89.0009027009921,24.9423042307416,0 89.00085501099574,24.94237676075725,0 89.00076046062789,24.9424229818679,0 89.00071075232999,24.94244070988267,0 89.00060893861398,24.94246654666294,0 89.00052446049278,24.9424936337847,0 89.00046467970202,24.94253049556363,0 89.00039468430862,24.94260343514528,0 89.0003838017316,24.94271914890651,0 89.00038766253633,24.94284965046944,0 89.00038893679728,24.9429931251098,0 89.00036305395798,24.94312454971692,0 89.00033962123921,24.94325938002561,0 89.00031161602016,24.94334842692259,0 89.00027147284331,24.94340745397075,0 89.000230831129,24.94352578362992,0 89.0002516628593,24.94370102552269,0 89.00028972527976,24.94388994301164,0 89.00030869545104,24.94399174425615,0 89.00032765519302,24.94409467498706,0 89.00034662543916,24.94419647622023,0 89.00036559000188,24.94429884265166,0 89.00038456032276,24.94440064387346,0 89.00040340652114,24.94451712922828,0 89.00042237218928,24.94461949562904,0 89.00041025701897,24.94488205514646,0 89.0004037991783,24.94506106056357,0 89.00039739718588,24.94523328821677,0 89.00040261807965,24.94549709901756,0 89.00038394051714,24.94565568474065,0 89.00037856363974,24.94570591694383,0 89.00038955934528,24.94587205291896,0 89.00040302427449,24.94603933563003,0 89.00041315805021,24.94630826405808,0 89.00042660790872,24.94647724143506,0 89.00040732408011,24.94670812098563,0 89.00039079359522,24.94690626021429,0 89.00036373462657,24.9471777527713,0 89.00034453593945,24.94739846700269,0 89.00033360961176,24.94751926383649,0 89.00025626214965,24.94787738976449,0 89.00024319279562,24.94825347307546,0 89.00018540321396,24.94864336616194,0 89.00010328789541,24.94897886521775,0 89.00005587285402,24.94931347753065,0 89.00002921093775,24.94953752742699,0 88.99998706945249,24.94983433268377,0 88.99994552472143,24.95005997358666,0 88.9999244917535,24.95020385784272,0 88.99987462866831,24.95023965921893,0 88.9998488380904,24.9503597871718,0 88.99988931415959,24.95055662994764,0 88.99993750413906,24.95072020176111,0 89.00000601094402,24.95082517256785,0 89.00007465523277,24.95091376455012,0 89.00017557981609,24.95099467468025,0 89.00029416437171,24.95103842831969,0 89.00033607247552,24.95106470258986,0 89.00046297683366,24.95100289224256,0 89.00059221205508,24.95095860732026,0 89.00078829209485,24.95092213131002,0 89.000941913852,24.9509248960904,0 89.00111005401058,24.95096956032047,0 89.00127028591019,24.95107065189331,0 89.00144513591866,24.951201780172,0 89.00160548187836,24.95128931581452,0 89.00173352426286,24.95138735847364,0 89.00184667086383,24.95148868597745,0 89.00194706749146,24.95163285092157,0 89.00202300136813,24.95173900274807,0 89.00210826507208,24.9519146930841,0 89.00211477193758,24.95202544436322,0 89.00213354111543,24.95215153202184,0 89.00211234983037,24.95231461932243,0 89.00206437254965,24.95242103775678,0 89.002012069313,24.95245230380535,0 89.00205146165871,24.95248307911596,0 89.00210071988788,24.95251957073424,0 89.00215942612792,24.95261148196776,0 89.0022005931198,24.95272642814055,0 89.00221743770307,24.95278641737557,0 89.00223665612305,24.9528588489903,0 89.00227482467179,24.9530359063363,0 89.00233041929307,24.95320348239612,0 89.00242371062194,24.95330862506236,0 89.00246808356013,24.95333660964592,0 89.00256915440174,24.95340057394353,0 89.00271206764457,24.95349871892558,0 89.0029541658529,24.95359021149619,0 89.00313718283719,24.95363441129577,0 89.00330516684632,24.95369827564741,0 89.00346084491891,24.95375188665581,0 89.00353480967142,24.95379758746847,0 89.00361143536036,24.95382127843373,0 89.00374075805014,24.95376682448236,0 89.00381215915031,24.9538226732328,0 89.00401358496677,24.95403644896298,0 89.00411902686699,24.95417048124285,0 89.00414092357585,24.95421920801538,0 89.00418952179277,24.95433477117054,0 89.00422356814268,24.95441238871073,0 89.00420575444646,24.95446818321522,0 89.00418225672968,24.95461092106582,0 89.00414641126821,24.95474848981866,0 89.00416034536589,24.95486042282057,0 89.00415944350854,24.95496829901151,0 89.0041689313621,24.95501919961574,0 89.00414368206147,24.95507494163085,0 89.00411719696557,24.95527866025419,0 89.00414526243098,24.95547880456478,0 89.00421330871879,24.95563968877718,0 89.00428938864339,24.95572889518621,0 89.00436534137548,24.95583335171897,0 89.00447585987789,24.9559532972854,0 89.00449997094601,24.95603367097566,0 89.00444619761562,24.95624058893015,0 89.00439732899895,24.95645375471894,0 89.00434935240135,24.95656017381199,0 89.00432375970497,24.95665714665068,0 89.00428316100313,24.95677039506231,0 89.00427452196648,24.95691436646327,0 89.0042683853658,24.95705553090903,0 89.00424500633427,24.95718414894462,0 89.00423190190372,24.95726934692551,0 89.00419128881441,24.95738428998491,0 89.00415789237879,24.95752526436638,0 89.00411728858677,24.95763907793642,0 89.00408672933627,24.9577371458339,0 89.00404365595705,24.95784981182421,0 89.0040107271864,24.95793487219256,0 89.00396506259179,24.95806107646946,0 89.00386979718081,24.95819145463216,0 89.00378468476183,24.95829309677883,0 89.0037098433716,24.9583518840327,0 89.00366949369527,24.95843519807311,0 89.00364639223748,24.95853049337276,0 89.00363837151481,24.9586004764547,0 89.00356850082339,24.95865760248564,0 89.0034936459537,24.95871808429895,0 89.00336882092425,24.95882679298023,0 89.00332587399183,24.95892420954248,0 89.0033664433027,24.95911088447455,0 89.00340665415156,24.95934048485353,0 89.00344710109161,24.9595418447187,0 89.00353662016933,24.95980228858561,0 89.00357512840345,24.95993924477131,0 89.00360884497377,24.96005639847341,0 89.00368096062762,24.96032349862736,0 89.00375501688902,24.96065500320298,0 89.00386612333986,24.96100145065106,0 89.00397900113281,24.96143263477703,0 89.00407925122668,24.96189197237447,0 89.00411107540002,24.96223560853884,0 89.00415777918492,24.96257821923476,0 89.00423680865535,24.96290806393872,0 89.00430510820499,24.96333554882796,0 89.00433113710562,24.96348315006856,0 89.00433815637506,24.96353290391189,0 89.00431935369723,24.96370674070905,0 89.00429769590862,24.96392574378807,0 89.00427876118705,24.96411539502022,0 89.00425969444557,24.96432085978766,0 89.00424334235267,24.96449810217047,0 89.0042469013203,24.96466531677583,0 89.00423294711641,24.96485217822547,0 89.00423907840744,24.96500811346882,0 89.00422210314665,24.96525990925511,0 89.00423080778518,24.96540456602483,0 89.00422230080216,24.96553272286851,0 89.00421629071889,24.96565863795191,0 89.0042102957724,24.96578285926103,0 89.00418445453076,24.96590920114279,0 89.00414371090913,24.96603939350776,0 89.00408041186923,24.96619936540812,0 89.00400519273494,24.96630277133438,0 89.00397009516752,24.96635053740333,0 89.00392003193069,24.96640949689314,0 89.00382732363231,24.96652972632054,0 89.00368036980991,24.9666162530198,0 89.00357310192885,24.96669910200167,0 89.00344558658537,24.96683207991386,0 89.00329822176937,24.96696774426301,0 89.00309958092959,24.96701098381099,0 89.00287572675536,24.96710544799845,0 89.00258483801056,24.96721356609267,0 89.00225961705824,24.96727795196908,0 89.00216014744795,24.96731736281557,0 89.00195622723101,24.96739897312066,0 89.00164811205732,24.96749228303391,0 89.00142425103255,24.96758730944103,0 89.00121773258142,24.96768302136195,0 89.00108567435807,24.96776626064876,0 89.00104331484737,24.96779307686603,0 89.00086889680935,24.967903133086,0 89.0006814844409,24.96808483138655,0 89.00059343372681,24.9682401099928,0 89.00055034843403,24.9683533404513,0 89.00053941627851,24.9684747022863,0 89.00051609728553,24.96859541361335,0 89.00051217284069,24.96876765900262,0 89.00055586928309,24.96887697594285,0 89.00053562047678,24.96892710462803,0 89.00050485560256,24.96904889281331,0 89.00049636843003,24.96917422640455,0 89.0005077981038,24.96928896656933,0 89.0005217153968,24.96940259450079,0 89.00056270601746,24.96953900429485,0 89.00062078934717,24.96970603329887,0 89.00066450991477,24.96981252602869,0 89.00071534350681,24.96995747712879,0 89.00074211238446,24.97001640579075,0 89.00077379603346,24.9700804529052,0 89.00081510018455,24.9701795853878,0 89.00087368154999,24.97028731183063,0 89.00093950840062,24.97041768125729,0 89.0010323948391,24.97057252706669,0 89.00110088174866,24.97068145178149,0 89.00118164143638,24.97080458240836,0 89.0012475880356,24.97092083185296,0 89.00131601766033,24.97103653420336,0 89.00139423251852,24.9711675546886,0 89.00146019371191,24.97128211024872,0 89.00154340972506,24.97140808197458,0 89.001567828717,24.97145174394891,0 89.001619142191,24.97153965026818,0 89.00168758670074,24.97165365773289,0 89.00171177910734,24.97172442976628,0 89.00173615199752,24.97177373996414,0 89.00183881160298,24.97194559792446,0 89.00193134532196,24.97214280325717,0 89.00196767966911,24.97224359553146,0 89.00197945684269,24.97231710555825,0 89.0020571351222,24.97251251281733,0 89.00208790610986,24.97268556510812,0 89.0021308058358,24.97289033230962,0 89.0021689418467,24.97307190769774,0 89.00219730204995,24.9732370354892,0 89.00225520461088,24.97342609144192,0 89.00228605269841,24.97359010693465,0 89.00231270151281,24.97366372014123,0 89.00238305794099,24.9738455209208,0 89.00242184788155,24.97394915435265,0 89.00253030598259,24.9740210780952,0 89.0026139638446,24.97409452261222,0 89.00271215723551,24.97420817245545,0 89.00279338998658,24.97427538708394,0 89.00287451807964,24.97435502768699,0 89.00295341329489,24.97440528202678,0 89.0030321199325,24.9744781275901,0 89.00310857576386,24.97452384583186,0 89.00318504950936,24.97456730419502,0 89.00324189449195,24.97458690423878,0 89.00332345779017,24.974614583374,0 89.00343240249961,24.97462833175529,0 89.00355374979812,24.9746410364992,0 89.0037196395824,24.97466252373032,0 89.00381122532104,24.97467728102646,0 89.00393271031606,24.97467360673384,0 89.00403915803135,24.97468959642618,0 89.00414318877893,24.97469822683851,0 89.00432403386138,24.97470965028687,0 89.00442066289702,24.97471427537059,0 89.00458171310513,24.97472160662823,0 89.00468568267833,24.97473757867854,0 89.00483427956863,24.97475216674811,0 89.00498273056553,24.9747842628399,0 89.00516098459089,24.97480922266077,0 89.00532435788921,24.97483520971231,0 89.00546784690563,24.97486783528568,0 89.00562864329447,24.97490566474314,0 89.00578942095366,24.97494575296392,0 89.00592055936475,24.97497321018469,0 89.00603685189748,24.97499773937331,0 89.00615313407512,24.97502339795297,0 89.0062571698366,24.97503146167243,0 89.00635620213285,24.97504513929544,0 89.00647271098921,24.97504368758362,0 89.00657434843357,24.97504213298163,0 89.00669085727169,24.97504068109925,0 89.00682224121714,24.97503876763056,0 89.00695362612531,24.97503685313014,0 89.00710000356109,24.97502035724857,0 89.00724886487744,24.97500331405433,0 89.00742498969686,24.9749864590361,0 89.00755897951636,24.97496931282074,0 89.00767573700425,24.9749379251341,0 89.0078245980994,24.97492088137457,0 89.00795610483186,24.97490428197615,0 89.00808748951899,24.97490236738658,0 89.00827862043798,24.97486923445691,0 89.00845462287749,24.97486706316021,0 89.00867290088566,24.97484823938831,0 89.00886377362673,24.97484617021366,0 89.00905217279444,24.97484351851143,0 89.00920090592795,24.97484172260579,0 89.00941929148433,24.97480990749027,0 89.00955302765841,24.97482325790128,0 89.00972923134371,24.9747967983426,0 89.00983355371525,24.97477040755885,0 89.00993789944053,24.97474119167656,0 89.01004225080825,24.97471141232968,0 89.01014661516095,24.97467993736779,0 89.01025099819027,24.97464620339676,0 89.01041523634501,24.9745682609377,0 89.01050444827045,24.97457057191285,0 89.01061085525183,24.97459163990418,0 89.01067246574287,24.974634427553,0 89.01073384125712,24.97470545462665,0 89.01079757906864,24.97479061934617,0 89.01085895473523,24.97486164635744,0 89.01090567166909,24.97490715472975,0 89.01094992346549,24.974950952281,0 89.01099664416425,24.97499589635009,0 89.01104599851999,24.97502221895571,0 89.01109555507615,24.97502425568906,0 89.01117145055075,24.9751377449627,0 89.01125442636015,24.97529421058761,0 89.01131996752757,24.97546072200431,0 89.01139709466821,24.97572446472581,0 89.01145463836788,24.97595870115344,0 89.01154476466336,24.97614967056418,0 89.01159596560447,24.97625225772141,0 89.011651635898,24.97641361855779,0 89.01174115309885,24.97667801049857,0 89.01181097349537,24.97692645253573,0 89.01188313691624,24.97719129020641,0 89.01193844719855,24.97739614037346,0 89.01200875087625,24.97758640784851,0 89.01213036441898,24.97786627191707,0 89.01226897250632,24.97818918030217,0 89.01247612956443,24.97861535962661,0 89.01254693198622,24.97874575858471,0 89.01253860662449,24.97885301869879,0 89.01252733855483,24.97901617722956,0 89.01253094233245,24.97917943793139,0 89.01247315212422,24.97927336631289,0 89.012479075363,24.97945584680533,0 89.01248546673511,24.97958184847752,0 89.01249187680274,24.97970559030863,0 89.01249595335575,24.97981180609825,0 89.01248502819543,24.97993373495674,0 89.01249106832871,24.98010209573101,0 89.01248458405944,24.98028618571647,0 89.01248054077202,24.98047481150401,0 89.01247451153169,24.98060411550874,0 89.01243857939474,24.98075241883125,0 89.0124249963218,24.98089579146025,0 89.01241889132612,24.98103413301975,0 89.01238543738896,24.98118245336595,0 89.0123987958747,24.98136498491865,0 89.01245605900908,24.98163367424386,0 89.01249177269288,24.9818107125724,0 89.01258548539239,24.98216776560836,0 89.01266746050371,24.98244566257273,0 89.01274229965435,24.98268736001895,0 89.01280023292752,24.98287528269376,0 89.01287262227902,24.98311357460382,0 89.0129747930358,24.98334755369857,0 89.0130422962757,24.98357733997986,0 89.01308795416244,24.98375105679311,0 89.01311689334366,24.98384840687498,0 89.01323814131695,24.98417345428657,0 89.01327931049882,24.98429065730246,0 89.01333010051201,24.98444351150339,0 89.01342274224261,24.98463110853214,0 89.0134464861908,24.98475722905547,0 89.01346075497781,24.98483019028458,0 89.01349655064696,24.98499762633375,0 89.01353576943717,24.98535035058834,0 89.01354634328098,24.98557014261759,0 89.0135323256532,24.98576604219434,0 89.01350450741577,24.98583250090311,0 89.0134143515189,24.98594315246042,0 89.01337686661184,24.98597960818949,0 89.01322509216499,24.98604747270237,0 89.01312817338068,24.98607674154005,0 89.01301145294094,24.98610248491113,0 89.01287496818497,24.98612018490261,0 89.01274088148162,24.98614750272376,0 89.01255249719809,24.9861462056949,0 89.01238141268783,24.98615124010917,0 89.01218072382764,24.9861391252946,0 89.01205686665621,24.98612867028531,0 89.01193045628507,24.98612723387384,0 89.01175432505359,24.98614296480303,0 89.01159834214167,24.98612042631012,0 89.0113629323,24.9861103299043,0 89.01116971259383,24.98609431214801,0 89.01107055883628,24.98609419284975,0 89.01100115417613,24.98609371376631,0 89.01082517711303,24.98609080512605,0 89.01069624618084,24.98609443456754,0 89.01049558079539,24.98607949334113,0 89.01029481250818,24.98607697779335,0 89.01018571016709,24.98608074327233,0 89.01002186893197,24.98610898341741,0 89.00986779829654,24.98615479974591,0 89.0097431985219,24.98623358075534,0 89.0096481802,24.98633233443772,0 89.00959002695653,24.98646918629352,0 89.00952226507262,24.98656925804265,0 89.00947182058039,24.98667340377086,0 89.00944139970366,24.98675452877668,0 89.00935908417888,24.98681609159138,0 89.00939677097465,24.98705358115614,0 89.00939046043698,24.98721620855214,0 89.00934695366517,24.98738027362766,0 89.00934856285514,24.98748477874046,0 89.00930518339585,24.9876335946192,0 89.00927140872454,24.9878197557608,0 89.00924791619791,24.98796193048882,0 89.00920180878502,24.98814066334988,0 89.0091736869814,24.98824326801417,0 89.00917501409569,24.98838166079551,0 89.00916162375522,24.98850131264073,0 89.00915304990774,24.98863794246776,0 89.00916172457595,24.98878711776374,0 89.00916276506345,24.98895996338889,0 89.0091290893026,24.98913426372064,0 89.009112759422,24.98930924876246,0 89.00910735078507,24.98936343451822,0 89.00909393225176,24.98948647566009,0 89.00907771001758,24.98964846955707,0 89.00905900924062,24.98981044727645,0 89.00904028969232,24.98997468392931,0 89.00903919547429,24.99010628188798,0 89.00902046182328,24.99027221228742,0 89.00899951188708,24.99040649779436,0 89.00898117356751,24.9905249850907,0 89.00896278272145,24.99064968582638,0 89.00896731261967,24.99070111665637,0 89.00901903615575,24.99103924394722,0 89.00906641367091,24.99130391257438,0 89.00909385690336,24.99158086965478,0 89.00909450696469,24.99180059312729,0 89.0090779371569,24.9920043827315,0 89.00905592118795,24.99226687775149,0 89.00900451972282,24.99248567662881,0 89.00894767660724,24.99276261662748,0 89.00886815663682,24.99308345582454,0 89.00879668395898,24.9933309226612,0 89.00875471842657,24.99360739986172,0 89.00873554198368,24.99382642243699,0 89.00871079641028,24.99411883441177,0 89.00870265402517,24.9942035023292,0 89.00868606012629,24.99441011600881,0 89.00869378412409,24.9946733810645,0 89.00871861709705,24.99496613629085,0 89.00877828160196,24.99524388043728,0 89.00882319532073,24.9955068381214,0 89.00889748047642,24.99581518473147,0 89.00895714594692,24.99609292962819,0 89.00901136455293,24.99642937988762,0 89.00905355061848,24.99672225439907,0 89.00913340614413,24.99695721137999,0 89.00923890657694,24.9970895465452,0 89.00938466737068,24.99715042572122,0 89.00945136466859,24.99717912840367,0 89.00959701337594,24.99725356276376,0 89.00972802307317,24.99729965436305,0 89.01000469134381,24.99741905030533,0 89.01018504151779,24.99749428881087,0 89.01026637748672,24.99755133276535,0 89.01037977681183,24.99762836793952,0 89.01060874978602,24.99781916766949,0 89.01073654971491,24.99795334959634,0 89.01082718322857,24.99808501606236,0 89.01087817248525,24.99821414919061,0 89.01089761058509,24.9982617293593,0 89.01092776827804,24.99851102836996,0 89.01093512788852,24.99881891264026,0 89.01093412778862,24.99893921481063,0 89.01093306329227,24.99906742503184,0 89.01096071461873,24.99932009535646,0 89.01102712182005,24.99938381430271,0 89.01111821752954,24.9994601303064,0 89.01117971415881,24.99951816778281,0 89.01124614125639,24.99957962767129,0 89.0112804437495,24.99962843938465,0 89.01136914045199,24.99969513637207,0 89.01142811189773,24.99975880493248,0 89.0115166760563,24.99984131616776,0 89.01155586715588,24.99989863418379,0 89.0115999130514,24.99996841215634,0 89.01164382729112,25.00005400444533,0 89.01167786867082,25.00013444558732,0 89.01173160561648,25.00023140236959,0 89.01176296566453,25.00033611224936,0 89.01178456483947,25.00042211560995,0 89.01179099823131,25.00054303393762,0 89.01184221471112,25.00064505668405,0 89.011863255652,25.00079827181234,0 89.01184469798793,25.00094330574992,0 89.01182165517285,25.00103126087987,0 89.01176601480908,25.00116361277238,0 89.0117103789966,25.00129539946547,0 89.01165238569403,25.00141248517365,0 89.01158981754303,25.0014832224332,0 89.01147546209494,25.00152084325181,0 89.01137851692009,25.00155180542358,0 89.01117506060385,25.0015713006716,0 89.01107556916578,25.00161015281229,0 89.0109909532452,25.00164910793731,0 89.01081697758418,25.00170100177884,0 89.01067767579663,25.00175708836029,0 89.01057328355431,25.00178912840155,0 89.01050327359557,25.00186037932259,0 89.01036128139073,25.00194186473936,0 89.01025185457847,25.00198290714295,0 89.01013997227052,25.00202110740751,0 89.01006728580555,25.00211606260462,0 89.009992731213,25.00213757637732,0 89.00981834556826,25.00223860677908,0 89.00973109467172,25.00229618174215,0 89.00967285385126,25.00244263566042,0 89.00961387665733,25.00267776395245,0 89.00958688705038,25.00294191933174,0 89.00964170300763,25.00320720427358,0 89.00970244880264,25.00335560951191,0 89.00974857543726,25.00347341412136,0 89.00974251768153,25.0036055429479,0 89.00975966362024,25.00392874549616,0 89.00975945599106,25.00425182871571,0 89.00976023526503,25.00445630351808,0 89.00975983583795,25.00450431080045,0 89.00975938500422,25.00455853240014,0 89.00981703744925,25.00478090908072,0 89.00986068498756,25.00489869565875,0 89.00993596012373,25.00508899950079,0 89.01002869688534,25.0052664323488,0 89.01023200581444,25.00556380885341,0 89.01041026995432,25.00589151209023,0 89.01043223956198,25.00593289673492,0 89.01048356966311,25.006021365327,0 89.01058869492996,25.00620001321917,0 89.01071626870331,25.00636243564396,0 89.01083193050336,25.0064665976739,0 89.01099456051368,25.0065874643056,0 89.01117703310119,25.00670733741719,0 89.01131017672338,25.0067963699093,0 89.01142099837054,25.00688637772063,0 89.01145793338625,25.0069171329701,0 89.01157099046848,25.00703652736897,0 89.01164664869164,25.00718108176355,0 89.01175646851645,25.00739195645455,0 89.0118170932716,25.00755561048584,0 89.01192457382781,25.00774952424082,0 89.01206986737036,25.00786857581765,0 89.0121685469214,25.00792799791358,0 89.01235447731489,25.00793040850564,0 89.01245908120197,25.00787351600317,0 89.01261600132834,25.00778648291955,0 89.01272320137464,25.00771548757738,0 89.0128977176102,25.00759920348561,0 89.01308945821155,25.007498854187,0 89.01328132425087,25.00738325374311,0 89.01349029620827,25.00729770767724,0 89.01366444220912,25.00722604244167,0 89.01388828882428,25.00714059769494,0 89.01407991045053,25.00705436596095,0 89.01432395903619,25.00692443846768,0 89.01456763285616,25.00683969365975,0 89.01475653073668,25.00678281381439,0 89.01496241404635,25.00677067297963,0 89.0150987545596,25.00677330363175,0 89.01524973677422,25.00680427694159,0 89.01541498125066,25.00690934109146,0 89.01548122764638,25.00699339152083,0 89.01560379956504,25.00716198787541,0 89.01569950289704,25.00728182453035,0 89.01577501261252,25.00744501488923,0 89.01578395757015,25.00756256212885,0 89.0157777809587,25.00770994073759,0 89.01576900830048,25.00787142294794,0 89.01576791593122,25.00800358633225,0 89.01576904123404,25.00816739522023,0 89.01576014676456,25.00834356224928,0 89.01575710725461,25.0084113211954,0 89.01576863445173,25.00851645945949,0 89.01580258262585,25.00860875997519,0 89.01585142020262,25.00869946835513,0 89.01587006729409,25.00884306365554,0 89.0159233172772,25.00899988800397,0 89.01596373681954,25.00920915352865,0 89.01600664938927,25.009416742224,0 89.01608913228324,25.00963646340417,0 89.01615430282787,25.00985098207134,0 89.01621948756893,25.01006380694877,0 89.01629752066361,25.01022193073957,0 89.01636027802432,25.0104285251944,0 89.01641601303055,25.01058480100086,0 89.01650408986772,25.01072774324144,0 89.01655031433246,25.01083481381484,0 89.01663115527903,25.01095341858607,0 89.0166574654682,25.01106995463774,0 89.01670596392981,25.01120189293371,0 89.01673697224854,25.01135009223195,0 89.01674839397971,25.01146822046881,0 89.01671043946332,25.0115605933986,0 89.01665787569807,25.0116206701731,0 89.01661766225504,25.01168647973462,0 89.01656250701254,25.01176009400717,0 89.01650983068565,25.011833726091,0 89.01641501617368,25.01190593920316,0 89.01627804018383,25.01197955737206,0 89.01618310467758,25.01206645515336,0 89.01613063333514,25.0121152362506,0 89.01607567831157,25.01216456377592,0 89.01595114049138,25.01223318418135,0 89.0158390541375,25.01229511148769,0 89.01576934949627,25.01232908731853,0 89.01564003921115,25.01237508076555,0 89.01553546118639,25.01242858723736,0 89.01549749618626,25.0125220884805,0 89.01539776843111,25.01288854554784,0 89.01538241551542,25.01294605281877,0 89.01530536461517,25.01326860875906,0 89.01532906045954,25.01340150756536,0 89.01536739336954,25.01356331335101,0 89.01550142483087,25.01384608496894,0 89.01564341363951,25.01406621530107,0 89.01571974501627,25.01413056519067,0 89.01583618426613,25.01414209669947,0 89.01603984768596,25.01410000189179,0 89.01615648856256,25.01408724655019,0 89.01632531994062,25.0140595983181,0 89.01644456507314,25.01403160970124,0 89.01663074768226,25.01400464473971,0 89.01676463106149,25.01400556359973,0 89.01691337653295,25.01400827755027,0 89.01710415315955,25.01402540114533,0 89.01715388872439,25.01400766703198,0 89.0173324836486,25.01399872366585,0 89.01760048311716,25.01397231896469,0 89.01784849442292,25.013964416071,0 89.01791794336053,25.01396150257808,0 89.01812534904153,25.01406685188464,0 89.01820137942262,25.0141679128469,0 89.0182454243846,25.01423881854593,0 89.01831086675224,25.0144211429746,0 89.01829169569081,25.01464129664143,0 89.01820842444195,25.01481695502063,0 89.01808682053975,25.01483024339224,0 89.01792295598641,25.01485679800164,0 89.01773688938988,25.01486964412053,0 89.01753570350876,25.01491175821231,0 89.01731728849347,25.01493850282189,0 89.01707879694673,25.01499448144288,0 89.01694467392456,25.01502236826641,0 89.01680522985323,25.01509427553265,0 89.01655845461012,25.01525243106415,0 89.01641617061674,25.01536781122078,0 89.0163063880692,25.01545065323713,0 89.01622435530669,25.01547607245123,0 89.01612009640316,25.01549060808271,0 89.01601824684518,25.01551363198048,0 89.01591890050811,25.01553384952699,0 89.0158023056691,25.0155409565454,0 89.01570301865175,25.01555383111323,0 89.01557404150657,25.01555915865166,0 89.01544756662703,25.01556167981569,0 89.01532355682441,25.01556591155397,0 89.01519713302805,25.01556221911403,0 89.0151029175092,25.0155615718023,0 89.01501863874599,25.01555873416762,0 89.01487729221657,25.01556058711261,0 89.01475827863797,25.01556033441673,0 89.01470121087237,25.0155650258799,0 89.01462674694797,25.01557468079478,0 89.0145546355096,25.01559960262964,0 89.01449972952526,25.01564271719595,0 89.01439017523738,25.01569788288946,0 89.01430300037023,25.01574529485552,0 89.01415629707553,25.01579512125059,0 89.01403715660946,25.01581011709466,0 89.01387349163357,25.01581238075005,0 89.013697316714,25.01582811387577,0 89.01356591023331,25.01582721024612,0 89.01346191790947,25.01580955028713,0 89.01339536867536,25.01576164567739,0 89.01334153430986,25.01567542053444,0 89.01329496489028,25.01561014450305,0 89.01322155341811,25.01549271834012,0 89.0131280729679,25.01540339653531,0 89.01294981266099,25.01537166889701,0 89.01283340960158,25.01535561643014,0 89.01266730234214,25.01535334299767,0 89.01255325722691,25.01535199301704,0 89.01241913348173,25.01537987582801,0 89.01214800854437,25.01548363217277,0 89.01182760497143,25.01554976954072,0 89.01153915175713,25.015650016566,0 89.01126818865571,25.01573400261652,0 89.01104940052392,25.01580535787079,0 89.01079578370778,25.0158905925077,0 89.01060662056879,25.0159774013072,0 89.01037024072373,25.01607687583173,0 89.01018083680374,25.01619248863791,0 89.01004349513727,25.01630902661906,0 89.00990082772913,25.01646958407467,0 89.00981048063019,25.01660000164546,0 89.00978161988917,25.01679071553151,0 89.00977035386633,25.01695274500905,0 89.00977892344534,25.01711491159988,0 89.00980478690406,25.01728454025824,0 89.00976471286673,25.01733283931426,0 89.00975139116478,25.01744401951897,0 89.00974076810779,25.01752867119355,0 89.00973450892668,25.01768508737738,0 89.00976087066381,25.01779484718324,0 89.00979965327836,25.01790186889619,0 89.00983824812853,25.01803148259,0 89.00990451513732,25.01811327543597,0 89.00997569007582,25.01820131659309,0 89.01008159052824,25.01828790226455,0 89.01014818671676,25.0183301601185,0 89.01024708163145,25.01836473291858,0 89.01033347637393,25.01841164557422,0 89.01043729692924,25.01845020585423,0 89.01050897020167,25.01847837699464,0 89.01057819608238,25.01850257752239,0 89.010652447539,25.01851890577658,0 89.01069921285553,25.018560461195,0 89.01079576062216,25.01857920138736,0 89.01086005639696,25.01859997936151,0 89.0109440367424,25.01863896749325,0 89.01105761180256,25.01869736410374,0 89.01117095640467,25.01878343564942,0 89.0112349854589,25.01883640631669,0 89.01134333844423,25.0189263972885,0 89.01143196492677,25.01900326109419,0 89.01159720495482,25.01911058833928,0 89.01174272689052,25.01920365980394,0 89.01182655773229,25.01926072061064,0 89.01187590270983,25.01929043186941,0 89.01193264412429,25.01932527801045,0 89.01202384825203,25.01939029770112,0 89.0120657689461,25.01941826328509,0 89.01217429277295,25.01948792051704,0 89.01230990639189,25.01957979307468,0 89.01247272471001,25.01968032548282,0 89.01263811190337,25.01977014341774,0 89.01278377605703,25.0198462691057,0 89.01296158361195,25.01993334741932,0 89.0131393598234,25.02002437996022,0 89.01324314062187,25.02006802206334,0 89.01342111732563,25.02013476675335,0 89.01352497840381,25.02016880685605,0 89.01362887675384,25.02019832813364,0 89.01373292402512,25.02020977524379,0 89.01392619496339,25.02022635500364,0 89.01407515840265,25.02020365617977,0 89.0142265916232,25.02018210452703,0 89.01437797827117,25.02016620002901,0 89.01455203536045,25.02010752381123,0 89.0147511060279,25.02002247220558,0 89.01493516021053,25.01995426154232,0 89.0151217862538,25.01987477299357,0 89.01532789763158,25.0198377794377,0 89.01543233782007,25.01980178256304,0 89.0155391363115,25.01978048734393,0 89.01560872897034,25.01976063099704,0 89.01572803544633,25.0197258649548,0 89.01590458985793,25.01966494522228,0 89.01604606169528,25.01964840621727,0 89.01614745773819,25.01968073290313,0 89.01625814542666,25.01978881010062,0 89.01636612581062,25.01992454613372,0 89.01647435336341,25.02003034820557,0 89.01658193785848,25.02021409199457,0 89.0166399561806,25.02039467162168,0 89.01670817256746,25.020541431409,0 89.01674176528734,25.02067722233448,0 89.01678741520954,25.02085432804349,0 89.01680609876951,25.02099397016505,0 89.01687441876948,25.02112830485845,0 89.0169398950529,25.02130667608398,0 89.01700274300967,25.02150310443495,0 89.01705892175727,25.02160628938787,0 89.017117608584,25.02170610282339,0 89.01717879883073,25.02180310811445,0 89.01725994968521,25.02188500039781,0 89.01734363279334,25.02196069702337,0 89.01742504077305,25.02201152498089,0 89.01755846737076,25.02206892279149,0 89.01768960025828,25.02210371078651,0 89.01778864465635,25.02212077024311,0 89.01792006686456,25.02212054025561,0 89.01806890182549,25.02211365156562,0 89.01820294313363,25.02209649541486,0 89.01830946773839,25.02210852124114,0 89.01843852649696,25.02209415432383,0 89.01855500217823,25.02210229391086,0 89.01868630396575,25.02211674891733,0 89.01878506873878,25.02216769509652,0 89.01883402565592,25.02224484746144,0 89.01891525288546,25.02231770126177,0 89.01899898816447,25.02238718439542,0 89.01908791886864,25.02242789594854,0 89.01910449373895,25.02252290120456,0 89.01917088227682,25.02259113580707,0 89.0191749334334,25.02270130579149,0 89.01910182285728,25.02284709748822,0 89.01906117789184,25.02296487012639,0 89.018987820794,25.02314059650334,0 89.01896738335945,25.02321332027725,0 89.01890901423546,25.02337559341697,0 89.0188538973794,25.0234441256593,0 89.01869425871074,25.02355825991184,0 89.01863940650324,25.02359459844265,0 89.01855173341367,25.0237018816804,0 89.0184348282702,25.02374570362795,0 89.0182530314124,25.02384048116177,0 89.01797230978873,25.0239035145356,0 89.01775569549955,25.0240104792165,0 89.01752172070861,25.02411788964262,0 89.01728747466504,25.02425805767595,0 89.01708808117741,25.02438152002299,0 89.01697081580301,25.02446883005988,0 89.01681869609649,25.02457284622689,0 89.01673363077639,25.02466433117558,0 89.01659876515984,25.02478089221565,0 89.01644373213642,25.02493741779191,0 89.01630897264084,25.02504098755971,0 89.01617162232678,25.02515809562338,0 89.01603448156482,25.02524978756065,0 89.01593206782725,25.02534002335493,0 89.01574231426926,25.02549687486936,0 89.01549724350191,25.02574597871676,0 89.01527243796069,25.02594325700511,0 89.0151173868783,25.02610147602508,0 89.01504212579222,25.02620658316713,0 89.01497952496103,25.02628014639903,0 89.0149393369326,25.0263420022049,0 89.01486390267598,25.02646800655307,0 89.01482606006513,25.02654625868292,0 89.01470714467693,25.02683237753524,0 89.01459826402889,25.02710444443855,0 89.01450683847114,25.02736477003835,0 89.01446846631407,25.02750684432183,0 89.01438306633355,25.02763842893842,0 89.01428060761539,25.02773374678817,0 89.01413358992254,25.02781972035584,0 89.01386995602097,25.02791393038115,0 89.01374383765673,25.0278718294986,0 89.0136499727396,25.02782769173104,0 89.01357829424356,25.02779952160778,0 89.01342753372936,25.02773861257744,0 89.01333357596413,25.02770577010503,0 89.01323702997729,25.02768590169092,0 89.01302894036387,25.0276607467921,0 89.01279131047801,25.02760940500675,0 89.01263014526347,25.02760716650274,0 89.0124864693687,25.02758923141919,0 89.01227536584503,25.02762844593801,0 89.01215113670725,25.02765752666843,0 89.01204926700534,25.0276816779444,0 89.01186772192644,25.02774481792161,0 89.01175315345286,25.02780503051628,0 89.01166584144175,25.02786769057062,0 89.01153616098183,25.02795604037788,0 89.01146134607768,25.02800692452535,0 89.01138139808768,25.02807867288231,0 89.01130891218214,25.02814764715647,0 89.0110595624182,25.02831311944755,0 89.01094454705053,25.02842698771611,0 89.01078239166061,25.02854391955496,0 89.01058528077472,25.02868941681843,0 89.01045045611315,25.02879975945829,0 89.01040802090502,25.02883335611608,0 89.01024304523634,25.02899093652244,0 89.01011248396529,25.02918490308635,0 89.01001189485724,25.02935309509384,0 89.00997894996927,25.02943815701773,0 89.00994341272632,25.02953675818978,0 89.00990939769352,25.02975059601475,0 89.00990671567602,25.02977486472017,0 89.00992081864793,25.02986816055147,0 89.00993152529206,25.03007157509964,0 89.00997700009975,25.03026901613663,0 89.00999077822479,25.03040128248921,0 89.01003445454084,25.03051681095418,0 89.01008015936563,25.03068657693894,0 89.01016966126801,25.03095718560082,0 89.0101889829307,25.03101945108538,0 89.01016069130067,25.03114126046815,0 89.01013481931489,25.03127042879453,0 89.01011890774757,25.03139458300931,0 89.01010311378489,25.03150461668035,0 89.01005737107769,25.03163760163695,0 89.01005373596772,25.03177652658586,0 89.01003780094801,25.03190350399631,0 89.01001210237226,25.03201177499449,0 89.01001111656808,25.03213038390248,0 89.01001281177952,25.03222472321786,0 89.01003944479942,25.03230228973273,0 89.01005376389836,25.03236960335236,0 89.0100978489801,25.03243599334494,0 89.01012705580263,25.03250228131036,0 89.01016856262463,25.03258051498318,0 89.0102174620196,25.03266444785146,0 89.01025418276033,25.03272174928523,0 89.0103081026985,25.03279837415822,0 89.01036213097726,25.0328620088326,0 89.0104013602258,25.03291593882485,0 89.01045048478554,25.03297276179995,0 89.0105094346966,25.03304094825592,0 89.01056594258907,25.03310459984028,0 89.01064217484605,25.03318194360519,0 89.01072834544463,25.03325709635672,0 89.01081708511957,25.03332153479641,0 89.01089852650915,25.03336897757537,0 89.01095288828441,25.03339251113615,0 89.01104190415488,25.03342362625151,0 89.01112604145713,25.03344510464547,0 89.01121270947269,25.03346038839292,0 89.01126221037305,25.03347202626382,0 89.01136883412319,25.03347332613741,0 89.0114382431718,25.03347662927681,0 89.01154726147334,25.03348811206801,0 89.0116536932577,25.033512568853,0 89.01174775865266,25.03353298623027,0 89.0118417765152,25.03355905176501,0 89.01193320324526,25.03359865559478,0 89.01201220771138,25.03364099772462,0 89.01211622080785,25.03365809434334,0 89.01219553926751,25.03366259445418,0 89.01226258071642,25.03365232399745,0 89.01238925794792,25.03362777943407,0 89.01246633533208,25.03360345712147,0 89.01254083454998,25.03359097850599,0 89.01274619792196,25.03364718162187,0 89.01300100577045,25.03372179939207,0 89.01325299766545,25.03383706574981,0 89.01344806345601,25.03393894817455,0 89.01352214598003,25.033976736827,0 89.01367490740897,25.03409640314501,0 89.01374142434778,25.0341493899266,0 89.0139456807557,25.03433944992399,0 89.01399966407617,25.03440873041339,0 89.01413222274211,25.03457231508666,0 89.01422504087435,25.03474353313715,0 89.01433297576096,25.0348860483009,0 89.01438692804018,25.03495928306351,0 89.01445558880485,25.03505295327476,0 89.01454872092748,25.03518632919421,0 89.01460843837211,25.03546181411928,0 89.01466543225638,25.03576665255151,0 89.01467497758931,25.03581190494287,0 89.01468694666036,25.03586395191453,0 89.01472273588978,25.03603421333629,0 89.01476862246821,25.036183079972,0 89.01481208542204,25.0363251520057,0 89.01486959961876,25.03656729668669,0 89.01488151218544,25.03662612219842,0 89.01490539402535,25.03673699374275,0 89.01492925270691,25.03685068937678,0 89.01497150502145,25.03713904573199,0 89.01497772041373,25.03728707550647,0 89.01498171726431,25.03740345899416,0 89.01503854988253,25.03772806488678,0 89.01507787954871,25.03807006030871,0 89.01511640538716,25.03850920272235,0 89.01513007358233,25.03865558855659,0 89.01520695166229,25.03895547965023,0 89.01525308243201,25.0390749764422,0 89.01528666062332,25.03921302699606,0 89.01542415721197,25.03967996057618,0 89.01551460863338,25.03983817123222,0 89.01561366263131,25.04015572385245,0 89.01576145023803,25.04057810594433,0 89.01620761665403,25.04150693250698,0 89.01613788960367,25.04154147461877,0 89.01602854573734,25.04156840088356,0 89.01592899029473,25.04161121067705,0 89.01580983467821,25.04162507817771,0 89.01568076806049,25.0416377485458,0 89.01556173296984,25.04163693199903,0 89.01544258555315,25.04164966976472,0 89.01533323213712,25.0416777258927,0 89.01521408465862,25.04169046438139,0 89.01504971034647,25.04177406065469,0 89.01492510307914,25.04184719791544,0 89.01481503432723,25.04196166856216,0 89.01471535177602,25.0420197266359,0 89.0145659685284,25.04208987038636,0 89.01448613463974,25.04214693508224,0 89.01433685786161,25.04220408669096,0 89.0142472308372,25.0422458336314,0 89.01407811982428,25.04230228443725,0 89.01398836158774,25.04235984546577,0 89.01389861156693,25.04241627699993,0 89.0137890181355,25.04247313642709,0 89.01368946208481,25.04251594479436,0 89.01357986846004,25.04257280407793,0 89.01345031788023,25.0426436474225,0 89.01333043919048,25.04274449313722,0 89.01325036990319,25.04282979732869,0 89.01307061734974,25.04297315852818,0 89.0130331328709,25.04300735520454,0 89.01301539418535,25.04305298560309,0 89.01284102167381,25.0431455484431,0 89.01266151097427,25.04325953874298,0 89.01255239454201,25.04325878765424,0 89.01237384393214,25.04325699309648,0 89.01223521684084,25.04322610270467,0 89.01203718772717,25.04318068112777,0 89.01190848017576,25.04314985825037,0 89.01177965067153,25.04313372004705,0 89.01157891214203,25.0431159567178,0 89.01132408043529,25.04304190112852,0 89.01112605752438,25.04299591400355,0 89.01099722823419,25.04297977510438,0 89.01072988896344,25.04291862374314,0 89.01063093641373,25.04288856954548,0 89.01040278827476,25.04288643024801,0 89.0101448912948,25.04288295636358,0 89.00997589942436,25.04292471786045,0 89.009806550994,25.04300940320483,0 89.00971678908635,25.04306696181495,0 89.00962702341056,25.04312508464113,0 89.00949711322167,25.04323884964873,0 89.00949614531628,25.04335519951415,0 89.00952481344157,25.04348643907909,0 89.00957368834452,25.0435737620013,0 89.00962243638497,25.04367633398413,0 89.00971050690946,25.0438221046075,0 89.00975435189999,25.0439178648685,0 89.00965921667894,25.04402509119198,0 89.00944122573003,25.04399421500815,0 89.00932255955873,25.04394877309928,0 89.00923376118085,25.04389054586223,0 89.00910506272895,25.04385859109847,0 89.00899643491996,25.04379909729658,0 89.00886807933922,25.04372591200959,0 89.00878921111571,25.04366662394968,0 89.00867041843176,25.04363643147419,0 89.00845279551012,25.04356149844292,0 89.00832420595705,25.04351655189503,0 89.00819538096663,25.04349984539419,0 89.00809654153214,25.04345623414723,0 89.00798767428577,25.04342554490116,0 89.00782920791492,25.04339451234446,0 89.00770037375432,25.04337893576553,0 89.007452512737,25.04336140484327,0 89.00724444837225,25.04333002826362,0 89.00695714923043,25.04328341764407,0 89.00676891926233,25.04325274280486,0 89.00663997302946,25.04325071973341,0 89.00651607491794,25.04323800031605,0 89.00632279696146,25.04321802203694,0 89.00617400053919,25.04321699071789,0 89.00601529503989,25.04321476154108,0 89.00589626824849,25.04321280695566,0 89.00552924301887,25.04320969759167,0 89.00527134484975,25.04320621437038,0 89.005112389007,25.04323391817382,0 89.00469529373294,25.04328694298767,0 89.00441681443273,25.04337199495619,0 89.00425750348302,25.04344205864233,0 89.00412781942906,25.04352814333906,0 89.00399813987374,25.04361366274992,0 89.00389080315477,25.04369651268123,0 89.00374844908112,25.04381470451066,0 89.00358840964037,25.04397174711202,0 89.0034682750827,25.04410195511271,0 89.00335855179789,25.04417349115978,0 89.00315847257937,25.04437318300248,0 89.00296670794633,25.04476441121058,0 89.00278779659632,25.04480553029644,0 89.00268786878924,25.04489182009422,0 89.0025584376549,25.04494740350565,0 89.00242899231044,25.04500468145805,0 89.00231963227611,25.04503272745317,0 89.0022276937987,25.0450535521259,0 89.00209099714195,25.04508818554152,0 89.00197195896477,25.045087357382,0 89.00186296825933,25.04507134849626,0 89.00175384967802,25.04507058866187,0 89.00162514301284,25.04503975682381,0 89.00146667662047,25.04500871749633,0 89.00134764787822,25.04500675846413,0 89.00105054511842,25.04494594650948,0 89.00088191176911,25.04494420681159,0 89.00077279326733,25.0449434471511,0 89.00064372164826,25.04495610383434,0 89.00053497783287,25.04491072423383,0 89.00043833114417,25.04490157770036,0 89.00037637902618,25.04489549804115,0 89.00017848513478,25.04483424528912,0 89.00004964620011,25.04481922637332,0 88.99994077928729,25.04478853118047,0 88.99978231351304,25.04475749000731,0 88.99966352712002,25.04472672505811,0 88.99955477910234,25.0446819089846,0 88.99946599006027,25.0446231113605,0 88.99929845899831,25.04449033547449,0 88.99921995084445,25.0443886821189,0 88.99919093218848,25.04430036505645,0 88.99918199025649,25.04418394688533,0 88.9991832158571,25.04403822673905,0 88.99918418505935,25.04392300760351,0 88.9991758559909,25.0437337284454,0 88.99917707595191,25.04358857439067,0 88.99917854391896,25.04341404967321,0 88.99917964039064,25.04328358048544,0 88.99918049554348,25.04318191584347,0 88.99915183838496,25.04305067358723,0 88.99914277315045,25.04294894026077,0 88.99914387537518,25.04281790496346,0 88.99906501207435,25.04275861230576,0 88.99888645843195,25.04275736572088,0 88.99870778964653,25.04276967434478,0 88.9985493220107,25.04273919685156,0 88.99831186791273,25.04266411007546,0 88.99821292368439,25.04263348219963,0 88.99811409372199,25.04258929974293,0 88.99802542955017,25.04251581623747,0 88.99792685178942,25.04244169869653,0 88.99782839212189,25.04235346139698,0 88.99774965339098,25.04227948219312,0 88.99767102429961,25.04219251270787,0 88.99761260991379,25.04206106183897,0 88.99755443839338,25.04190080725329,0 88.99748883669785,25.04173936975591,0 88.99744814832337,25.04156455063147,0 88.99744912401705,25.04144876618733,0 88.99742071098649,25.04128871885196,0 88.99742266619018,25.04105658478005,0 88.9974235276449,25.04095435574862,0 88.99742437865471,25.04085325529366,0 88.9973767366087,25.04062077440526,0 88.99738776014799,25.04048980959658,0 88.99738922996572,25.04031528558973,0 88.99736020905748,25.04022753316807,0 88.99733142626187,25.04011154042388,0 88.99728281356393,25.03999427964784,0 88.99726383106848,25.0398924763214,0 88.99710622448137,25.03976033224592,0 88.99692731779091,25.03980144396484,0 88.996817961723,25.03982948570307,0 88.99660929719606,25.03987038864799,0 88.99650986017653,25.03989849904556,0 88.99633131521318,25.03989668484598,0 88.99622196735932,25.03992359670409,0 88.99609276784122,25.03995206439705,0 88.99596345278799,25.03999408652352,0 88.99585384841349,25.04005149737517,0 88.99580352186071,25.04013756477915,0 88.99578282528105,25.04023909084632,0 88.9957620141769,25.04035417144109,0 88.99571106398348,25.04051422849494,0 88.99567995693837,25.04067385912872,0 88.99563930240858,25.04078936611912,0 88.99563844418658,25.04089103004864,0 88.99560770886666,25.04100660687429,0 88.99558664014675,25.04115218671887,0 88.99555615165828,25.04123839375074,0 88.99555529438283,25.04134005766515,0 88.99553447350756,25.04145626860699,0 88.99550361874758,25.04158596513196,0 88.99546319655443,25.04167379605411,0 88.99543270886649,25.04176000305495,0 88.99538164701254,25.0419330502898,0 88.99526200202635,25.0420045106759,0 88.99512776318487,25.04204197895421,0 88.99499344756389,25.04208848467814,0 88.99486412513517,25.0421310702801,0 88.99476456181223,25.04217386544384,0 88.99457535532035,25.04225952367041,0 88.99440624404676,25.04231482223937,0 88.99426651005157,25.04241551277235,0 88.99416658338158,25.04250123190984,0 88.99406665184216,25.04258751617314,0 88.99395705372261,25.04264379543165,0 88.99388700539842,25.04271560359483,0 88.99377788950792,25.042714837751,0 88.99362885022825,25.04274259843219,0 88.99344038621605,25.04274014675837,0 88.99319203654144,25.04278076625418,0 88.99308391451481,25.04266252149896,0 88.99297504141913,25.04263295043229,0 88.99285650319096,25.04257337423503,0 88.99276759911109,25.04252869292925,0 88.99261954566595,25.04244010362141,0 88.99249120220162,25.04236690254018,0 88.99241271037059,25.04226411565666,0 88.99232405533792,25.04219006422126,0 88.99224543941597,25.04210196215138,0 88.99212690204195,25.04204238621673,0 88.99195802902238,25.04206944167302,0 88.99180874689897,25.04212600515233,0 88.99172890250824,25.04218305734677,0 88.99160937463301,25.04224039519444,0 88.99149977555295,25.04229667269124,0 88.99140009105966,25.0423535854166,0 88.99127076688438,25.04239616798025,0 88.99117108219676,25.04245308056258,0 88.99096466142325,25.0425211032594,0 88.99088244126199,25.0425657117468,0 88.99077283204171,25.04262311911543,0 88.99058364924203,25.04270538316316,0 88.99051382412411,25.04275064322139,0 88.99033490561266,25.04279231166687,0 88.99023521537711,25.04284978794812,0 88.99013578374131,25.04287676483304,0 88.98994681703012,25.04293361273666,0 88.98974781927099,25.04300338047667,0 88.98964088568714,25.04303764706527,0 88.9895936374613,25.04305256517645,0 88.98945917557725,25.04311600904503,0 88.98935972925403,25.04314468009015,0 88.98904193938675,25.04318480282872,0 88.988763836831,25.04322407568791,0 88.9886049969306,25.04323764137296,0 88.98841653276253,25.04323518244509,0 88.98795999561845,25.04325907378717,0 88.9878307902012,25.04328753370777,0 88.98770184399389,25.04328549325086,0 88.98748337032183,25.04331219287243,0 88.98733432943222,25.04333994734985,0 88.98712602975064,25.04333678265297,0 88.98699707393389,25.04333587196064,0 88.98688796670001,25.04333397161116,0 88.98676893039051,25.04333313023149,0 88.98664022835757,25.04330228504873,0 88.98635256192877,25.04329968708426,0 88.9860448205789,25.04332462378057,0 88.9859357037694,25.04332385220192,0 88.98585585469824,25.04338090145702,0 88.98578518496596,25.04352499962659,0 88.98573422431258,25.04368448799473,0 88.98570347903119,25.04380006244187,0 88.98567297816089,25.04388683126385,0 88.98563243255586,25.04398821544886,0 88.98555208816248,25.04410343920986,0 88.98550101143449,25.044276483007,0 88.98543045543749,25.04440702557408,0 88.98538011500273,25.04449365424002,0 88.98531948896733,25.04462313869126,0 88.98518953510582,25.04473914011043,0 88.98511824659629,25.04495553338037,0 88.98495903774683,25.04501201983419,0 88.98485922835832,25.04508304823023,0 88.98477936809326,25.04514122556441,0 88.9846993930778,25.04521295833725,0 88.98457912059686,25.04535670602106,0 88.98454849814662,25.04545759444357,0 88.98450808217883,25.04554372822506,0 88.98446729898588,25.04567278743078,0 88.98444694798958,25.04573251654582,0 88.98440628037562,25.04584802024806,0 88.98434601415492,25.04593514324822,0 88.98427496934168,25.04612273057013,0 88.98425426727533,25.04622369041259,0 88.98422376966228,25.04630989382215,0 88.98417255551036,25.04649875172213,0 88.98410175118258,25.04665809942997,0 88.98409095816666,25.04676025842359,0 88.98405028994367,25.04687576205467,0 88.98401979306239,25.04696196632322,0 88.98396932917717,25.0470627143982,0 88.98396821108376,25.04719374960727,0 88.98396721348847,25.04731066323253,0 88.98396638901266,25.04740724452826,0 88.98396573286439,25.04748405778023,0 88.98394415711975,25.0476872471647,0 88.9839425464161,25.04787589095476,0 88.98392121641021,25.04805027469085,0 88.98388067298595,25.04815109332914,0 88.98385004466715,25.04825254773991,0 88.98380932322485,25.04837426387845,0 88.98376858158908,25.04849823896755,0 88.98371773623944,25.04864360706725,0 88.98363726572676,25.04877294981008,0 88.98351611619132,25.04901892551792,0 88.98344581214202,25.04911953313209,0 88.98339546759,25.04920616129059,0 88.98331511696648,25.04932138321303,0 88.98325460726751,25.04943674634109,0 88.98321447249799,25.04948955633916,0 88.98315428513139,25.04956707710331,0 88.98308385890036,25.04968180436776,0 88.98300388009153,25.04975353733012,0 88.98292377478529,25.04983995433166,0 88.98288335065295,25.04992665207951,0 88.98280300390334,25.05004130948724,0 88.98276541651559,25.05008622959818,0 88.98269276073475,25.05017157023595,0 88.98257298410226,25.0502565758568,0 88.98246310727485,25.05034391102517,0 88.98238326170842,25.05039982836405,0 88.98222676668165,25.05042808932462,0 88.98210525207567,25.0504260977141,0 88.98196637798731,25.05042398203025,0 88.98173846233054,25.0503929928971,0 88.98163951124369,25.05036291840281,0 88.98150100333528,25.05031787774299,0 88.98135257639534,25.05027276618471,0 88.98124320679563,25.05030079629829,0 88.98113546147687,25.05013905199076,0 88.9810366363526,25.05009429299612,0 88.98087878750206,25.04999093543322,0 88.98078008244117,25.04993205557249,0 88.98069142421365,25.04985856144207,0 88.98057325724177,25.0497554866827,0 88.98051436425321,25.04968163875022,0 88.98043550552252,25.04962233504739,0 88.980258431884,25.04944710666429,0 88.97997138485374,25.04937050616881,0 88.9798420497924,25.04941307941862,0 88.97973242893612,25.04947047746949,0 88.97961290232199,25.04952611081503,0 88.97934418458611,25.04962586982956,0 88.97924461881054,25.04966752396557,0 88.9790950740345,25.04975288032199,0 88.9789656123362,25.04981013693886,0 88.97885586862112,25.04988165510594,0 88.9786966559907,25.0499375701715,0 88.97852079889778,25.04990977045706,0 88.97840972968082,25.04984684686358,0 88.97826155615078,25.04977236301553,0 88.97808349557474,25.04971235110825,0 88.9779054361494,25.04965233896302,0 88.97779669236671,25.04960750672816,0 88.97760895941441,25.04951861841607,0 88.97751001466928,25.04948797677353,0 88.97729227458386,25.04942768162291,0 88.97704490543137,25.04935192372294,0 88.97683658129414,25.04935043804193,0 88.9766580375462,25.04934690450573,0 88.97648914126027,25.04937507081771,0 88.97636006194612,25.04938770589778,0 88.97621101144978,25.04941544887263,0 88.97608167379531,25.0494580180381,0 88.97587261119399,25.04954238123602,0 88.97561357767924,25.04966931405913,0 88.97545410518764,25.04975516005121,0 88.97528459087674,25.04985505545591,0 88.97518451705649,25.04995544613863,0 
								</coordinates>
							</LinearRing>
						</outerBoundaryIs>
					</Polygon>
				</MultiGeometry>
			</Placemark>
		</Folder>
	</Folder>
</Document>
</kml>
